split,policy,attack_scope,configuration,method,model,threshold,rows,positives,contextual_negatives,tn,fp,fn,tp,precision,recall_sensitivity,specificity,npv,f1,balanced_accuracy,mcc,false_positive_rate,predicted_positive_rate
estresse_pre_dencun_2024,strict,all,a_completa,AE,AE:a_completa,q990,906,595,311,303,8,586,9,0.5294117647058824,0.015126050420168067,0.9742765273311897,0.3408323959505062,0.029411764705882356,0.4947012888756789,-0.037082036335013134,0.025723472668810254,0.018763796909492272
estresse_pre_dencun_2024,strict,all,a_completa,AE,AE:a_completa,q995,906,595,311,311,0,593,2,1.0,0.0033613445378151263,1.0,0.3440265486725664,0.006700167504187605,0.5016806722689076,0.03400576069203453,0.0,0.002207505518763797
estresse_pre_dencun_2024,strict,all,a_completa,AE,AE:a_completa,q999,906,595,311,311,0,594,1,1.0,0.0016806722689075631,1.0,0.343646408839779,0.0033557046979865775,0.5008403361344538,0.024032415393519798,0.0,0.0011037527593818985
estresse_pre_dencun_2024,strict,insertion,a_completa,AE,AE:a_completa,q990,854,569,285,284,1,560,9,0.9,0.015817223198594025,0.9964912280701754,0.33649289099526064,0.031088082901554407,0.5061542256343847,0.05395239776159698,0.0035087719298245723,0.0117096018735363
estresse_pre_dencun_2024,strict,insertion,a_completa,AE,AE:a_completa,q995,854,569,285,285,0,567,2,1.0,0.0035149384885764497,1.0,0.3345070422535211,0.0070052539404553416,0.5017574692442882,0.0342895272279565,0.0,0.00234192037470726
estresse_pre_dencun_2024,strict,insertion,a_completa,AE,AE:a_completa,q999,854,569,285,285,0,568,1,1.0,0.0017574692442882249,1.0,0.33411488862837047,0.003508771929824561,0.5008787346221442,0.024232140657051877,0.0,0.00117096018735363
estresse_pre_dencun_2024,strict,displacement,a_completa,AE,AE:a_completa,q990,52,26,26,19,7,26,0,0.0,0.0,0.7307692307692307,0.4222222222222222,0.0,0.36538461538461536,-0.3944053188733077,0.2692307692307693,0.1346153846153846
estresse_pre_dencun_2024,strict,displacement,a_completa,AE,AE:a_completa,q995,52,26,26,26,0,26,0,0.0,0.0,1.0,0.5,0.0,0.5,0.0,0.0,0.0
estresse_pre_dencun_2024,strict,displacement,a_completa,AE,AE:a_completa,q999,52,26,26,26,0,26,0,0.0,0.0,1.0,0.5,0.0,0.5,0.0,0.0,0.0
estresse_pre_dencun_2024,sensitivity,all,a_completa,AE,AE:a_completa,q990,2246,1265,981,969,12,1249,16,0.5714285714285714,0.012648221343873518,0.9877675840978594,0.4368800721370604,0.024748646558391336,0.5002079027208665,0.0018587036364112242,0.012232415902140636,0.012466607301869992
estresse_pre_dencun_2024,sensitivity,all,a_completa,AE,AE:a_completa,q995,2246,1265,981,977,4,1257,8,0.6666666666666666,0.006324110671936759,0.9959225280326198,0.43733213965980305,0.012529365700861394,0.5011233193522783,0.015285540341143518,0.004077471967380175,0.005342831700801425
estresse_pre_dencun_2024,sensitivity,all,a_completa,AE,AE:a_completa,q999,2246,1265,981,981,0,1264,1,1.0,0.0007905138339920949,1.0,0.43697104677060133,0.001579778830963665,0.500395256916996,0.018585791818649187,0.0,0.0004452359750667854
estresse_pre_dencun_2024,sensitivity,insertion,a_completa,AE,AE:a_completa,q990,854,569,285,284,1,560,9,0.9,0.015817223198594025,0.9964912280701754,0.33649289099526064,0.031088082901554407,0.5061542256343847,0.05395239776159698,0.0035087719298245723,0.0117096018735363
estresse_pre_dencun_2024,sensitivity,insertion,a_completa,AE,AE:a_completa,q995,854,569,285,285,0,567,2,1.0,0.0035149384885764497,1.0,0.3345070422535211,0.0070052539404553416,0.5017574692442882,0.0342895272279565,0.0,0.00234192037470726
estresse_pre_dencun_2024,sensitivity,insertion,a_completa,AE,AE:a_completa,q999,854,569,285,285,0,568,1,1.0,0.0017574692442882249,1.0,0.33411488862837047,0.003508771929824561,0.5008787346221442,0.024232140657051877,0.0,0.00117096018735363
estresse_pre_dencun_2024,sensitivity,displacement,a_completa,AE,AE:a_completa,q990,1392,696,696,685,11,689,7,0.3888888888888889,0.010057471264367816,0.9841954022988506,0.4985443959243086,0.0196078431372549,0.4971264367816092,-0.02543491979055052,0.015804597701149392,0.01293103448275862
estresse_pre_dencun_2024,sensitivity,displacement,a_completa,AE,AE:a_completa,q995,1392,696,696,692,4,690,6,0.6,0.008620689655172414,0.9942528735632183,0.5007235890014472,0.0169971671388102,0.5014367816091954,0.01701280695766784,0.005747126436781658,0.007183908045977011
estresse_pre_dencun_2024,sensitivity,displacement,a_completa,AE,AE:a_completa,q999,1392,696,696,696,0,696,0,0.0,0.0,1.0,0.5,0.0,0.5,0.0,0.0,0.0
estresse_pre_dencun_2024,strict,all,a_completa,IF,IF:a_completa,q990,906,595,311,294,17,530,65,0.7926829268292683,0.1092436974789916,0.9453376205787781,0.3567961165048544,0.19202363367799113,0.5272906590288848,0.09032587230240788,0.054662379421221874,0.09050772626931568
estresse_pre_dencun_2024,strict,all,a_completa,IF,IF:a_completa,q995,906,595,311,302,9,558,37,0.8043478260869565,0.06218487394957983,0.9710610932475884,0.3511627906976744,0.11544461778471139,0.516622983598584,0.07190341344076262,0.02893890675241162,0.05077262693156733
estresse_pre_dencun_2024,strict,all,a_completa,IF,IF:a_completa,q999,906,595,311,310,1,582,13,0.9285714285714286,0.021848739495798318,0.9967845659163987,0.3475336322869955,0.04269293924466338,0.5093166527060985,0.07172691213783196,0.003215434083601254,0.01545253863134658
estresse_pre_dencun_2024,strict,insertion,a_completa,IF,IF:a_completa,q990,854,569,285,285,0,504,65,1.0,0.11423550087873462,1.0,0.3612167300380228,0.20504731861198738,0.5571177504393673,0.20313486673063344,0.0,0.07611241217798595
estresse_pre_dencun_2024,strict,insertion,a_completa,IF,IF:a_completa,q995,854,569,285,285,0,532,37,1.0,0.06502636203866433,1.0,0.3488372093023256,0.1221122112211221,0.5325131810193322,0.15061080527190054,0.0,0.04332552693208431
estresse_pre_dencun_2024,strict,insertion,a_completa,IF,IF:a_completa,q999,854,569,285,285,0,556,13,1.0,0.022847100175746926,1.0,0.3388822829964328,0.04467353951890035,0.5114235500878734,0.08799134882137742,0.0,0.01522248243559719
estresse_pre_dencun_2024,strict,displacement,a_completa,IF,IF:a_completa,q990,52,26,26,9,17,26,0,0.0,0.0,0.34615384615384615,0.2571428571428571,0.0,0.17307692307692307,-0.6969320524371695,0.6538461538461539,0.3269230769230769
estresse_pre_dencun_2024,strict,displacement,a_completa,IF,IF:a_completa,q995,52,26,26,17,9,26,0,0.0,0.0,0.6538461538461539,0.3953488372093023,0.0,0.3269230769230769,-0.457495710997814,0.34615384615384615,0.17307692307692307
estresse_pre_dencun_2024,strict,displacement,a_completa,IF,IF:a_completa,q999,52,26,26,25,1,26,0,0.0,0.0,0.9615384615384616,0.49019607843137253,0.0,0.4807692307692308,-0.14002800840280097,0.038461538461538436,0.019230769230769232
estresse_pre_dencun_2024,sensitivity,all,a_completa,IF,IF:a_completa,q990,2246,1265,981,959,22,1191,74,0.7708333333333334,0.05849802371541502,0.9775739041794088,0.446046511627907,0.10874357090374724,0.5180359639474119,0.08844927432874972,0.022426095820591185,0.0427426536064114
estresse_pre_dencun_2024,sensitivity,all,a_completa,IF,IF:a_completa,q995,2246,1265,981,968,13,1222,43,0.7678571428571429,0.03399209486166008,0.9867482161060143,0.4420091324200913,0.06510219530658591,0.5103701554838371,0.06597493320100736,0.013251783893985736,0.024933214603739984
estresse_pre_dencun_2024,sensitivity,all,a_completa,IF,IF:a_completa,q999,2246,1265,981,980,1,1251,14,0.9333333333333333,0.011067193675889328,0.9989806320081549,0.4392649036306589,0.021875000000000002,0.5050239128420221,0.06118661728839416,0.0010193679918450993,0.006678539626001781
estresse_pre_dencun_2024,sensitivity,insertion,a_completa,IF,IF:a_completa,q990,854,569,285,285,0,504,65,1.0,0.11423550087873462,1.0,0.3612167300380228,0.20504731861198738,0.5571177504393673,0.20313486673063344,0.0,0.07611241217798595
estresse_pre_dencun_2024,sensitivity,insertion,a_completa,IF,IF:a_completa,q995,854,569,285,285,0,532,37,1.0,0.06502636203866433,1.0,0.3488372093023256,0.1221122112211221,0.5325131810193322,0.15061080527190054,0.0,0.04332552693208431
estresse_pre_dencun_2024,sensitivity,insertion,a_completa,IF,IF:a_completa,q999,854,569,285,285,0,556,13,1.0,0.022847100175746926,1.0,0.3388822829964328,0.04467353951890035,0.5114235500878734,0.08799134882137742,0.0,0.01522248243559719
estresse_pre_dencun_2024,sensitivity,displacement,a_completa,IF,IF:a_completa,q990,1392,696,696,674,22,687,9,0.2903225806451613,0.01293103448275862,0.9683908045977011,0.4952240999265246,0.024759284731774415,0.4906609195402299,-0.06328975912429761,0.031609195402298895,0.022270114942528736
estresse_pre_dencun_2024,sensitivity,displacement,a_completa,IF,IF:a_completa,q995,1392,696,696,683,13,690,6,0.3157894736842105,0.008620689655172414,0.9813218390804598,0.49745083758193737,0.016783216783216783,0.4949712643678161,-0.04333970699927487,0.01867816091954022,0.013649425287356323
estresse_pre_dencun_2024,sensitivity,displacement,a_completa,IF,IF:a_completa,q999,1392,696,696,695,1,695,1,0.5,0.0014367816091954023,0.9985632183908046,0.5,0.002865329512893983,0.5,0.0,0.001436781609195359,0.0014367816091954023
estresse_pre_dencun_2024,strict,all,b_completa,AE,AE:b_completa,q990,906,595,311,310,1,585,10,0.9090909090909091,0.01680672268907563,0.9967845659163987,0.3463687150837989,0.033003300330033,0.5067956443027372,0.05892389565536606,0.003215434083601254,0.012141280353200883
estresse_pre_dencun_2024,strict,all,b_completa,AE,AE:b_completa,q995,906,595,311,310,1,590,5,0.8333333333333334,0.008403361344537815,0.9967845659163987,0.34444444444444444,0.016638935108153077,0.5025939636304683,0.03036936251754471,0.003215434083601254,0.006622516556291391
estresse_pre_dencun_2024,strict,all,b_completa,AE,AE:b_completa,q999,906,595,311,311,0,594,1,1.0,0.0016806722689075631,1.0,0.343646408839779,0.0033557046979865775,0.5008403361344538,0.024032415393519798,0.0,0.0011037527593818985
estresse_pre_dencun_2024,strict,insertion,b_completa,AE,AE:b_completa,q990,854,569,285,284,1,559,10,0.9090909090909091,0.01757469244288225,0.9964912280701754,0.3368920521945433,0.03448275862068966,0.5070329602565289,0.05882156731172436,0.0035087719298245723,0.01288056206088993
estresse_pre_dencun_2024,strict,insertion,b_completa,AE,AE:b_completa,q995,854,569,285,284,1,564,5,0.8333333333333334,0.008787346221441126,0.9964912280701754,0.33490566037735847,0.017391304347826087,0.5026392871458083,0.029800369579062246,0.0035087719298245723,0.00702576112412178
estresse_pre_dencun_2024,strict,insertion,b_completa,AE,AE:b_completa,q999,854,569,285,285,0,568,1,1.0,0.0017574692442882249,1.0,0.33411488862837047,0.003508771929824561,0.5008787346221442,0.024232140657051877,0.0,0.00117096018735363
estresse_pre_dencun_2024,strict,displacement,b_completa,AE,AE:b_completa,q990,52,26,26,26,0,26,0,0.0,0.0,1.0,0.5,0.0,0.5,0.0,0.0,0.0
estresse_pre_dencun_2024,strict,displacement,b_completa,AE,AE:b_completa,q995,52,26,26,26,0,26,0,0.0,0.0,1.0,0.5,0.0,0.5,0.0,0.0,0.0
estresse_pre_dencun_2024,strict,displacement,b_completa,AE,AE:b_completa,q999,52,26,26,26,0,26,0,0.0,0.0,1.0,0.5,0.0,0.5,0.0,0.0,0.0
estresse_pre_dencun_2024,sensitivity,all,b_completa,AE,AE:b_completa,q990,2246,1265,981,977,4,1250,15,0.7894736842105263,0.011857707509881422,0.9959225280326198,0.4387067804220925,0.02336448598130841,0.5038901177712506,0.04213428249109196,0.004077471967380175,0.008459483526268923
estresse_pre_dencun_2024,sensitivity,all,b_completa,AE,AE:b_completa,q995,2246,1265,981,979,2,1258,7,0.7777777777777778,0.005533596837944664,0.9979612640163099,0.4376396960214573,0.01098901098901099,0.5017474304271273,0.02743818682973334,0.0020387359836900876,0.004007123775601068
estresse_pre_dencun_2024,sensitivity,all,b_completa,AE,AE:b_completa,q999,2246,1265,981,981,0,1264,1,1.0,0.0007905138339920949,1.0,0.43697104677060133,0.001579778830963665,0.500395256916996,0.018585791818649187,0.0,0.0004452359750667854
estresse_pre_dencun_2024,sensitivity,insertion,b_completa,AE,AE:b_completa,q990,854,569,285,284,1,559,10,0.9090909090909091,0.01757469244288225,0.9964912280701754,0.3368920521945433,0.03448275862068966,0.5070329602565289,0.05882156731172436,0.0035087719298245723,0.01288056206088993
estresse_pre_dencun_2024,sensitivity,insertion,b_completa,AE,AE:b_completa,q995,854,569,285,284,1,564,5,0.8333333333333334,0.008787346221441126,0.9964912280701754,0.33490566037735847,0.017391304347826087,0.5026392871458083,0.029800369579062246,0.0035087719298245723,0.00702576112412178
estresse_pre_dencun_2024,sensitivity,insertion,b_completa,AE,AE:b_completa,q999,854,569,285,285,0,568,1,1.0,0.0017574692442882249,1.0,0.33411488862837047,0.003508771929824561,0.5008787346221442,0.024232140657051877,0.0,0.00117096018735363
estresse_pre_dencun_2024,sensitivity,displacement,b_completa,AE,AE:b_completa,q990,1392,696,696,693,3,691,5,0.625,0.007183908045977011,0.9956896551724138,0.5007225433526011,0.014204545454545454,0.5014367816091954,0.019007148031742638,0.004310344827586188,0.005747126436781609
estresse_pre_dencun_2024,sensitivity,displacement,b_completa,AE,AE:b_completa,q995,1392,696,696,695,1,694,2,0.6666666666666666,0.0028735632183908046,0.9985632183908046,0.5003599712023038,0.005722460658082976,0.5007183908045977,0.015491313744672436,0.001436781609195359,0.0021551724137931034
estresse_pre_dencun_2024,sensitivity,displacement,b_completa,AE,AE:b_completa,q999,1392,696,696,696,0,696,0,0.0,0.0,1.0,0.5,0.0,0.5,0.0,0.0,0.0
estresse_pre_dencun_2024,strict,all,b_completa,IF,IF:b_completa,q990,906,595,311,301,10,578,17,0.6296296296296297,0.02857142857142857,0.9678456591639871,0.3424345847554039,0.05466237942122186,0.49820854386770785,-0.010004572399691098,0.032154340836012874,0.029801324503311258
estresse_pre_dencun_2024,strict,all,b_completa,IF,IF:b_completa,q995,906,595,311,303,8,589,6,0.42857142857142855,0.010084033613445379,0.9742765273311897,0.3396860986547085,0.019704433497536946,0.49218028047231754,-0.06020234446835431,0.025723472668810254,0.01545253863134658
estresse_pre_dencun_2024,strict,all,b_completa,IF,IF:b_completa,q999,906,595,311,311,0,594,1,1.0,0.0016806722689075631,1.0,0.343646408839779,0.0033557046979865775,0.5008403361344538,0.024032415393519798,0.0,0.0011037527593818985
estresse_pre_dencun_2024,strict,insertion,b_completa,IF,IF:b_completa,q990,854,569,285,285,0,552,17,1.0,0.029876977152899824,1.0,0.34050179211469533,0.05802047781569966,0.5149384885764499,0.10086210519086045,0.0,0.01990632318501171
estresse_pre_dencun_2024,strict,insertion,b_completa,IF,IF:b_completa,q995,854,569,285,285,0,563,6,1.0,0.01054481546572935,1.0,0.33608490566037735,0.020869565217391306,0.5052724077328646,0.05953111212639771,0.0,0.00702576112412178
estresse_pre_dencun_2024,strict,insertion,b_completa,IF,IF:b_completa,q999,854,569,285,285,0,568,1,1.0,0.0017574692442882249,1.0,0.33411488862837047,0.003508771929824561,0.5008787346221442,0.024232140657051877,0.0,0.00117096018735363
estresse_pre_dencun_2024,strict,displacement,b_completa,IF,IF:b_completa,q990,52,26,26,16,10,26,0,0.0,0.0,0.6153846153846154,0.38095238095238093,0.0,0.3076923076923077,-0.48795003647426655,0.3846153846153846,0.19230769230769232
estresse_pre_dencun_2024,strict,displacement,b_completa,IF,IF:b_completa,q995,52,26,26,18,8,26,0,0.0,0.0,0.6923076923076923,0.4090909090909091,0.0,0.34615384615384615,-0.4264014327112209,0.3076923076923077,0.15384615384615385
estresse_pre_dencun_2024,strict,displacement,b_completa,IF,IF:b_completa,q999,52,26,26,26,0,26,0,0.0,0.0,1.0,0.5,0.0,0.5,0.0,0.0,0.0
estresse_pre_dencun_2024,sensitivity,all,b_completa,IF,IF:b_completa,q990,2246,1265,981,969,12,1244,21,0.6363636363636364,0.016600790513833993,0.9877675840978594,0.4378671486669679,0.03235747303543914,0.5021841873058467,0.018007439482995807,0.012232415902140636,0.014692787177203919
estresse_pre_dencun_2024,sensitivity,all,b_completa,IF,IF:b_completa,q995,2246,1265,981,973,8,1259,6,0.42857142857142855,0.0047430830039525695,0.9918450560652395,0.4359318996415771,0.009382329945269743,0.49829406953459604,-0.021501065106746323,0.008154943934760461,0.006233303650934996
estresse_pre_dencun_2024,sensitivity,all,b_completa,IF,IF:b_completa,q999,2246,1265,981,981,0,1264,1,1.0,0.0007905138339920949,1.0,0.43697104677060133,0.001579778830963665,0.500395256916996,0.018585791818649187,0.0,0.0004452359750667854
estresse_pre_dencun_2024,sensitivity,insertion,b_completa,IF,IF:b_completa,q990,854,569,285,285,0,552,17,1.0,0.029876977152899824,1.0,0.34050179211469533,0.05802047781569966,0.5149384885764499,0.10086210519086045,0.0,0.01990632318501171
estresse_pre_dencun_2024,sensitivity,insertion,b_completa,IF,IF:b_completa,q995,854,569,285,285,0,563,6,1.0,0.01054481546572935,1.0,0.33608490566037735,0.020869565217391306,0.5052724077328646,0.05953111212639771,0.0,0.00702576112412178
estresse_pre_dencun_2024,sensitivity,insertion,b_completa,IF,IF:b_completa,q999,854,569,285,285,0,568,1,1.0,0.0017574692442882249,1.0,0.33411488862837047,0.003508771929824561,0.5008787346221442,0.024232140657051877,0.0,0.00117096018735363
estresse_pre_dencun_2024,sensitivity,displacement,b_completa,IF,IF:b_completa,q990,1392,696,696,684,12,692,4,0.25,0.005747126436781609,0.9827586206896551,0.49709302325581395,0.011235955056179775,0.4942528735632184,-0.053916386601719206,0.017241379310344862,0.011494252873563218
estresse_pre_dencun_2024,sensitivity,displacement,b_completa,IF,IF:b_completa,q995,1392,696,696,688,8,696,0,0.0,0.0,0.9885057471264368,0.49710982658959535,0.0,0.4942528735632184,-0.07602859212697055,0.011494252873563204,0.005747126436781609
estresse_pre_dencun_2024,sensitivity,displacement,b_completa,IF,IF:b_completa,q999,1392,696,696,696,0,696,0,0.0,0.0,1.0,0.5,0.0,0.5,0.0,0.0,0.0
estresse_pre_dencun_2024,strict,all,c_completa,AE,AE:c_completa,q990,906,595,311,305,6,588,7,0.5384615384615384,0.011764705882352941,0.9807073954983923,0.341545352743561,0.023026315789473683,0.4962360506903726,-0.03005488243226414,0.019292604501607746,0.01434878587196468
estresse_pre_dencun_2024,strict,all,c_completa,AE,AE:c_completa,q995,906,595,311,307,4,590,5,0.5555555555555556,0.008403361344537815,0.9871382636655949,0.34225195094760313,0.016556291390728478,0.49777081250506633,-0.021345080397096122,0.012861736334405127,0.009933774834437087
estresse_pre_dencun_2024,strict,all,c_completa,AE,AE:c_completa,q999,906,595,311,311,0,592,3,1.0,0.005042016806722689,1.0,0.3444075304540421,0.010033444816053512,0.5025210084033613,0.04167143574333786,0.0,0.0033112582781456954
estresse_pre_dencun_2024,strict,insertion,c_completa,AE,AE:c_completa,q990,854,569,285,280,5,562,7,0.5833333333333334,0.012302284710017574,0.9824561403508771,0.332541567695962,0.024096385542168672,0.49737921253044737,-0.020998762118624826,0.01754385964912286,0.01405152224824356
estresse_pre_dencun_2024,strict,insertion,c_completa,AE,AE:c_completa,q995,854,569,285,282,3,564,5,0.625,0.008787346221441126,0.9894736842105263,0.3333333333333333,0.01733102253032929,0.4991305152159837,-0.00851217159922719,0.010526315789473717,0.00936768149882904
estresse_pre_dencun_2024,strict,insertion,c_completa,AE,AE:c_completa,q999,854,569,285,285,0,566,3,1.0,0.005272407732864675,1.0,0.33490011750881316,0.010489510489510488,0.5026362038664324,0.0420205898255933,0.0,0.00351288056206089
estresse_pre_dencun_2024,strict,displacement,c_completa,AE,AE:c_completa,q990,52,26,26,25,1,26,0,0.0,0.0,0.9615384615384616,0.49019607843137253,0.0,0.4807692307692308,-0.14002800840280097,0.038461538461538436,0.019230769230769232
estresse_pre_dencun_2024,strict,displacement,c_completa,AE,AE:c_completa,q995,52,26,26,25,1,26,0,0.0,0.0,0.9615384615384616,0.49019607843137253,0.0,0.4807692307692308,-0.14002800840280097,0.038461538461538436,0.019230769230769232
estresse_pre_dencun_2024,strict,displacement,c_completa,AE,AE:c_completa,q999,52,26,26,26,0,26,0,0.0,0.0,1.0,0.5,0.0,0.5,0.0,0.0,0.0
estresse_pre_dencun_2024,sensitivity,all,c_completa,AE,AE:c_completa,q990,2246,1265,981,959,22,1250,15,0.40540540540540543,0.011857707509881422,0.9775739041794088,0.4341330918967859,0.023041474654377878,0.49471580584464514,-0.04118032867074342,0.022426095820591185,0.01647373107747106
estresse_pre_dencun_2024,sensitivity,all,c_completa,AE,AE:c_completa,q995,2246,1265,981,966,15,1258,7,0.3181818181818182,0.005533596837944664,0.9847094801223242,0.43435251798561153,0.010878010878010876,0.4951215384801344,-0.049137596980218474,0.015290519877675823,0.009795191451469279
estresse_pre_dencun_2024,sensitivity,all,c_completa,AE,AE:c_completa,q999,2246,1265,981,978,3,1260,5,0.625,0.003952569169960474,0.9969418960244648,0.43699731903485256,0.007855459544383346,0.5004472325972127,0.007446774068303476,0.003058103975535187,0.003561887800534283
estresse_pre_dencun_2024,sensitivity,insertion,c_completa,AE,AE:c_completa,q990,854,569,285,280,5,562,7,0.5833333333333334,0.012302284710017574,0.9824561403508771,0.332541567695962,0.024096385542168672,0.49737921253044737,-0.020998762118624826,0.01754385964912286,0.01405152224824356
estresse_pre_dencun_2024,sensitivity,insertion,c_completa,AE,AE:c_completa,q995,854,569,285,282,3,564,5,0.625,0.008787346221441126,0.9894736842105263,0.3333333333333333,0.01733102253032929,0.4991305152159837,-0.00851217159922719,0.010526315789473717,0.00936768149882904
estresse_pre_dencun_2024,sensitivity,insertion,c_completa,AE,AE:c_completa,q999,854,569,285,285,0,566,3,1.0,0.005272407732864675,1.0,0.33490011750881316,0.010489510489510488,0.5026362038664324,0.0420205898255933,0.0,0.00351288056206089
estresse_pre_dencun_2024,sensitivity,displacement,c_completa,AE,AE:c_completa,q990,1392,696,696,679,17,688,8,0.32,0.011494252873563218,0.9755747126436781,0.4967081199707388,0.022191400832177532,0.49353448275862066,-0.04868422353358459,0.02442528735632188,0.017959770114942528
estresse_pre_dencun_2024,sensitivity,displacement,c_completa,AE,AE:c_completa,q995,1392,696,696,684,12,694,2,0.14285714285714285,0.0028735632183908046,0.9827586206896551,0.49637155297532654,0.005633802816901409,0.492816091954023,-0.07199649817549104,0.017241379310344862,0.010057471264367816
estresse_pre_dencun_2024,sensitivity,displacement,c_completa,AE,AE:c_completa,q999,1392,696,696,693,3,694,2,0.4,0.0028735632183908046,0.9956896551724138,0.4996395097332372,0.005706134094151212,0.4992816091954023,-0.012008168332644198,0.004310344827586188,0.0035919540229885057
estresse_pre_dencun_2024,strict,all,c_completa,IF,IF:c_completa,q990,906,595,311,298,13,556,39,0.75,0.06554621848739496,0.9581993569131833,0.34894613583138173,0.12055641421947451,0.5118727877002891,0.048471980865030996,0.04180064308681675,0.05739514348785872
estresse_pre_dencun_2024,strict,all,c_completa,IF,IF:c_completa,q995,906,595,311,299,12,576,19,0.6129032258064516,0.031932773109243695,0.9614147909967846,0.3417142857142857,0.06070287539936102,0.49667378205301416,-0.017375387630703547,0.03858520900321538,0.03421633554083885
estresse_pre_dencun_2024,strict,all,c_completa,IF,IF:c_completa,q999,906,595,311,310,1,591,4,0.8,0.0067226890756302525,0.9967845659163987,0.34406215316315203,0.013333333333333336,0.5017536274960145,0.022478049422579055,0.003215434083601254,0.005518763796909493
estresse_pre_dencun_2024,strict,insertion,c_completa,IF,IF:c_completa,q990,854,569,285,285,0,530,39,1.0,0.06854130052724078,1.0,0.3496932515337423,0.12828947368421054,0.5342706502636204,0.1548174093754389,0.0,0.04566744730679157
estresse_pre_dencun_2024,strict,insertion,c_completa,IF,IF:c_completa,q995,854,569,285,285,0,550,19,1.0,0.033391915641476276,1.0,0.3413173652694611,0.06462585034013606,0.5166959578207382,0.10675785998252675,0.0,0.02224824355971897
estresse_pre_dencun_2024,strict,insertion,c_completa,IF,IF:c_completa,q999,854,569,285,285,0,565,4,1.0,0.007029876977152899,1.0,0.3352941176470588,0.013961605584642234,0.5035149384885764,0.04854973118588665,0.0,0.00468384074941452
estresse_pre_dencun_2024,strict,displacement,c_completa,IF,IF:c_completa,q990,52,26,26,13,13,26,0,0.0,0.0,0.5,0.3333333333333333,0.0,0.25,-0.5773502691896257,0.5,0.25
estresse_pre_dencun_2024,strict,displacement,c_completa,IF,IF:c_completa,q995,52,26,26,14,12,26,0,0.0,0.0,0.5384615384615384,0.35,0.0,0.2692307692307692,-0.5477225575051661,0.46153846153846156,0.23076923076923078
estresse_pre_dencun_2024,strict,displacement,c_completa,IF,IF:c_completa,q999,52,26,26,25,1,26,0,0.0,0.0,0.9615384615384616,0.49019607843137253,0.0,0.4807692307692308,-0.14002800840280097,0.038461538461538436,0.019230769230769232
estresse_pre_dencun_2024,sensitivity,all,c_completa,IF,IF:c_completa,q990,2246,1265,981,959,22,1214,51,0.6986301369863014,0.04031620553359684,0.9775739041794088,0.4413253566497929,0.07623318385650225,0.5089450548565029,0.05003817678620579,0.022426095820591185,0.03250222617987533
estresse_pre_dencun_2024,sensitivity,all,c_completa,IF,IF:c_completa,q995,2246,1265,981,962,19,1239,26,0.5777777777777777,0.020553359683794466,0.9806320081549439,0.43707405724670606,0.03969465648854962,0.5005926839193692,0.004195817868338862,0.01936799184505611,0.020035618878005344
estresse_pre_dencun_2024,sensitivity,all,c_completa,IF,IF:c_completa,q999,2246,1265,981,979,2,1259,6,0.75,0.0047430830039525695,0.9979612640163099,0.43744414655942804,0.009426551453260016,0.5013521735101313,0.02251475114705087,0.0020387359836900876,0.003561887800534283
estresse_pre_dencun_2024,sensitivity,insertion,c_completa,IF,IF:c_completa,q990,854,569,285,285,0,530,39,1.0,0.06854130052724078,1.0,0.3496932515337423,0.12828947368421054,0.5342706502636204,0.1548174093754389,0.0,0.04566744730679157
estresse_pre_dencun_2024,sensitivity,insertion,c_completa,IF,IF:c_completa,q995,854,569,285,285,0,550,19,1.0,0.033391915641476276,1.0,0.3413173652694611,0.06462585034013606,0.5166959578207382,0.10675785998252675,0.0,0.02224824355971897
estresse_pre_dencun_2024,sensitivity,insertion,c_completa,IF,IF:c_completa,q999,854,569,285,285,0,565,4,1.0,0.007029876977152899,1.0,0.3352941176470588,0.013961605584642234,0.5035149384885764,0.04854973118588665,0.0,0.00468384074941452
estresse_pre_dencun_2024,sensitivity,displacement,c_completa,IF,IF:c_completa,q990,1392,696,696,674,22,684,12,0.35294117647058826,0.017241379310344827,0.9683908045977011,0.4963181148748159,0.03287671232876712,0.492816091954023,-0.04653831517706733,0.031609195402298895,0.02442528735632184
estresse_pre_dencun_2024,sensitivity,displacement,c_completa,IF,IF:c_completa,q995,1392,696,696,677,19,689,7,0.2692307692307692,0.010057471264367816,0.9727011494252874,0.4956076134699854,0.019390581717451526,0.4913793103448276,-0.06367503940391743,0.027298850574712596,0.01867816091954023
estresse_pre_dencun_2024,sensitivity,displacement,c_completa,IF,IF:c_completa,q999,1392,696,696,694,2,694,2,0.5,0.0028735632183908046,0.9971264367816092,0.5,0.005714285714285714,0.5,0.0,0.002873563218390829,0.0028735632183908046
estresse_pre_dencun_2024,strict,all,b_sem_taxas_absolutas,AE,AE:b_sem_taxas_absolutas,q990,906,595,311,310,1,593,2,0.6666666666666666,0.0033613445378151263,0.9967845659163987,0.3433001107419712,0.006688963210702341,0.5000729552271069,0.0012059257932155651,0.003215434083601254,0.0033112582781456954
estresse_pre_dencun_2024,strict,all,b_sem_taxas_absolutas,AE,AE:b_sem_taxas_absolutas,q995,906,595,311,311,0,594,1,1.0,0.0016806722689075631,1.0,0.343646408839779,0.0033557046979865775,0.5008403361344538,0.024032415393519798,0.0,0.0011037527593818985
estresse_pre_dencun_2024,strict,all,b_sem_taxas_absolutas,AE,AE:b_sem_taxas_absolutas,q999,906,595,311,311,0,595,0,0.0,0.0,1.0,0.3432671081677704,0.0,0.5,0.0,0.0,0.0
estresse_pre_dencun_2024,strict,insertion,b_sem_taxas_absolutas,AE,AE:b_sem_taxas_absolutas,q990,854,569,285,284,1,567,2,0.6666666666666666,0.0035149384885764497,0.9964912280701754,0.3337250293772033,0.006993006993006992,0.5000030832793759,4.914688868490444e-05,0.0035087719298245723,0.00351288056206089
estresse_pre_dencun_2024,strict,insertion,b_sem_taxas_absolutas,AE,AE:b_sem_taxas_absolutas,q995,854,569,285,285,0,568,1,1.0,0.0017574692442882249,1.0,0.33411488862837047,0.003508771929824561,0.5008787346221442,0.024232140657051877,0.0,0.00117096018735363
estresse_pre_dencun_2024,strict,insertion,b_sem_taxas_absolutas,AE,AE:b_sem_taxas_absolutas,q999,854,569,285,285,0,569,0,0.0,0.0,1.0,0.3337236533957845,0.0,0.5,0.0,0.0,0.0
estresse_pre_dencun_2024,strict,displacement,b_sem_taxas_absolutas,AE,AE:b_sem_taxas_absolutas,q990,52,26,26,26,0,26,0,0.0,0.0,1.0,0.5,0.0,0.5,0.0,0.0,0.0
estresse_pre_dencun_2024,strict,displacement,b_sem_taxas_absolutas,AE,AE:b_sem_taxas_absolutas,q995,52,26,26,26,0,26,0,0.0,0.0,1.0,0.5,0.0,0.5,0.0,0.0,0.0
estresse_pre_dencun_2024,strict,displacement,b_sem_taxas_absolutas,AE,AE:b_sem_taxas_absolutas,q999,52,26,26,26,0,26,0,0.0,0.0,1.0,0.5,0.0,0.5,0.0,0.0,0.0
estresse_pre_dencun_2024,sensitivity,all,b_sem_taxas_absolutas,AE,AE:b_sem_taxas_absolutas,q990,2246,1265,981,979,2,1261,4,0.6666666666666666,0.0031620553359683794,0.9979612640163099,0.43705357142857143,0.006294256490952006,0.5005616596761392,0.01079402384077831,0.0020387359836900876,0.0026714158504007124
estresse_pre_dencun_2024,sensitivity,all,b_sem_taxas_absolutas,AE,AE:b_sem_taxas_absolutas,q995,2246,1265,981,981,0,1263,2,1.0,0.0015810276679841897,1.0,0.43716577540106955,0.0031570639305445935,0.5007905138339921,0.02629013477342505,0.0,0.0008904719501335708
estresse_pre_dencun_2024,sensitivity,all,b_sem_taxas_absolutas,AE,AE:b_sem_taxas_absolutas,q999,2246,1265,981,981,0,1265,0,0.0,0.0,1.0,0.43677649154051645,0.0,0.5,0.0,0.0,0.0
estresse_pre_dencun_2024,sensitivity,insertion,b_sem_taxas_absolutas,AE,AE:b_sem_taxas_absolutas,q990,854,569,285,284,1,567,2,0.6666666666666666,0.0035149384885764497,0.9964912280701754,0.3337250293772033,0.006993006993006992,0.5000030832793759,4.914688868490444e-05,0.0035087719298245723,0.00351288056206089
estresse_pre_dencun_2024,sensitivity,insertion,b_sem_taxas_absolutas,AE,AE:b_sem_taxas_absolutas,q995,854,569,285,285,0,568,1,1.0,0.0017574692442882249,1.0,0.33411488862837047,0.003508771929824561,0.5008787346221442,0.024232140657051877,0.0,0.00117096018735363
estresse_pre_dencun_2024,sensitivity,insertion,b_sem_taxas_absolutas,AE,AE:b_sem_taxas_absolutas,q999,854,569,285,285,0,569,0,0.0,0.0,1.0,0.3337236533957845,0.0,0.5,0.0,0.0,0.0
estresse_pre_dencun_2024,sensitivity,displacement,b_sem_taxas_absolutas,AE,AE:b_sem_taxas_absolutas,q990,1392,696,696,695,1,694,2,0.6666666666666666,0.0028735632183908046,0.9985632183908046,0.5003599712023038,0.005722460658082976,0.5007183908045977,0.015491313744672436,0.001436781609195359,0.0021551724137931034
estresse_pre_dencun_2024,sensitivity,displacement,b_sem_taxas_absolutas,AE,AE:b_sem_taxas_absolutas,q995,1392,696,696,696,0,695,1,1.0,0.0014367816091954023,1.0,0.5003594536304816,0.0028694404591104736,0.5007183908045977,0.02681244600858593,0.0,0.0007183908045977011
estresse_pre_dencun_2024,sensitivity,displacement,b_sem_taxas_absolutas,AE,AE:b_sem_taxas_absolutas,q999,1392,696,696,696,0,696,0,0.0,0.0,1.0,0.5,0.0,0.5,0.0,0.0,0.0
estresse_pre_dencun_2024,strict,all,b_sem_taxas_absolutas,IF,IF:b_sem_taxas_absolutas,q990,906,595,311,299,12,582,13,0.52,0.021848739495798318,0.9614147909967846,0.33938706015891035,0.04193548387096774,0.4916317652462915,-0.04851148503188368,0.03858520900321538,0.02759381898454746
estresse_pre_dencun_2024,strict,all,b_sem_taxas_absolutas,IF,IF:b_sem_taxas_absolutas,q995,906,595,311,301,10,595,0,0.0,0.0,0.9678456591639871,0.3359375,0.0,0.48392282958199356,-0.14612491902962613,0.032154340836012874,0.011037527593818985
estresse_pre_dencun_2024,strict,all,b_sem_taxas_absolutas,IF,IF:b_sem_taxas_absolutas,q999,906,595,311,311,0,595,0,0.0,0.0,1.0,0.3432671081677704,0.0,0.5,0.0,0.0,0.0
estresse_pre_dencun_2024,strict,insertion,b_sem_taxas_absolutas,IF,IF:b_sem_taxas_absolutas,q990,854,569,285,285,0,556,13,1.0,0.022847100175746926,1.0,0.3388822829964328,0.04467353951890035,0.5114235500878734,0.08799134882137742,0.0,0.01522248243559719
estresse_pre_dencun_2024,strict,insertion,b_sem_taxas_absolutas,IF,IF:b_sem_taxas_absolutas,q995,854,569,285,285,0,569,0,0.0,0.0,1.0,0.3337236533957845,0.0,0.5,0.0,0.0,0.0
estresse_pre_dencun_2024,strict,insertion,b_sem_taxas_absolutas,IF,IF:b_sem_taxas_absolutas,q999,854,569,285,285,0,569,0,0.0,0.0,1.0,0.3337236533957845,0.0,0.5,0.0,0.0,0.0
estresse_pre_dencun_2024,strict,displacement,b_sem_taxas_absolutas,IF,IF:b_sem_taxas_absolutas,q990,52,26,26,14,12,26,0,0.0,0.0,0.5384615384615384,0.35,0.0,0.2692307692307692,-0.5477225575051661,0.46153846153846156,0.23076923076923078
estresse_pre_dencun_2024,strict,displacement,b_sem_taxas_absolutas,IF,IF:b_sem_taxas_absolutas,q995,52,26,26,16,10,26,0,0.0,0.0,0.6153846153846154,0.38095238095238093,0.0,0.3076923076923077,-0.48795003647426655,0.3846153846153846,0.19230769230769232
estresse_pre_dencun_2024,strict,displacement,b_sem_taxas_absolutas,IF,IF:b_sem_taxas_absolutas,q999,52,26,26,26,0,26,0,0.0,0.0,1.0,0.5,0.0,0.5,0.0,0.0,0.0
estresse_pre_dencun_2024,sensitivity,all,b_sem_taxas_absolutas,IF,IF:b_sem_taxas_absolutas,q990,2246,1265,981,969,12,1252,13,0.52,0.010276679841897233,0.9877675840978594,0.43628995947771276,0.02015503875968992,0.4990221319698783,-0.009245826217496152,0.012232415902140636,0.011130899376669634
estresse_pre_dencun_2024,sensitivity,all,b_sem_taxas_absolutas,IF,IF:b_sem_taxas_absolutas,q995,2246,1265,981,971,10,1265,0,0.0,0.0,0.9898063200815495,0.434257602862254,0.0,0.4949031600407747,-0.07594074606375106,0.010193679918450549,0.004452359750667854
estresse_pre_dencun_2024,sensitivity,all,b_sem_taxas_absolutas,IF,IF:b_sem_taxas_absolutas,q999,2246,1265,981,981,0,1265,0,0.0,0.0,1.0,0.43677649154051645,0.0,0.5,0.0,0.0,0.0
estresse_pre_dencun_2024,sensitivity,insertion,b_sem_taxas_absolutas,IF,IF:b_sem_taxas_absolutas,q990,854,569,285,285,0,556,13,1.0,0.022847100175746926,1.0,0.3388822829964328,0.04467353951890035,0.5114235500878734,0.08799134882137742,0.0,0.01522248243559719
estresse_pre_dencun_2024,sensitivity,insertion,b_sem_taxas_absolutas,IF,IF:b_sem_taxas_absolutas,q995,854,569,285,285,0,569,0,0.0,0.0,1.0,0.3337236533957845,0.0,0.5,0.0,0.0,0.0
estresse_pre_dencun_2024,sensitivity,insertion,b_sem_taxas_absolutas,IF,IF:b_sem_taxas_absolutas,q999,854,569,285,285,0,569,0,0.0,0.0,1.0,0.3337236533957845,0.0,0.5,0.0,0.0,0.0
estresse_pre_dencun_2024,sensitivity,displacement,b_sem_taxas_absolutas,IF,IF:b_sem_taxas_absolutas,q990,1392,696,696,684,12,696,0,0.0,0.0,0.9827586206896551,0.4956521739130435,0.0,0.49137931034482757,-0.09325048082403137,0.017241379310344862,0.008620689655172414
estresse_pre_dencun_2024,sensitivity,displacement,b_sem_taxas_absolutas,IF,IF:b_sem_taxas_absolutas,q995,1392,696,696,686,10,696,0,0.0,0.0,0.985632183908046,0.4963820549927641,0.0,0.492816091954023,-0.0850640347883392,0.014367816091954033,0.007183908045977011
estresse_pre_dencun_2024,sensitivity,displacement,b_sem_taxas_absolutas,IF,IF:b_sem_taxas_absolutas,q999,1392,696,696,696,0,696,0,0.0,0.0,1.0,0.5,0.0,0.5,0.0,0.0,0.0
estresse_pre_dencun_2024,strict,all,c_sem_taxas_absolutas,AE,AE:c_sem_taxas_absolutas,q990,906,595,311,309,2,593,2,0.5,0.0033613445378151263,0.9935691318327974,0.3425720620842572,0.00667779632721202,0.49846523818530625,-0.021982465179276697,0.006430868167202619,0.004415011037527594
estresse_pre_dencun_2024,strict,all,c_sem_taxas_absolutas,AE,AE:c_sem_taxas_absolutas,q995,906,595,311,309,2,593,2,0.5,0.0033613445378151263,0.9935691318327974,0.3425720620842572,0.00667779632721202,0.49846523818530625,-0.021982465179276697,0.006430868167202619,0.004415011037527594
estresse_pre_dencun_2024,strict,all,c_sem_taxas_absolutas,AE,AE:c_sem_taxas_absolutas,q999,906,595,311,310,1,593,2,0.6666666666666666,0.0033613445378151263,0.9967845659163987,0.3433001107419712,0.006688963210702341,0.5000729552271069,0.0012059257932155651,0.003215434083601254,0.0033112582781456954
estresse_pre_dencun_2024,strict,insertion,c_sem_taxas_absolutas,AE,AE:c_sem_taxas_absolutas,q990,854,569,285,284,1,567,2,0.6666666666666666,0.0035149384885764497,0.9964912280701754,0.3337250293772033,0.006993006993006992,0.5000030832793759,4.914688868490444e-05,0.0035087719298245723,0.00351288056206089
estresse_pre_dencun_2024,strict,insertion,c_sem_taxas_absolutas,AE,AE:c_sem_taxas_absolutas,q995,854,569,285,284,1,567,2,0.6666666666666666,0.0035149384885764497,0.9964912280701754,0.3337250293772033,0.006993006993006992,0.5000030832793759,4.914688868490444e-05,0.0035087719298245723,0.00351288056206089
estresse_pre_dencun_2024,strict,insertion,c_sem_taxas_absolutas,AE,AE:c_sem_taxas_absolutas,q999,854,569,285,284,1,567,2,0.6666666666666666,0.0035149384885764497,0.9964912280701754,0.3337250293772033,0.006993006993006992,0.5000030832793759,4.914688868490444e-05,0.0035087719298245723,0.00351288056206089
estresse_pre_dencun_2024,strict,displacement,c_sem_taxas_absolutas,AE,AE:c_sem_taxas_absolutas,q990,52,26,26,25,1,26,0,0.0,0.0,0.9615384615384616,0.49019607843137253,0.0,0.4807692307692308,-0.14002800840280097,0.038461538461538436,0.019230769230769232
estresse_pre_dencun_2024,strict,displacement,c_sem_taxas_absolutas,AE,AE:c_sem_taxas_absolutas,q995,52,26,26,25,1,26,0,0.0,0.0,0.9615384615384616,0.49019607843137253,0.0,0.4807692307692308,-0.14002800840280097,0.038461538461538436,0.019230769230769232
estresse_pre_dencun_2024,strict,displacement,c_sem_taxas_absolutas,AE,AE:c_sem_taxas_absolutas,q999,52,26,26,26,0,26,0,0.0,0.0,1.0,0.5,0.0,0.5,0.0,0.0,0.0
estresse_pre_dencun_2024,sensitivity,all,c_sem_taxas_absolutas,AE,AE:c_sem_taxas_absolutas,q990,2246,1265,981,972,9,1256,9,0.5,0.0071146245059288534,0.9908256880733946,0.4362657091561939,0.014029618082618862,0.4989701562896617,-0.011457430650749516,0.00917431192660545,0.008014247551202136
estresse_pre_dencun_2024,sensitivity,all,c_sem_taxas_absolutas,AE,AE:c_sem_taxas_absolutas,q995,2246,1265,981,976,5,1260,5,0.5,0.003952569169960474,0.9949031600407747,0.4364937388193202,0.00784313725490196,0.4994278646053676,-0.008524573866444785,0.0050968399592252744,0.004452359750667854
estresse_pre_dencun_2024,sensitivity,all,c_sem_taxas_absolutas,AE,AE:c_sem_taxas_absolutas,q999,2246,1265,981,978,3,1261,4,0.5714285714285714,0.0031620553359683794,0.9969418960244648,0.4368021438142028,0.006289308176100628,0.5000519756802166,0.0009249832684025947,0.003058103975535187,0.003116651825467498
estresse_pre_dencun_2024,sensitivity,insertion,c_sem_taxas_absolutas,AE,AE:c_sem_taxas_absolutas,q990,854,569,285,284,1,567,2,0.6666666666666666,0.0035149384885764497,0.9964912280701754,0.3337250293772033,0.006993006993006992,0.5000030832793759,4.914688868490444e-05,0.0035087719298245723,0.00351288056206089
estresse_pre_dencun_2024,sensitivity,insertion,c_sem_taxas_absolutas,AE,AE:c_sem_taxas_absolutas,q995,854,569,285,284,1,567,2,0.6666666666666666,0.0035149384885764497,0.9964912280701754,0.3337250293772033,0.006993006993006992,0.5000030832793759,4.914688868490444e-05,0.0035087719298245723,0.00351288056206089
estresse_pre_dencun_2024,sensitivity,insertion,c_sem_taxas_absolutas,AE,AE:c_sem_taxas_absolutas,q999,854,569,285,284,1,567,2,0.6666666666666666,0.0035149384885764497,0.9964912280701754,0.3337250293772033,0.006993006993006992,0.5000030832793759,4.914688868490444e-05,0.0035087719298245723,0.00351288056206089
estresse_pre_dencun_2024,sensitivity,displacement,c_sem_taxas_absolutas,AE,AE:c_sem_taxas_absolutas,q990,1392,696,696,688,8,689,7,0.4666666666666667,0.010057471264367816,0.9885057471264368,0.49963689179375453,0.01969057665260197,0.4992816091954023,-0.006958047678723884,0.011494252873563204,0.010775862068965518
estresse_pre_dencun_2024,sensitivity,displacement,c_sem_taxas_absolutas,AE,AE:c_sem_taxas_absolutas,q995,1392,696,696,692,4,693,3,0.42857142857142855,0.004310344827586207,0.9942528735632183,0.4996389891696751,0.008534850640113799,0.49928160919540227,-0.010156079535007728,0.005747126436781658,0.005028735632183908
estresse_pre_dencun_2024,sensitivity,displacement,c_sem_taxas_absolutas,AE,AE:c_sem_taxas_absolutas,q999,1392,696,696,694,2,694,2,0.5,0.0028735632183908046,0.9971264367816092,0.5,0.005714285714285714,0.5,0.0,0.002873563218390829,0.0028735632183908046
estresse_pre_dencun_2024,strict,all,c_sem_taxas_absolutas,IF,IF:c_sem_taxas_absolutas,q990,906,595,311,301,10,581,14,0.5833333333333334,0.023529411764705882,0.9678456591639871,0.3412698412698413,0.045234248788368334,0.4956875354643465,-0.025500828834556254,0.032154340836012874,0.026490066225165563
estresse_pre_dencun_2024,strict,all,c_sem_taxas_absolutas,IF,IF:c_sem_taxas_absolutas,q995,906,595,311,301,10,587,8,0.4444444444444444,0.013445378151260505,0.9678456591639871,0.33896396396396394,0.02610114192495922,0.4906455186576238,-0.06365692424959134,0.032154340836012874,0.019867549668874173
estresse_pre_dencun_2024,strict,all,c_sem_taxas_absolutas,IF,IF:c_sem_taxas_absolutas,q999,906,595,311,310,1,595,0,0.0,0.0,0.9967845659163987,0.3425414364640884,0.0,0.4983922829581994,-0.04597841530271473,0.003215434083601254,0.0011037527593818985
estresse_pre_dencun_2024,strict,insertion,c_sem_taxas_absolutas,IF,IF:c_sem_taxas_absolutas,q990,854,569,285,285,0,555,14,1.0,0.02460456942003515,1.0,0.3392857142857143,0.048027444253859346,0.5123022847100176,0.09136727483278172,0.0,0.01639344262295082
estresse_pre_dencun_2024,strict,insertion,c_sem_taxas_absolutas,IF,IF:c_sem_taxas_absolutas,q995,854,569,285,285,0,561,8,1.0,0.014059753954305799,1.0,0.33687943262411346,0.027729636048526865,0.5070298769771528,0.06882181292992195,0.0,0.00936768149882904
estresse_pre_dencun_2024,strict,insertion,c_sem_taxas_absolutas,IF,IF:c_sem_taxas_absolutas,q999,854,569,285,285,0,569,0,0.0,0.0,1.0,0.3337236533957845,0.0,0.5,0.0,0.0,0.0
estresse_pre_dencun_2024,strict,displacement,c_sem_taxas_absolutas,IF,IF:c_sem_taxas_absolutas,q990,52,26,26,16,10,26,0,0.0,0.0,0.6153846153846154,0.38095238095238093,0.0,0.3076923076923077,-0.48795003647426655,0.3846153846153846,0.19230769230769232
estresse_pre_dencun_2024,strict,displacement,c_sem_taxas_absolutas,IF,IF:c_sem_taxas_absolutas,q995,52,26,26,16,10,26,0,0.0,0.0,0.6153846153846154,0.38095238095238093,0.0,0.3076923076923077,-0.48795003647426655,0.3846153846153846,0.19230769230769232
estresse_pre_dencun_2024,strict,displacement,c_sem_taxas_absolutas,IF,IF:c_sem_taxas_absolutas,q999,52,26,26,25,1,26,0,0.0,0.0,0.9615384615384616,0.49019607843137253,0.0,0.4807692307692308,-0.14002800840280097,0.038461538461538436,0.019230769230769232
estresse_pre_dencun_2024,sensitivity,all,c_sem_taxas_absolutas,IF,IF:c_sem_taxas_absolutas,q990,2246,1265,981,969,12,1249,16,0.5714285714285714,0.012648221343873518,0.9877675840978594,0.4368800721370604,0.024748646558391336,0.5002079027208665,0.0018587036364112242,0.012232415902140636,0.012466607301869992
estresse_pre_dencun_2024,sensitivity,all,c_sem_taxas_absolutas,IF,IF:c_sem_taxas_absolutas,q995,2246,1265,981,971,10,1256,9,0.47368421052631576,0.0071146245059288534,0.9898063200815495,0.4360125729681186,0.014018691588785047,0.49846047229373913,-0.016674789580368967,0.010193679918450549,0.008459483526268923
estresse_pre_dencun_2024,sensitivity,all,c_sem_taxas_absolutas,IF,IF:c_sem_taxas_absolutas,q999,2246,1265,981,980,1,1265,0,0.0,0.0,0.9989806320081549,0.4365256124721604,0.0,0.49949031600407745,-0.023966388023028768,0.0010193679918450993,0.0004452359750667854
estresse_pre_dencun_2024,sensitivity,insertion,c_sem_taxas_absolutas,IF,IF:c_sem_taxas_absolutas,q990,854,569,285,285,0,555,14,1.0,0.02460456942003515,1.0,0.3392857142857143,0.048027444253859346,0.5123022847100176,0.09136727483278172,0.0,0.01639344262295082
estresse_pre_dencun_2024,sensitivity,insertion,c_sem_taxas_absolutas,IF,IF:c_sem_taxas_absolutas,q995,854,569,285,285,0,561,8,1.0,0.014059753954305799,1.0,0.33687943262411346,0.027729636048526865,0.5070298769771528,0.06882181292992195,0.0,0.00936768149882904
estresse_pre_dencun_2024,sensitivity,insertion,c_sem_taxas_absolutas,IF,IF:c_sem_taxas_absolutas,q999,854,569,285,285,0,569,0,0.0,0.0,1.0,0.3337236533957845,0.0,0.5,0.0,0.0,0.0
estresse_pre_dencun_2024,sensitivity,displacement,c_sem_taxas_absolutas,IF,IF:c_sem_taxas_absolutas,q990,1392,696,696,684,12,694,2,0.14285714285714285,0.0028735632183908046,0.9827586206896551,0.49637155297532654,0.005633802816901409,0.492816091954023,-0.07199649817549104,0.017241379310344862,0.010057471264367816
estresse_pre_dencun_2024,sensitivity,displacement,c_sem_taxas_absolutas,IF,IF:c_sem_taxas_absolutas,q995,1392,696,696,686,10,695,1,0.09090909090909091,0.0014367816091954023,0.985632183908046,0.49674149167270093,0.002828854314002829,0.49353448275862066,-0.07302126084627872,0.014367816091954033,0.007902298850574713
estresse_pre_dencun_2024,sensitivity,displacement,c_sem_taxas_absolutas,IF,IF:c_sem_taxas_absolutas,q999,1392,696,696,695,1,696,0,0.0,0.0,0.9985632183908046,0.4996405463695183,0.0,0.4992816091954023,-0.02681244600858593,0.001436781609195359,0.0007183908045977011
transicao_dencun_2024,strict,all,a_completa,AE,AE:a_completa,q990,270,179,91,89,2,178,1,0.3333333333333333,0.00558659217877095,0.978021978021978,0.3333333333333333,0.01098901098901099,0.4918042851003745,-0.07391758879376191,0.02197802197802201,0.011111111111111112
transicao_dencun_2024,strict,all,a_completa,AE,AE:a_completa,q995,270,179,91,90,1,178,1,0.5,0.00558659217877095,0.989010989010989,0.3358208955223881,0.011049723756906077,0.49729879059488,-0.029781945575771497,0.01098901098901095,0.007407407407407408
transicao_dencun_2024,strict,all,a_completa,AE,AE:a_completa,q999,270,179,91,91,0,178,1,1.0,0.00558659217877095,1.0,0.3382899628252788,0.011111111111111112,0.5027932960893855,0.04347284279267251,0.0,0.003703703703703704
transicao_dencun_2024,strict,insertion,a_completa,AE,AE:a_completa,q990,266,177,89,89,0,177,0,0.0,0.0,1.0,0.33458646616541354,0.0,0.5,0.0,0.0,0.0
transicao_dencun_2024,strict,insertion,a_completa,AE,AE:a_completa,q995,266,177,89,89,0,177,0,0.0,0.0,1.0,0.33458646616541354,0.0,0.5,0.0,0.0,0.0
transicao_dencun_2024,strict,insertion,a_completa,AE,AE:a_completa,q999,266,177,89,89,0,177,0,0.0,0.0,1.0,0.33458646616541354,0.0,0.5,0.0,0.0,0.0
transicao_dencun_2024,strict,displacement,a_completa,AE,AE:a_completa,q990,4,2,2,0,2,1,1,0.3333333333333333,0.5,0.0,0.0,0.4,0.25,-0.5773502691896258,1.0,0.75
transicao_dencun_2024,strict,displacement,a_completa,AE,AE:a_completa,q995,4,2,2,1,1,1,1,0.5,0.5,0.5,0.5,0.5,0.5,0.0,0.5,0.5
transicao_dencun_2024,strict,displacement,a_completa,AE,AE:a_completa,q999,4,2,2,2,0,1,1,1.0,0.5,1.0,0.6666666666666666,0.6666666666666666,0.75,0.5773502691896258,0.0,0.25
transicao_dencun_2024,sensitivity,all,a_completa,AE,AE:a_completa,q990,452,270,182,180,2,268,2,0.5,0.007407407407407408,0.989010989010989,0.4017857142857143,0.014598540145985401,0.49820919820919823,-0.01875538955817562,0.01098901098901095,0.008849557522123894
transicao_dencun_2024,sensitivity,all,a_completa,AE,AE:a_completa,q995,452,270,182,181,1,269,1,0.5,0.003703703703703704,0.9945054945054945,0.4022222222222222,0.007352941176470589,0.4991045991045991,-0.013232559070152076,0.005494505494505475,0.004424778761061947
transicao_dencun_2024,sensitivity,all,a_completa,AE,AE:a_completa,q999,452,270,182,182,0,269,1,1.0,0.003703703703703704,1.0,0.4035476718403548,0.007380073800738007,0.5018518518518519,0.038660328591672996,0.0,0.0022123893805309734
transicao_dencun_2024,sensitivity,insertion,a_completa,AE,AE:a_completa,q990,266,177,89,89,0,177,0,0.0,0.0,1.0,0.33458646616541354,0.0,0.5,0.0,0.0,0.0
transicao_dencun_2024,sensitivity,insertion,a_completa,AE,AE:a_completa,q995,266,177,89,89,0,177,0,0.0,0.0,1.0,0.33458646616541354,0.0,0.5,0.0,0.0,0.0
transicao_dencun_2024,sensitivity,insertion,a_completa,AE,AE:a_completa,q999,266,177,89,89,0,177,0,0.0,0.0,1.0,0.33458646616541354,0.0,0.5,0.0,0.0,0.0
transicao_dencun_2024,sensitivity,displacement,a_completa,AE,AE:a_completa,q990,186,93,93,91,2,91,2,0.5,0.021505376344086023,0.978494623655914,0.5,0.04123711340206186,0.5,0.0,0.021505376344086002,0.021505376344086023
transicao_dencun_2024,sensitivity,displacement,a_completa,AE,AE:a_completa,q995,186,93,93,92,1,92,1,0.5,0.010752688172043012,0.989247311827957,0.5,0.02105263157894737,0.5,0.0,0.010752688172043001,0.010752688172043012
transicao_dencun_2024,sensitivity,displacement,a_completa,AE,AE:a_completa,q999,186,93,93,93,0,92,1,1.0,0.010752688172043012,1.0,0.5027027027027027,0.021276595744680854,0.5053763440860215,0.07352146220938079,0.0,0.005376344086021506
transicao_dencun_2024,strict,all,a_completa,IF,IF:a_completa,q990,270,179,91,90,1,169,10,0.9090909090909091,0.055865921787709494,0.989010989010989,0.3474903474903475,0.10526315789473684,0.5224384553993493,0.1073059838229678,0.01098901098901095,0.040740740740740744
transicao_dencun_2024,strict,all,a_completa,IF,IF:a_completa,q995,270,179,91,90,1,173,6,0.8571428571428571,0.0335195530726257,0.989010989010989,0.34220532319391633,0.06451612903225806,0.5112652710418074,0.06701807641502171,0.01098901098901095,0.025925925925925925
transicao_dencun_2024,strict,all,a_completa,IF,IF:a_completa,q999,270,179,91,91,0,178,1,1.0,0.00558659217877095,1.0,0.3382899628252788,0.011111111111111112,0.5027932960893855,0.04347284279267251,0.0,0.003703703703703704
transicao_dencun_2024,strict,insertion,a_completa,IF,IF:a_completa,q990,266,177,89,89,0,167,10,1.0,0.05649717514124294,1.0,0.34765625,0.10695187165775402,0.5282485875706214,0.1401484785689725,0.0,0.03759398496240601
transicao_dencun_2024,strict,insertion,a_completa,IF,IF:a_completa,q995,266,177,89,89,0,171,6,1.0,0.03389830508474576,1.0,0.3423076923076923,0.06557377049180328,0.5169491525423728,0.10772024223283864,0.0,0.022556390977443608
transicao_dencun_2024,strict,insertion,a_completa,IF,IF:a_completa,q999,266,177,89,89,0,176,1,1.0,0.005649717514124294,1.0,0.33584905660377357,0.011235955056179775,0.5028248587570622,0.04355975547677536,0.0,0.0037593984962406013
transicao_dencun_2024,strict,displacement,a_completa,IF,IF:a_completa,q990,4,2,2,1,1,2,0,0.0,0.0,0.5,0.3333333333333333,0.0,0.25,-0.5773502691896258,0.5,0.25
transicao_dencun_2024,strict,displacement,a_completa,IF,IF:a_completa,q995,4,2,2,1,1,2,0,0.0,0.0,0.5,0.3333333333333333,0.0,0.25,-0.5773502691896258,0.5,0.25
transicao_dencun_2024,strict,displacement,a_completa,IF,IF:a_completa,q999,4,2,2,2,0,2,0,0.0,0.0,1.0,0.5,0.0,0.5,0.0,0.0,0.0
transicao_dencun_2024,sensitivity,all,a_completa,IF,IF:a_completa,q990,452,270,182,181,1,260,10,0.9090909090909091,0.037037037037037035,0.9945054945054945,0.41043083900226757,0.07117437722419928,0.5157712657712658,0.10039185633184518,0.005494505494505475,0.024336283185840708
transicao_dencun_2024,sensitivity,all,a_completa,IF,IF:a_completa,q995,452,270,182,181,1,264,6,0.8571428571428571,0.022222222222222223,0.9945054945054945,0.4067415730337079,0.04332129963898917,0.5083638583638583,0.06643932568026653,0.005494505494505475,0.015486725663716814
transicao_dencun_2024,sensitivity,all,a_completa,IF,IF:a_completa,q999,452,270,182,182,0,269,1,1.0,0.003703703703703704,1.0,0.4035476718403548,0.007380073800738007,0.5018518518518519,0.038660328591672996,0.0,0.0022123893805309734
transicao_dencun_2024,sensitivity,insertion,a_completa,IF,IF:a_completa,q990,266,177,89,89,0,167,10,1.0,0.05649717514124294,1.0,0.34765625,0.10695187165775402,0.5282485875706214,0.1401484785689725,0.0,0.03759398496240601
transicao_dencun_2024,sensitivity,insertion,a_completa,IF,IF:a_completa,q995,266,177,89,89,0,171,6,1.0,0.03389830508474576,1.0,0.3423076923076923,0.06557377049180328,0.5169491525423728,0.10772024223283864,0.0,0.022556390977443608
transicao_dencun_2024,sensitivity,insertion,a_completa,IF,IF:a_completa,q999,266,177,89,89,0,176,1,1.0,0.005649717514124294,1.0,0.33584905660377357,0.011235955056179775,0.5028248587570622,0.04355975547677536,0.0,0.0037593984962406013
transicao_dencun_2024,sensitivity,displacement,a_completa,IF,IF:a_completa,q990,186,93,93,92,1,93,0,0.0,0.0,0.989247311827957,0.4972972972972973,0.0,0.4946236559139785,-0.07352146220938079,0.010752688172043001,0.005376344086021506
transicao_dencun_2024,sensitivity,displacement,a_completa,IF,IF:a_completa,q995,186,93,93,92,1,93,0,0.0,0.0,0.989247311827957,0.4972972972972973,0.0,0.4946236559139785,-0.07352146220938079,0.010752688172043001,0.005376344086021506
transicao_dencun_2024,sensitivity,displacement,a_completa,IF,IF:a_completa,q999,186,93,93,93,0,93,0,0.0,0.0,1.0,0.5,0.0,0.5,0.0,0.0,0.0
transicao_dencun_2024,strict,all,b_completa,AE,AE:b_completa,q990,270,179,91,91,0,178,1,1.0,0.00558659217877095,1.0,0.3382899628252788,0.011111111111111112,0.5027932960893855,0.04347284279267251,0.0,0.003703703703703704
transicao_dencun_2024,strict,all,b_completa,AE,AE:b_completa,q995,270,179,91,91,0,179,0,0.0,0.0,1.0,0.337037037037037,0.0,0.5,0.0,0.0,0.0
transicao_dencun_2024,strict,all,b_completa,AE,AE:b_completa,q999,270,179,91,91,0,179,0,0.0,0.0,1.0,0.337037037037037,0.0,0.5,0.0,0.0,0.0
transicao_dencun_2024,strict,insertion,b_completa,AE,AE:b_completa,q990,266,177,89,89,0,176,1,1.0,0.005649717514124294,1.0,0.33584905660377357,0.011235955056179775,0.5028248587570622,0.04355975547677536,0.0,0.0037593984962406013
transicao_dencun_2024,strict,insertion,b_completa,AE,AE:b_completa,q995,266,177,89,89,0,177,0,0.0,0.0,1.0,0.33458646616541354,0.0,0.5,0.0,0.0,0.0
transicao_dencun_2024,strict,insertion,b_completa,AE,AE:b_completa,q999,266,177,89,89,0,177,0,0.0,0.0,1.0,0.33458646616541354,0.0,0.5,0.0,0.0,0.0
transicao_dencun_2024,strict,displacement,b_completa,AE,AE:b_completa,q990,4,2,2,2,0,2,0,0.0,0.0,1.0,0.5,0.0,0.5,0.0,0.0,0.0
transicao_dencun_2024,strict,displacement,b_completa,AE,AE:b_completa,q995,4,2,2,2,0,2,0,0.0,0.0,1.0,0.5,0.0,0.5,0.0,0.0,0.0
transicao_dencun_2024,strict,displacement,b_completa,AE,AE:b_completa,q999,4,2,2,2,0,2,0,0.0,0.0,1.0,0.5,0.0,0.5,0.0,0.0,0.0
transicao_dencun_2024,sensitivity,all,b_completa,AE,AE:b_completa,q990,452,270,182,182,0,269,1,1.0,0.003703703703703704,1.0,0.4035476718403548,0.007380073800738007,0.5018518518518519,0.038660328591672996,0.0,0.0022123893805309734
transicao_dencun_2024,sensitivity,all,b_completa,AE,AE:b_completa,q995,452,270,182,182,0,270,0,0.0,0.0,1.0,0.4026548672566372,0.0,0.5,0.0,0.0,0.0
transicao_dencun_2024,sensitivity,all,b_completa,AE,AE:b_completa,q999,452,270,182,182,0,270,0,0.0,0.0,1.0,0.4026548672566372,0.0,0.5,0.0,0.0,0.0
transicao_dencun_2024,sensitivity,insertion,b_completa,AE,AE:b_completa,q990,266,177,89,89,0,176,1,1.0,0.005649717514124294,1.0,0.33584905660377357,0.011235955056179775,0.5028248587570622,0.04355975547677536,0.0,0.0037593984962406013
transicao_dencun_2024,sensitivity,insertion,b_completa,AE,AE:b_completa,q995,266,177,89,89,0,177,0,0.0,0.0,1.0,0.33458646616541354,0.0,0.5,0.0,0.0,0.0
transicao_dencun_2024,sensitivity,insertion,b_completa,AE,AE:b_completa,q999,266,177,89,89,0,177,0,0.0,0.0,1.0,0.33458646616541354,0.0,0.5,0.0,0.0,0.0
transicao_dencun_2024,sensitivity,displacement,b_completa,AE,AE:b_completa,q990,186,93,93,93,0,93,0,0.0,0.0,1.0,0.5,0.0,0.5,0.0,0.0,0.0
transicao_dencun_2024,sensitivity,displacement,b_completa,AE,AE:b_completa,q995,186,93,93,93,0,93,0,0.0,0.0,1.0,0.5,0.0,0.5,0.0,0.0,0.0
transicao_dencun_2024,sensitivity,displacement,b_completa,AE,AE:b_completa,q999,186,93,93,93,0,93,0,0.0,0.0,1.0,0.5,0.0,0.5,0.0,0.0,0.0
transicao_dencun_2024,strict,all,b_completa,IF,IF:b_completa,q990,270,179,91,90,1,177,2,0.6666666666666666,0.0111731843575419,0.989010989010989,0.33707865168539325,0.02197802197802198,0.5000920866842655,0.0008305347055478866,0.01098901098901095,0.011111111111111112
transicao_dencun_2024,strict,all,b_completa,IF,IF:b_completa,q995,270,179,91,91,0,178,1,1.0,0.00558659217877095,1.0,0.3382899628252788,0.011111111111111112,0.5027932960893855,0.04347284279267251,0.0,0.003703703703703704
transicao_dencun_2024,strict,all,b_completa,IF,IF:b_completa,q999,270,179,91,91,0,179,0,0.0,0.0,1.0,0.337037037037037,0.0,0.5,0.0,0.0,0.0
transicao_dencun_2024,strict,insertion,b_completa,IF,IF:b_completa,q990,266,177,89,89,0,175,2,1.0,0.011299435028248588,1.0,0.3371212121212121,0.0223463687150838,0.5056497175141242,0.0617193586568108,0.0,0.007518796992481203
transicao_dencun_2024,strict,insertion,b_completa,IF,IF:b_completa,q995,266,177,89,89,0,176,1,1.0,0.005649717514124294,1.0,0.33584905660377357,0.011235955056179775,0.5028248587570622,0.04355975547677536,0.0,0.0037593984962406013
transicao_dencun_2024,strict,insertion,b_completa,IF,IF:b_completa,q999,266,177,89,89,0,177,0,0.0,0.0,1.0,0.33458646616541354,0.0,0.5,0.0,0.0,0.0
transicao_dencun_2024,strict,displacement,b_completa,IF,IF:b_completa,q990,4,2,2,1,1,2,0,0.0,0.0,0.5,0.3333333333333333,0.0,0.25,-0.5773502691896258,0.5,0.25
transicao_dencun_2024,strict,displacement,b_completa,IF,IF:b_completa,q995,4,2,2,2,0,2,0,0.0,0.0,1.0,0.5,0.0,0.5,0.0,0.0,0.0
transicao_dencun_2024,strict,displacement,b_completa,IF,IF:b_completa,q999,4,2,2,2,0,2,0,0.0,0.0,1.0,0.5,0.0,0.5,0.0,0.0,0.0
transicao_dencun_2024,sensitivity,all,b_completa,IF,IF:b_completa,q990,452,270,182,181,1,268,2,0.6666666666666666,0.007407407407407408,0.9945054945054945,0.40311804008908686,0.014652014652014652,0.5009564509564509,0.011553843474981819,0.005494505494505475,0.00663716814159292
transicao_dencun_2024,sensitivity,all,b_completa,IF,IF:b_completa,q995,452,270,182,182,0,269,1,1.0,0.003703703703703704,1.0,0.4035476718403548,0.007380073800738007,0.5018518518518519,0.038660328591672996,0.0,0.0022123893805309734
transicao_dencun_2024,sensitivity,all,b_completa,IF,IF:b_completa,q999,452,270,182,182,0,270,0,0.0,0.0,1.0,0.4026548672566372,0.0,0.5,0.0,0.0,0.0
transicao_dencun_2024,sensitivity,insertion,b_completa,IF,IF:b_completa,q990,266,177,89,89,0,175,2,1.0,0.011299435028248588,1.0,0.3371212121212121,0.0223463687150838,0.5056497175141242,0.0617193586568108,0.0,0.007518796992481203
transicao_dencun_2024,sensitivity,insertion,b_completa,IF,IF:b_completa,q995,266,177,89,89,0,176,1,1.0,0.005649717514124294,1.0,0.33584905660377357,0.011235955056179775,0.5028248587570622,0.04355975547677536,0.0,0.0037593984962406013
transicao_dencun_2024,sensitivity,insertion,b_completa,IF,IF:b_completa,q999,266,177,89,89,0,177,0,0.0,0.0,1.0,0.33458646616541354,0.0,0.5,0.0,0.0,0.0
transicao_dencun_2024,sensitivity,displacement,b_completa,IF,IF:b_completa,q990,186,93,93,92,1,93,0,0.0,0.0,0.989247311827957,0.4972972972972973,0.0,0.4946236559139785,-0.07352146220938079,0.010752688172043001,0.005376344086021506
transicao_dencun_2024,sensitivity,displacement,b_completa,IF,IF:b_completa,q995,186,93,93,93,0,93,0,0.0,0.0,1.0,0.5,0.0,0.5,0.0,0.0,0.0
transicao_dencun_2024,sensitivity,displacement,b_completa,IF,IF:b_completa,q999,186,93,93,93,0,93,0,0.0,0.0,1.0,0.5,0.0,0.5,0.0,0.0,0.0
transicao_dencun_2024,strict,all,c_completa,AE,AE:c_completa,q990,270,179,91,88,3,177,2,0.4,0.0111731843575419,0.967032967032967,0.3320754716981132,0.02173913043478261,0.48910307569525446,-0.07641404719409008,0.03296703296703296,0.018518518518518517
transicao_dencun_2024,strict,all,c_completa,AE,AE:c_completa,q995,270,179,91,90,1,179,0,0.0,0.0,0.989010989010989,0.3345724907063197,0.0,0.4945054945054945,-0.08551251494382835,0.01098901098901095,0.003703703703703704
transicao_dencun_2024,strict,all,c_completa,AE,AE:c_completa,q999,270,179,91,91,0,179,0,0.0,0.0,1.0,0.337037037037037,0.0,0.5,0.0,0.0,0.0
transicao_dencun_2024,strict,insertion,c_completa,AE,AE:c_completa,q990,266,177,89,87,2,176,1,0.3333333333333333,0.005649717514124294,0.9775280898876404,0.33079847908745247,0.011111111111111112,0.4915889037008823,-0.07516674357106172,0.022471910112359605,0.011278195488721804
transicao_dencun_2024,strict,insertion,c_completa,AE,AE:c_completa,q995,266,177,89,89,0,177,0,0.0,0.0,1.0,0.33458646616541354,0.0,0.5,0.0,0.0,0.0
transicao_dencun_2024,strict,insertion,c_completa,AE,AE:c_completa,q999,266,177,89,89,0,177,0,0.0,0.0,1.0,0.33458646616541354,0.0,0.5,0.0,0.0,0.0
transicao_dencun_2024,strict,displacement,c_completa,AE,AE:c_completa,q990,4,2,2,1,1,1,1,0.5,0.5,0.5,0.5,0.5,0.5,0.0,0.5,0.5
transicao_dencun_2024,strict,displacement,c_completa,AE,AE:c_completa,q995,4,2,2,1,1,2,0,0.0,0.0,0.5,0.3333333333333333,0.0,0.25,-0.5773502691896258,0.5,0.25
transicao_dencun_2024,strict,displacement,c_completa,AE,AE:c_completa,q999,4,2,2,2,0,2,0,0.0,0.0,1.0,0.5,0.0,0.5,0.0,0.0,0.0
transicao_dencun_2024,sensitivity,all,c_completa,AE,AE:c_completa,q990,452,270,182,178,4,268,2,0.3333333333333333,0.007407407407407408,0.978021978021978,0.3991031390134529,0.014492753623188406,0.4927146927146927,-0.06243849000887954,0.02197802197802201,0.01327433628318584
transicao_dencun_2024,sensitivity,all,c_completa,AE,AE:c_completa,q995,452,270,182,180,2,270,0,0.0,0.0,0.989010989010989,0.4,0.0,0.4945054945054945,-0.08119979429411502,0.01098901098901095,0.004424778761061947
transicao_dencun_2024,sensitivity,all,c_completa,AE,AE:c_completa,q999,452,270,182,182,0,270,0,0.0,0.0,1.0,0.4026548672566372,0.0,0.5,0.0,0.0,0.0
transicao_dencun_2024,sensitivity,insertion,c_completa,AE,AE:c_completa,q990,266,177,89,87,2,176,1,0.3333333333333333,0.005649717514124294,0.9775280898876404,0.33079847908745247,0.011111111111111112,0.4915889037008823,-0.07516674357106172,0.022471910112359605,0.011278195488721804
transicao_dencun_2024,sensitivity,insertion,c_completa,AE,AE:c_completa,q995,266,177,89,89,0,177,0,0.0,0.0,1.0,0.33458646616541354,0.0,0.5,0.0,0.0,0.0
transicao_dencun_2024,sensitivity,insertion,c_completa,AE,AE:c_completa,q999,266,177,89,89,0,177,0,0.0,0.0,1.0,0.33458646616541354,0.0,0.5,0.0,0.0,0.0
transicao_dencun_2024,sensitivity,displacement,c_completa,AE,AE:c_completa,q990,186,93,93,91,2,92,1,0.3333333333333333,0.010752688172043012,0.978494623655914,0.4972677595628415,0.020833333333333336,0.4946236559139785,-0.04267895997763199,0.021505376344086002,0.016129032258064516
transicao_dencun_2024,sensitivity,displacement,c_completa,AE,AE:c_completa,q995,186,93,93,91,2,93,0,0.0,0.0,0.978494623655914,0.4945652173913043,0.0,0.489247311827957,-0.10425720702853737,0.021505376344086002,0.010752688172043012
transicao_dencun_2024,sensitivity,displacement,c_completa,AE,AE:c_completa,q999,186,93,93,93,0,93,0,0.0,0.0,1.0,0.5,0.0,0.5,0.0,0.0,0.0
transicao_dencun_2024,strict,all,c_completa,IF,IF:c_completa,q990,270,179,91,91,0,173,6,1.0,0.0335195530726257,1.0,0.3446969696969697,0.06486486486486485,0.5167597765363129,0.10748994543551889,0.0,0.022222222222222223
transicao_dencun_2024,strict,all,c_completa,IF,IF:c_completa,q995,270,179,91,91,0,176,3,1.0,0.01675977653631285,1.0,0.3408239700374532,0.03296703296703297,0.5083798882681564,0.07557865820485768,0.0,0.011111111111111112
transicao_dencun_2024,strict,all,c_completa,IF,IF:c_completa,q999,270,179,91,91,0,179,0,0.0,0.0,1.0,0.337037037037037,0.0,0.5,0.0,0.0,0.0
transicao_dencun_2024,strict,insertion,c_completa,IF,IF:c_completa,q990,266,177,89,89,0,171,6,1.0,0.03389830508474576,1.0,0.3423076923076923,0.06557377049180328,0.5169491525423728,0.10772024223283864,0.0,0.022556390977443608
transicao_dencun_2024,strict,insertion,c_completa,IF,IF:c_completa,q995,266,177,89,89,0,174,3,1.0,0.01694915254237288,1.0,0.33840304182509506,0.03333333333333333,0.5084745762711864,0.07573403974895652,0.0,0.011278195488721804
transicao_dencun_2024,strict,insertion,c_completa,IF,IF:c_completa,q999,266,177,89,89,0,177,0,0.0,0.0,1.0,0.33458646616541354,0.0,0.5,0.0,0.0,0.0
transicao_dencun_2024,strict,displacement,c_completa,IF,IF:c_completa,q990,4,2,2,2,0,2,0,0.0,0.0,1.0,0.5,0.0,0.5,0.0,0.0,0.0
transicao_dencun_2024,strict,displacement,c_completa,IF,IF:c_completa,q995,4,2,2,2,0,2,0,0.0,0.0,1.0,0.5,0.0,0.5,0.0,0.0,0.0
transicao_dencun_2024,strict,displacement,c_completa,IF,IF:c_completa,q999,4,2,2,2,0,2,0,0.0,0.0,1.0,0.5,0.0,0.5,0.0,0.0,0.0
transicao_dencun_2024,sensitivity,all,c_completa,IF,IF:c_completa,q990,452,270,182,182,0,264,6,1.0,0.022222222222222223,1.0,0.4080717488789238,0.04347826086956522,0.5111111111111111,0.09522741772303975,0.0,0.01327433628318584
transicao_dencun_2024,sensitivity,all,c_completa,IF,IF:c_completa,q995,452,270,182,182,0,267,3,1.0,0.011111111111111112,1.0,0.4053452115812918,0.02197802197802198,0.5055555555555555,0.06711062273766036,0.0,0.00663716814159292
transicao_dencun_2024,sensitivity,all,c_completa,IF,IF:c_completa,q999,452,270,182,182,0,270,0,0.0,0.0,1.0,0.4026548672566372,0.0,0.5,0.0,0.0,0.0
transicao_dencun_2024,sensitivity,insertion,c_completa,IF,IF:c_completa,q990,266,177,89,89,0,171,6,1.0,0.03389830508474576,1.0,0.3423076923076923,0.06557377049180328,0.5169491525423728,0.10772024223283864,0.0,0.022556390977443608
transicao_dencun_2024,sensitivity,insertion,c_completa,IF,IF:c_completa,q995,266,177,89,89,0,174,3,1.0,0.01694915254237288,1.0,0.33840304182509506,0.03333333333333333,0.5084745762711864,0.07573403974895652,0.0,0.011278195488721804
transicao_dencun_2024,sensitivity,insertion,c_completa,IF,IF:c_completa,q999,266,177,89,89,0,177,0,0.0,0.0,1.0,0.33458646616541354,0.0,0.5,0.0,0.0,0.0
transicao_dencun_2024,sensitivity,displacement,c_completa,IF,IF:c_completa,q990,186,93,93,93,0,93,0,0.0,0.0,1.0,0.5,0.0,0.5,0.0,0.0,0.0
transicao_dencun_2024,sensitivity,displacement,c_completa,IF,IF:c_completa,q995,186,93,93,93,0,93,0,0.0,0.0,1.0,0.5,0.0,0.5,0.0,0.0,0.0
transicao_dencun_2024,sensitivity,displacement,c_completa,IF,IF:c_completa,q999,186,93,93,93,0,93,0,0.0,0.0,1.0,0.5,0.0,0.5,0.0,0.0,0.0
transicao_dencun_2024,strict,all,b_sem_taxas_absolutas,AE,AE:b_sem_taxas_absolutas,q990,270,179,91,91,0,179,0,0.0,0.0,1.0,0.337037037037037,0.0,0.5,0.0,0.0,0.0
transicao_dencun_2024,strict,all,b_sem_taxas_absolutas,AE,AE:b_sem_taxas_absolutas,q995,270,179,91,91,0,179,0,0.0,0.0,1.0,0.337037037037037,0.0,0.5,0.0,0.0,0.0
transicao_dencun_2024,strict,all,b_sem_taxas_absolutas,AE,AE:b_sem_taxas_absolutas,q999,270,179,91,91,0,179,0,0.0,0.0,1.0,0.337037037037037,0.0,0.5,0.0,0.0,0.0
transicao_dencun_2024,strict,insertion,b_sem_taxas_absolutas,AE,AE:b_sem_taxas_absolutas,q990,266,177,89,89,0,177,0,0.0,0.0,1.0,0.33458646616541354,0.0,0.5,0.0,0.0,0.0
transicao_dencun_2024,strict,insertion,b_sem_taxas_absolutas,AE,AE:b_sem_taxas_absolutas,q995,266,177,89,89,0,177,0,0.0,0.0,1.0,0.33458646616541354,0.0,0.5,0.0,0.0,0.0
transicao_dencun_2024,strict,insertion,b_sem_taxas_absolutas,AE,AE:b_sem_taxas_absolutas,q999,266,177,89,89,0,177,0,0.0,0.0,1.0,0.33458646616541354,0.0,0.5,0.0,0.0,0.0
transicao_dencun_2024,strict,displacement,b_sem_taxas_absolutas,AE,AE:b_sem_taxas_absolutas,q990,4,2,2,2,0,2,0,0.0,0.0,1.0,0.5,0.0,0.5,0.0,0.0,0.0
transicao_dencun_2024,strict,displacement,b_sem_taxas_absolutas,AE,AE:b_sem_taxas_absolutas,q995,4,2,2,2,0,2,0,0.0,0.0,1.0,0.5,0.0,0.5,0.0,0.0,0.0
transicao_dencun_2024,strict,displacement,b_sem_taxas_absolutas,AE,AE:b_sem_taxas_absolutas,q999,4,2,2,2,0,2,0,0.0,0.0,1.0,0.5,0.0,0.5,0.0,0.0,0.0
transicao_dencun_2024,sensitivity,all,b_sem_taxas_absolutas,AE,AE:b_sem_taxas_absolutas,q990,452,270,182,182,0,269,1,1.0,0.003703703703703704,1.0,0.4035476718403548,0.007380073800738007,0.5018518518518519,0.038660328591672996,0.0,0.0022123893805309734
transicao_dencun_2024,sensitivity,all,b_sem_taxas_absolutas,AE,AE:b_sem_taxas_absolutas,q995,452,270,182,182,0,270,0,0.0,0.0,1.0,0.4026548672566372,0.0,0.5,0.0,0.0,0.0
transicao_dencun_2024,sensitivity,all,b_sem_taxas_absolutas,AE,AE:b_sem_taxas_absolutas,q999,452,270,182,182,0,270,0,0.0,0.0,1.0,0.4026548672566372,0.0,0.5,0.0,0.0,0.0
transicao_dencun_2024,sensitivity,insertion,b_sem_taxas_absolutas,AE,AE:b_sem_taxas_absolutas,q990,266,177,89,89,0,177,0,0.0,0.0,1.0,0.33458646616541354,0.0,0.5,0.0,0.0,0.0
transicao_dencun_2024,sensitivity,insertion,b_sem_taxas_absolutas,AE,AE:b_sem_taxas_absolutas,q995,266,177,89,89,0,177,0,0.0,0.0,1.0,0.33458646616541354,0.0,0.5,0.0,0.0,0.0
transicao_dencun_2024,sensitivity,insertion,b_sem_taxas_absolutas,AE,AE:b_sem_taxas_absolutas,q999,266,177,89,89,0,177,0,0.0,0.0,1.0,0.33458646616541354,0.0,0.5,0.0,0.0,0.0
transicao_dencun_2024,sensitivity,displacement,b_sem_taxas_absolutas,AE,AE:b_sem_taxas_absolutas,q990,186,93,93,93,0,92,1,1.0,0.010752688172043012,1.0,0.5027027027027027,0.021276595744680854,0.5053763440860215,0.07352146220938079,0.0,0.005376344086021506
transicao_dencun_2024,sensitivity,displacement,b_sem_taxas_absolutas,AE,AE:b_sem_taxas_absolutas,q995,186,93,93,93,0,93,0,0.0,0.0,1.0,0.5,0.0,0.5,0.0,0.0,0.0
transicao_dencun_2024,sensitivity,displacement,b_sem_taxas_absolutas,AE,AE:b_sem_taxas_absolutas,q999,186,93,93,93,0,93,0,0.0,0.0,1.0,0.5,0.0,0.5,0.0,0.0,0.0
transicao_dencun_2024,strict,all,b_sem_taxas_absolutas,IF,IF:b_sem_taxas_absolutas,q990,270,179,91,90,1,179,0,0.0,0.0,0.989010989010989,0.3345724907063197,0.0,0.4945054945054945,-0.08551251494382835,0.01098901098901095,0.003703703703703704
transicao_dencun_2024,strict,all,b_sem_taxas_absolutas,IF,IF:b_sem_taxas_absolutas,q995,270,179,91,91,0,179,0,0.0,0.0,1.0,0.337037037037037,0.0,0.5,0.0,0.0,0.0
transicao_dencun_2024,strict,all,b_sem_taxas_absolutas,IF,IF:b_sem_taxas_absolutas,q999,270,179,91,91,0,179,0,0.0,0.0,1.0,0.337037037037037,0.0,0.5,0.0,0.0,0.0
transicao_dencun_2024,strict,insertion,b_sem_taxas_absolutas,IF,IF:b_sem_taxas_absolutas,q990,266,177,89,89,0,177,0,0.0,0.0,1.0,0.33458646616541354,0.0,0.5,0.0,0.0,0.0
transicao_dencun_2024,strict,insertion,b_sem_taxas_absolutas,IF,IF:b_sem_taxas_absolutas,q995,266,177,89,89,0,177,0,0.0,0.0,1.0,0.33458646616541354,0.0,0.5,0.0,0.0,0.0
transicao_dencun_2024,strict,insertion,b_sem_taxas_absolutas,IF,IF:b_sem_taxas_absolutas,q999,266,177,89,89,0,177,0,0.0,0.0,1.0,0.33458646616541354,0.0,0.5,0.0,0.0,0.0
transicao_dencun_2024,strict,displacement,b_sem_taxas_absolutas,IF,IF:b_sem_taxas_absolutas,q990,4,2,2,1,1,2,0,0.0,0.0,0.5,0.3333333333333333,0.0,0.25,-0.5773502691896258,0.5,0.25
transicao_dencun_2024,strict,displacement,b_sem_taxas_absolutas,IF,IF:b_sem_taxas_absolutas,q995,4,2,2,2,0,2,0,0.0,0.0,1.0,0.5,0.0,0.5,0.0,0.0,0.0
transicao_dencun_2024,strict,displacement,b_sem_taxas_absolutas,IF,IF:b_sem_taxas_absolutas,q999,4,2,2,2,0,2,0,0.0,0.0,1.0,0.5,0.0,0.5,0.0,0.0,0.0
transicao_dencun_2024,sensitivity,all,b_sem_taxas_absolutas,IF,IF:b_sem_taxas_absolutas,q990,452,270,182,181,1,270,0,0.0,0.0,0.9945054945054945,0.401330376940133,0.0,0.49725274725274726,-0.05735323472391049,0.005494505494505475,0.0022123893805309734
transicao_dencun_2024,sensitivity,all,b_sem_taxas_absolutas,IF,IF:b_sem_taxas_absolutas,q995,452,270,182,182,0,270,0,0.0,0.0,1.0,0.4026548672566372,0.0,0.5,0.0,0.0,0.0
transicao_dencun_2024,sensitivity,all,b_sem_taxas_absolutas,IF,IF:b_sem_taxas_absolutas,q999,452,270,182,182,0,270,0,0.0,0.0,1.0,0.4026548672566372,0.0,0.5,0.0,0.0,0.0
transicao_dencun_2024,sensitivity,insertion,b_sem_taxas_absolutas,IF,IF:b_sem_taxas_absolutas,q990,266,177,89,89,0,177,0,0.0,0.0,1.0,0.33458646616541354,0.0,0.5,0.0,0.0,0.0
transicao_dencun_2024,sensitivity,insertion,b_sem_taxas_absolutas,IF,IF:b_sem_taxas_absolutas,q995,266,177,89,89,0,177,0,0.0,0.0,1.0,0.33458646616541354,0.0,0.5,0.0,0.0,0.0
transicao_dencun_2024,sensitivity,insertion,b_sem_taxas_absolutas,IF,IF:b_sem_taxas_absolutas,q999,266,177,89,89,0,177,0,0.0,0.0,1.0,0.33458646616541354,0.0,0.5,0.0,0.0,0.0
transicao_dencun_2024,sensitivity,displacement,b_sem_taxas_absolutas,IF,IF:b_sem_taxas_absolutas,q990,186,93,93,92,1,93,0,0.0,0.0,0.989247311827957,0.4972972972972973,0.0,0.4946236559139785,-0.07352146220938079,0.010752688172043001,0.005376344086021506
transicao_dencun_2024,sensitivity,displacement,b_sem_taxas_absolutas,IF,IF:b_sem_taxas_absolutas,q995,186,93,93,93,0,93,0,0.0,0.0,1.0,0.5,0.0,0.5,0.0,0.0,0.0
transicao_dencun_2024,sensitivity,displacement,b_sem_taxas_absolutas,IF,IF:b_sem_taxas_absolutas,q999,186,93,93,93,0,93,0,0.0,0.0,1.0,0.5,0.0,0.5,0.0,0.0,0.0
transicao_dencun_2024,strict,all,c_sem_taxas_absolutas,AE,AE:c_sem_taxas_absolutas,q990,270,179,91,90,1,178,1,0.5,0.00558659217877095,0.989010989010989,0.3358208955223881,0.011049723756906077,0.49729879059488,-0.029781945575771497,0.01098901098901095,0.007407407407407408
transicao_dencun_2024,strict,all,c_sem_taxas_absolutas,AE,AE:c_sem_taxas_absolutas,q995,270,179,91,91,0,179,0,0.0,0.0,1.0,0.337037037037037,0.0,0.5,0.0,0.0,0.0
transicao_dencun_2024,strict,all,c_sem_taxas_absolutas,AE,AE:c_sem_taxas_absolutas,q999,270,179,91,91,0,179,0,0.0,0.0,1.0,0.337037037037037,0.0,0.5,0.0,0.0,0.0
transicao_dencun_2024,strict,insertion,c_sem_taxas_absolutas,AE,AE:c_sem_taxas_absolutas,q990,266,177,89,88,1,176,1,0.5,0.005649717514124294,0.9887640449438202,0.3333333333333333,0.0111731843575419,0.4972068812289722,-0.03051294135842332,0.011235955056179803,0.007518796992481203
transicao_dencun_2024,strict,insertion,c_sem_taxas_absolutas,AE,AE:c_sem_taxas_absolutas,q995,266,177,89,89,0,177,0,0.0,0.0,1.0,0.33458646616541354,0.0,0.5,0.0,0.0,0.0
transicao_dencun_2024,strict,insertion,c_sem_taxas_absolutas,AE,AE:c_sem_taxas_absolutas,q999,266,177,89,89,0,177,0,0.0,0.0,1.0,0.33458646616541354,0.0,0.5,0.0,0.0,0.0
transicao_dencun_2024,strict,displacement,c_sem_taxas_absolutas,AE,AE:c_sem_taxas_absolutas,q990,4,2,2,2,0,2,0,0.0,0.0,1.0,0.5,0.0,0.5,0.0,0.0,0.0
transicao_dencun_2024,strict,displacement,c_sem_taxas_absolutas,AE,AE:c_sem_taxas_absolutas,q995,4,2,2,2,0,2,0,0.0,0.0,1.0,0.5,0.0,0.5,0.0,0.0,0.0
transicao_dencun_2024,strict,displacement,c_sem_taxas_absolutas,AE,AE:c_sem_taxas_absolutas,q999,4,2,2,2,0,2,0,0.0,0.0,1.0,0.5,0.0,0.5,0.0,0.0,0.0
transicao_dencun_2024,sensitivity,all,c_sem_taxas_absolutas,AE,AE:c_sem_taxas_absolutas,q990,452,270,182,181,1,269,1,0.5,0.003703703703703704,0.9945054945054945,0.4022222222222222,0.007352941176470589,0.4991045991045991,-0.013232559070152076,0.005494505494505475,0.004424778761061947
transicao_dencun_2024,sensitivity,all,c_sem_taxas_absolutas,AE,AE:c_sem_taxas_absolutas,q995,452,270,182,182,0,270,0,0.0,0.0,1.0,0.4026548672566372,0.0,0.5,0.0,0.0,0.0
transicao_dencun_2024,sensitivity,all,c_sem_taxas_absolutas,AE,AE:c_sem_taxas_absolutas,q999,452,270,182,182,0,270,0,0.0,0.0,1.0,0.4026548672566372,0.0,0.5,0.0,0.0,0.0
transicao_dencun_2024,sensitivity,insertion,c_sem_taxas_absolutas,AE,AE:c_sem_taxas_absolutas,q990,266,177,89,88,1,176,1,0.5,0.005649717514124294,0.9887640449438202,0.3333333333333333,0.0111731843575419,0.4972068812289722,-0.03051294135842332,0.011235955056179803,0.007518796992481203
transicao_dencun_2024,sensitivity,insertion,c_sem_taxas_absolutas,AE,AE:c_sem_taxas_absolutas,q995,266,177,89,89,0,177,0,0.0,0.0,1.0,0.33458646616541354,0.0,0.5,0.0,0.0,0.0
transicao_dencun_2024,sensitivity,insertion,c_sem_taxas_absolutas,AE,AE:c_sem_taxas_absolutas,q999,266,177,89,89,0,177,0,0.0,0.0,1.0,0.33458646616541354,0.0,0.5,0.0,0.0,0.0
transicao_dencun_2024,sensitivity,displacement,c_sem_taxas_absolutas,AE,AE:c_sem_taxas_absolutas,q990,186,93,93,93,0,93,0,0.0,0.0,1.0,0.5,0.0,0.5,0.0,0.0,0.0
transicao_dencun_2024,sensitivity,displacement,c_sem_taxas_absolutas,AE,AE:c_sem_taxas_absolutas,q995,186,93,93,93,0,93,0,0.0,0.0,1.0,0.5,0.0,0.5,0.0,0.0,0.0
transicao_dencun_2024,sensitivity,displacement,c_sem_taxas_absolutas,AE,AE:c_sem_taxas_absolutas,q999,186,93,93,93,0,93,0,0.0,0.0,1.0,0.5,0.0,0.5,0.0,0.0,0.0
transicao_dencun_2024,strict,all,c_sem_taxas_absolutas,IF,IF:c_sem_taxas_absolutas,q990,270,179,91,91,0,179,0,0.0,0.0,1.0,0.337037037037037,0.0,0.5,0.0,0.0,0.0
transicao_dencun_2024,strict,all,c_sem_taxas_absolutas,IF,IF:c_sem_taxas_absolutas,q995,270,179,91,91,0,179,0,0.0,0.0,1.0,0.337037037037037,0.0,0.5,0.0,0.0,0.0
transicao_dencun_2024,strict,all,c_sem_taxas_absolutas,IF,IF:c_sem_taxas_absolutas,q999,270,179,91,91,0,179,0,0.0,0.0,1.0,0.337037037037037,0.0,0.5,0.0,0.0,0.0
transicao_dencun_2024,strict,insertion,c_sem_taxas_absolutas,IF,IF:c_sem_taxas_absolutas,q990,266,177,89,89,0,177,0,0.0,0.0,1.0,0.33458646616541354,0.0,0.5,0.0,0.0,0.0
transicao_dencun_2024,strict,insertion,c_sem_taxas_absolutas,IF,IF:c_sem_taxas_absolutas,q995,266,177,89,89,0,177,0,0.0,0.0,1.0,0.33458646616541354,0.0,0.5,0.0,0.0,0.0
transicao_dencun_2024,strict,insertion,c_sem_taxas_absolutas,IF,IF:c_sem_taxas_absolutas,q999,266,177,89,89,0,177,0,0.0,0.0,1.0,0.33458646616541354,0.0,0.5,0.0,0.0,0.0
transicao_dencun_2024,strict,displacement,c_sem_taxas_absolutas,IF,IF:c_sem_taxas_absolutas,q990,4,2,2,2,0,2,0,0.0,0.0,1.0,0.5,0.0,0.5,0.0,0.0,0.0
transicao_dencun_2024,strict,displacement,c_sem_taxas_absolutas,IF,IF:c_sem_taxas_absolutas,q995,4,2,2,2,0,2,0,0.0,0.0,1.0,0.5,0.0,0.5,0.0,0.0,0.0
transicao_dencun_2024,strict,displacement,c_sem_taxas_absolutas,IF,IF:c_sem_taxas_absolutas,q999,4,2,2,2,0,2,0,0.0,0.0,1.0,0.5,0.0,0.5,0.0,0.0,0.0
transicao_dencun_2024,sensitivity,all,c_sem_taxas_absolutas,IF,IF:c_sem_taxas_absolutas,q990,452,270,182,182,0,270,0,0.0,0.0,1.0,0.4026548672566372,0.0,0.5,0.0,0.0,0.0
transicao_dencun_2024,sensitivity,all,c_sem_taxas_absolutas,IF,IF:c_sem_taxas_absolutas,q995,452,270,182,182,0,270,0,0.0,0.0,1.0,0.4026548672566372,0.0,0.5,0.0,0.0,0.0
transicao_dencun_2024,sensitivity,all,c_sem_taxas_absolutas,IF,IF:c_sem_taxas_absolutas,q999,452,270,182,182,0,270,0,0.0,0.0,1.0,0.4026548672566372,0.0,0.5,0.0,0.0,0.0
transicao_dencun_2024,sensitivity,insertion,c_sem_taxas_absolutas,IF,IF:c_sem_taxas_absolutas,q990,266,177,89,89,0,177,0,0.0,0.0,1.0,0.33458646616541354,0.0,0.5,0.0,0.0,0.0
transicao_dencun_2024,sensitivity,insertion,c_sem_taxas_absolutas,IF,IF:c_sem_taxas_absolutas,q995,266,177,89,89,0,177,0,0.0,0.0,1.0,0.33458646616541354,0.0,0.5,0.0,0.0,0.0
transicao_dencun_2024,sensitivity,insertion,c_sem_taxas_absolutas,IF,IF:c_sem_taxas_absolutas,q999,266,177,89,89,0,177,0,0.0,0.0,1.0,0.33458646616541354,0.0,0.5,0.0,0.0,0.0
transicao_dencun_2024,sensitivity,displacement,c_sem_taxas_absolutas,IF,IF:c_sem_taxas_absolutas,q990,186,93,93,93,0,93,0,0.0,0.0,1.0,0.5,0.0,0.5,0.0,0.0,0.0
transicao_dencun_2024,sensitivity,displacement,c_sem_taxas_absolutas,IF,IF:c_sem_taxas_absolutas,q995,186,93,93,93,0,93,0,0.0,0.0,1.0,0.5,0.0,0.5,0.0,0.0,0.0
transicao_dencun_2024,sensitivity,displacement,c_sem_taxas_absolutas,IF,IF:c_sem_taxas_absolutas,q999,186,93,93,93,0,93,0,0.0,0.0,1.0,0.5,0.0,0.5,0.0,0.0,0.0
treino_2024_pos_dencun,strict,all,a_completa,AE,AE:a_completa,q990,3724,2455,1269,1236,33,2447,8,0.1951219512195122,0.003258655804480652,0.9739952718676123,0.33559598153679066,0.00641025641025641,0.4886269638360465,-0.1033166193974371,0.026004728132387744,0.01100966702470462
treino_2024_pos_dencun,strict,all,a_completa,AE,AE:a_completa,q995,3724,2455,1269,1264,5,2454,1,0.16666666666666666,0.0004073319755600815,0.996059889676911,0.3399677245831092,0.0008126777732629013,0.4982336108262355,-0.04174866872138845,0.003940110323089052,0.001611170784103115
treino_2024_pos_dencun,strict,all,a_completa,AE,AE:a_completa,q999,3724,2455,1269,1269,0,2455,0,0.0,0.0,1.0,0.3407626208378088,0.0,0.5,0.0,0.0,0.0
treino_2024_pos_dencun,strict,insertion,a_completa,AE,AE:a_completa,q990,3562,2374,1188,1186,2,2367,7,0.7777777777777778,0.0029486099410278013,0.9983164983164983,0.33380242048972697,0.005874947545111205,0.5006325541287631,0.011881120746992756,0.0016835016835017313,0.0025266704098820887
treino_2024_pos_dencun,strict,insertion,a_completa,AE,AE:a_completa,q995,3562,2374,1188,1187,1,2373,1,0.5,0.00042122999157540015,0.9991582491582491,0.3334269662921348,0.0008417508417508418,0.49978973957491224,-0.008369434494106156,0.0008417508417508657,0.0005614823133071309
treino_2024_pos_dencun,strict,insertion,a_completa,AE,AE:a_completa,q999,3562,2374,1188,1188,0,2374,0,0.0,0.0,1.0,0.3335204941044357,0.0,0.5,0.0,0.0,0.0
treino_2024_pos_dencun,strict,displacement,a_completa,AE,AE:a_completa,q990,162,81,81,50,31,80,1,0.03125,0.012345679012345678,0.6172839506172839,0.38461538461538464,0.017699115044247787,0.31481481481481477,-0.4651302547095317,0.3827160493827161,0.19753086419753085
treino_2024_pos_dencun,strict,displacement,a_completa,AE,AE:a_completa,q995,162,81,81,77,4,81,0,0.0,0.0,0.9506172839506173,0.4873417721518987,0.0,0.47530864197530864,-0.15911145683514602,0.04938271604938271,0.024691358024691357
treino_2024_pos_dencun,strict,displacement,a_completa,AE,AE:a_completa,q999,162,81,81,81,0,81,0,0.0,0.0,1.0,0.5,0.0,0.5,0.0,0.0,0.0
treino_2024_pos_dencun,sensitivity,all,a_completa,AE,AE:a_completa,q990,8238,4712,3526,3394,132,4584,128,0.49230769230769234,0.027164685908319185,0.9625638116846285,0.4254199047380296,0.05148833467417538,0.49486424879647384,-0.02906993610207714,0.037436188315371544,0.03156105850934693
treino_2024_pos_dencun,sensitivity,all,a_completa,AE,AE:a_completa,q995,8238,4712,3526,3520,6,4709,3,0.3333333333333333,0.0006366723259762309,0.998298355076574,0.42775549884554626,0.0012709171785638637,0.4994675137012751,-0.015950982632872847,0.001701644923425949,0.0010924981791697013
treino_2024_pos_dencun,sensitivity,all,a_completa,AE,AE:a_completa,q999,8238,4712,3526,3526,0,4711,1,1.0,0.00021222410865874363,1.0,0.42806847153089717,0.00042435815828559297,0.5001061120543294,0.009531340399731584,0.0,0.00012138868657441127
treino_2024_pos_dencun,sensitivity,insertion,a_completa,AE,AE:a_completa,q990,3562,2374,1188,1186,2,2367,7,0.7777777777777778,0.0029486099410278013,0.9983164983164983,0.33380242048972697,0.005874947545111205,0.5006325541287631,0.011881120746992756,0.0016835016835017313,0.0025266704098820887
treino_2024_pos_dencun,sensitivity,insertion,a_completa,AE,AE:a_completa,q995,3562,2374,1188,1187,1,2373,1,0.5,0.00042122999157540015,0.9991582491582491,0.3334269662921348,0.0008417508417508418,0.49978973957491224,-0.008369434494106156,0.0008417508417508657,0.0005614823133071309
treino_2024_pos_dencun,sensitivity,insertion,a_completa,AE,AE:a_completa,q999,3562,2374,1188,1188,0,2374,0,0.0,0.0,1.0,0.3335204941044357,0.0,0.5,0.0,0.0,0.0
treino_2024_pos_dencun,sensitivity,displacement,a_completa,AE,AE:a_completa,q990,4676,2338,2338,2208,130,2217,121,0.4820717131474104,0.05175363558597092,0.9443969204448246,0.49898305084745764,0.09347238315952106,0.49807527801539775,-0.008539825787749443,0.055603079555175405,0.05367835757057314
treino_2024_pos_dencun,sensitivity,displacement,a_completa,AE,AE:a_completa,q995,4676,2338,2338,2333,5,2336,2,0.2857142857142857,0.000855431993156544,0.9978614200171086,0.49967873206254015,0.0017057569296375268,0.4993584260051326,-0.016594351985622136,0.002138579982891353,0.0014970059880239522
treino_2024_pos_dencun,sensitivity,displacement,a_completa,AE,AE:a_completa,q999,4676,2338,2338,2338,0,2337,1,1.0,0.000427715996578272,1.0,0.5001069518716578,0.0008550662676357418,0.5002138579982891,0.014625448482542613,0.0,0.000213857998289136
treino_2024_pos_dencun,strict,all,a_completa,IF,IF:a_completa,q990,3724,2455,1269,1265,4,2362,93,0.9587628865979382,0.037881873727087574,0.9968479117415288,0.3487730907085746,0.07288401253918494,0.5173648927343082,0.10334727144795092,0.0031520882584712417,0.026047261009667026
treino_2024_pos_dencun,strict,all,a_completa,IF,IF:a_completa,q995,3724,2455,1269,1267,2,2397,58,0.9666666666666667,0.023625254582484725,0.9984239558707644,0.34579694323144106,0.046123260437375746,0.5110246052266245,0.08300346916620599,0.0015760441292356209,0.01611170784103115
treino_2024_pos_dencun,strict,all,a_completa,IF,IF:a_completa,q999,3724,2455,1269,1268,1,2416,39,0.975,0.015885947046843176,0.9992119779353822,0.34419109663409336,0.0312625250501002,0.5075489624911127,0.06941990515677611,0.0007880220646178104,0.010741138560687433
treino_2024_pos_dencun,strict,insertion,a_completa,IF,IF:a_completa,q990,3562,2374,1188,1188,0,2282,92,1.0,0.038753159224936815,1.0,0.34236311239193085,0.0746147607461476,0.5193765796124684,0.11518529509997982,0.0,0.02582818641212802
treino_2024_pos_dencun,strict,insertion,a_completa,IF,IF:a_completa,q995,3562,2374,1188,1188,0,2317,57,1.0,0.02401010951979781,1.0,0.33894436519258203,0.04689428218839984,0.5120050547598989,0.09021137028885128,0.0,0.016002245929253228
treino_2024_pos_dencun,strict,insertion,a_completa,IF,IF:a_completa,q999,3562,2374,1188,1188,0,2336,38,1.0,0.016006739679865205,1.0,0.337116912599319,0.03150912106135987,0.5080033698399326,0.07345844173175177,0.0,0.010668163952835485
treino_2024_pos_dencun,strict,displacement,a_completa,IF,IF:a_completa,q990,162,81,81,77,4,80,1,0.2,0.012345679012345678,0.9506172839506173,0.49044585987261147,0.023255813953488372,0.4814814814814815,-0.10707459153723745,0.04938271604938271,0.030864197530864196
treino_2024_pos_dencun,strict,displacement,a_completa,IF,IF:a_completa,q995,162,81,81,79,2,80,1,0.3333333333333333,0.012345679012345678,0.9753086419753086,0.4968553459119497,0.023809523809523808,0.49382716049382713,-0.04578685464956301,0.024691358024691357,0.018518518518518517
treino_2024_pos_dencun,strict,displacement,a_completa,IF,IF:a_completa,q999,162,81,81,80,1,80,1,0.5,0.012345679012345678,0.9876543209876543,0.5,0.024096385542168672,0.5,0.0,0.012345679012345734,0.012345679012345678
treino_2024_pos_dencun,sensitivity,all,a_completa,IF,IF:a_completa,q990,8238,4712,3526,3521,5,4614,98,0.9514563106796117,0.020797962648556875,0.9985819625638117,0.43282114320835896,0.0407061266874351,0.5096899626061843,0.08629755684344881,0.0014180374361882908,0.01250303471716436
treino_2024_pos_dencun,sensitivity,all,a_completa,IF,IF:a_completa,q995,8238,4712,3526,3523,3,4650,62,0.9538461538461539,0.013157894736842105,0.999149177538287,0.4310534687385293,0.02595771404647268,0.5061535361375645,0.06882577623114479,0.0008508224617129745,0.007890264627336732
treino_2024_pos_dencun,sensitivity,all,a_completa,IF,IF:a_completa,q999,8238,4712,3526,3525,1,4672,40,0.975609756097561,0.008488964346349746,0.9997163925127623,0.4300353787971209,0.016831474857984433,0.504102678429556,0.057692833956857446,0.00028360748723765816,0.004976936149550862
treino_2024_pos_dencun,sensitivity,insertion,a_completa,IF,IF:a_completa,q990,3562,2374,1188,1188,0,2282,92,1.0,0.038753159224936815,1.0,0.34236311239193085,0.0746147607461476,0.5193765796124684,0.11518529509997982,0.0,0.02582818641212802
treino_2024_pos_dencun,sensitivity,insertion,a_completa,IF,IF:a_completa,q995,3562,2374,1188,1188,0,2317,57,1.0,0.02401010951979781,1.0,0.33894436519258203,0.04689428218839984,0.5120050547598989,0.09021137028885128,0.0,0.016002245929253228
treino_2024_pos_dencun,sensitivity,insertion,a_completa,IF,IF:a_completa,q999,3562,2374,1188,1188,0,2336,38,1.0,0.016006739679865205,1.0,0.337116912599319,0.03150912106135987,0.5080033698399326,0.07345844173175177,0.0,0.010668163952835485
treino_2024_pos_dencun,sensitivity,displacement,a_completa,IF,IF:a_completa,q990,4676,2338,2338,2333,5,2332,6,0.5454545454545454,0.0025662959794696323,0.9978614200171086,0.5001071811361201,0.005108556832694764,0.5002138579982891,0.004414462514797612,0.002138579982891353,0.002352437981180496
treino_2024_pos_dencun,sensitivity,displacement,a_completa,IF,IF:a_completa,q995,4676,2338,2338,2335,3,2333,5,0.625,0.00213857998289136,0.9987168520102652,0.5002142245072836,0.004262574595055414,0.5004277159965783,0.01034950499501385,0.0012831479897348341,0.001710863986313088
treino_2024_pos_dencun,sensitivity,displacement,a_completa,IF,IF:a_completa,q999,4676,2338,2338,2337,1,2336,2,0.6666666666666666,0.000855431993156544,0.9995722840034217,0.5001069976460518,0.0017086715079026058,0.5002138579982891,0.00844581340277682,0.00042771599657831505,0.0006415739948674081
treino_2024_pos_dencun,strict,all,b_completa,AE,AE:b_completa,q990,3724,2455,1269,1268,1,2433,22,0.9565217391304348,0.008961303462321792,0.9992119779353822,0.34261010537692516,0.017756255044390636,0.504086640698852,0.0494458162049418,0.0007880220646178104,0.006176154672395274
treino_2024_pos_dencun,strict,all,b_completa,AE,AE:b_completa,q995,3724,2455,1269,1268,1,2445,10,0.9090909090909091,0.004073319755600814,0.9992119779353822,0.34150282790196607,0.008110300081103,0.5016426488454915,0.028692769568612497,0.0007880220646178104,0.002953813104189044
treino_2024_pos_dencun,strict,all,b_completa,AE,AE:b_completa,q999,3724,2455,1269,1269,0,2455,0,0.0,0.0,1.0,0.3407626208378088,0.0,0.5,0.0,0.0,0.0
treino_2024_pos_dencun,strict,insertion,b_completa,AE,AE:b_completa,q990,3562,2374,1188,1187,1,2352,22,0.9565217391304348,0.009267059814658803,0.9991582491582491,0.33540548177451257,0.01835627868168544,0.5042126544864539,0.04959412297567664,0.0008417508417508657,0.006457046603032005
treino_2024_pos_dencun,strict,insertion,b_completa,AE,AE:b_completa,q995,3562,2374,1188,1187,1,2364,10,0.9090909090909091,0.004212299915754001,0.9991582491582491,0.33427203604618416,0.008385744234800837,0.5016852745370015,0.028640299394009684,0.0008417508417508657,0.0030881527231892197
treino_2024_pos_dencun,strict,insertion,b_completa,AE,AE:b_completa,q999,3562,2374,1188,1188,0,2374,0,0.0,0.0,1.0,0.3335204941044357,0.0,0.5,0.0,0.0,0.0
treino_2024_pos_dencun,strict,displacement,b_completa,AE,AE:b_completa,q990,162,81,81,81,0,81,0,0.0,0.0,1.0,0.5,0.0,0.5,0.0,0.0,0.0
treino_2024_pos_dencun,strict,displacement,b_completa,AE,AE:b_completa,q995,162,81,81,81,0,81,0,0.0,0.0,1.0,0.5,0.0,0.5,0.0,0.0,0.0
treino_2024_pos_dencun,strict,displacement,b_completa,AE,AE:b_completa,q999,162,81,81,81,0,81,0,0.0,0.0,1.0,0.5,0.0,0.5,0.0,0.0,0.0
treino_2024_pos_dencun,sensitivity,all,b_completa,AE,AE:b_completa,q990,8238,4712,3526,3525,1,4689,23,0.9583333333333334,0.004881154499151104,0.9997163925127623,0.42914536157779404,0.009712837837837838,0.5022987735059568,0.04220724482797678,0.00028360748723765816,0.0029133284777858705
treino_2024_pos_dencun,sensitivity,all,b_completa,AE,AE:b_completa,q995,8238,4712,3526,3525,1,4702,10,0.9090909090909091,0.0021222410865874364,0.9997163925127623,0.4284672420080224,0.004234596654668643,0.5009193167996749,0.02491276296087776,0.00028360748723765816,0.001335275552318524
treino_2024_pos_dencun,sensitivity,all,b_completa,AE,AE:b_completa,q999,8238,4712,3526,3526,0,4712,0,0.0,0.0,1.0,0.4280165088613741,0.0,0.5,0.0,0.0,0.0
treino_2024_pos_dencun,sensitivity,insertion,b_completa,AE,AE:b_completa,q990,3562,2374,1188,1187,1,2352,22,0.9565217391304348,0.009267059814658803,0.9991582491582491,0.33540548177451257,0.01835627868168544,0.5042126544864539,0.04959412297567664,0.0008417508417508657,0.006457046603032005
treino_2024_pos_dencun,sensitivity,insertion,b_completa,AE,AE:b_completa,q995,3562,2374,1188,1187,1,2364,10,0.9090909090909091,0.004212299915754001,0.9991582491582491,0.33427203604618416,0.008385744234800837,0.5016852745370015,0.028640299394009684,0.0008417508417508657,0.0030881527231892197
treino_2024_pos_dencun,sensitivity,insertion,b_completa,AE,AE:b_completa,q999,3562,2374,1188,1188,0,2374,0,0.0,0.0,1.0,0.3335204941044357,0.0,0.5,0.0,0.0,0.0
treino_2024_pos_dencun,sensitivity,displacement,b_completa,AE,AE:b_completa,q990,4676,2338,2338,2338,0,2337,1,1.0,0.000427715996578272,1.0,0.5001069518716578,0.0008550662676357418,0.5002138579982891,0.014625448482542613,0.0,0.000213857998289136
treino_2024_pos_dencun,sensitivity,displacement,b_completa,AE,AE:b_completa,q995,4676,2338,2338,2338,0,2338,0,0.0,0.0,1.0,0.5,0.0,0.5,0.0,0.0,0.0
treino_2024_pos_dencun,sensitivity,displacement,b_completa,AE,AE:b_completa,q999,4676,2338,2338,2338,0,2338,0,0.0,0.0,1.0,0.5,0.0,0.5,0.0,0.0,0.0
treino_2024_pos_dencun,strict,all,b_completa,IF,IF:b_completa,q990,3724,2455,1269,1267,2,2408,47,0.9591836734693877,0.019144602851323828,0.9984239558707644,0.34476190476190477,0.037539936102236424,0.5087842793610441,0.07307452182173702,0.0015760441292356209,0.013157894736842105
treino_2024_pos_dencun,strict,all,b_completa,IF,IF:b_completa,q995,3724,2455,1269,1268,1,2442,13,0.9285714285714286,0.005295315682281059,0.9992119779353822,0.3417789757412399,0.010530579181855002,0.5022536468088317,0.03490771622279478,0.0007880220646178104,0.0037593984962406013
treino_2024_pos_dencun,strict,all,b_completa,IF,IF:b_completa,q999,3724,2455,1269,1268,1,2455,0,0.0,0.0,0.9992119779353822,0.34058554928820844,0.0,0.4996059889676911,-0.0227954630768652,0.0007880220646178104,0.0002685284640171858
treino_2024_pos_dencun,strict,insertion,b_completa,IF,IF:b_completa,q990,3562,2374,1188,1188,0,2328,46,1.0,0.019376579612468407,1.0,0.3378839590443686,0.03801652892561984,0.5096882898062342,0.08091375304729859,0.0,0.01291409320606401
treino_2024_pos_dencun,strict,insertion,b_completa,IF,IF:b_completa,q995,3562,2374,1188,1188,0,2361,13,1.0,0.005475989890480202,1.0,0.33474218089602703,0.010892333472978634,0.5027379949452401,0.04281407243540305,0.0,0.0036496350364963502
treino_2024_pos_dencun,strict,insertion,b_completa,IF,IF:b_completa,q999,3562,2374,1188,1188,0,2374,0,0.0,0.0,1.0,0.3335204941044357,0.0,0.5,0.0,0.0,0.0
treino_2024_pos_dencun,strict,displacement,b_completa,IF,IF:b_completa,q990,162,81,81,79,2,80,1,0.3333333333333333,0.012345679012345678,0.9753086419753086,0.4968553459119497,0.023809523809523808,0.49382716049382713,-0.04578685464956301,0.024691358024691357,0.018518518518518517
treino_2024_pos_dencun,strict,displacement,b_completa,IF,IF:b_completa,q995,162,81,81,80,1,81,0,0.0,0.0,0.9876543209876543,0.4968944099378882,0.0,0.49382716049382713,-0.07881104062391006,0.012345679012345734,0.006172839506172839
treino_2024_pos_dencun,strict,displacement,b_completa,IF,IF:b_completa,q999,162,81,81,80,1,81,0,0.0,0.0,0.9876543209876543,0.4968944099378882,0.0,0.49382716049382713,-0.07881104062391006,0.012345679012345734,0.006172839506172839
treino_2024_pos_dencun,sensitivity,all,b_completa,IF,IF:b_completa,q990,8238,4712,3526,3524,2,4664,48,0.96,0.010186757215619695,0.9994327850255247,0.43038593063019054,0.020159596808063843,0.5048097711205722,0.06128077961355887,0.0005672149744753163,0.006069434328720563
treino_2024_pos_dencun,sensitivity,all,b_completa,IF,IF:b_completa,q995,8238,4712,3526,3525,1,4699,13,0.9285714285714286,0.0027589134125636672,0.9997163925127623,0.4286235408560311,0.005501481168006772,0.501237652962663,0.02973494281683474,0.00028360748723765816,0.0016994416120417577
treino_2024_pos_dencun,sensitivity,all,b_completa,IF,IF:b_completa,q999,8238,4712,3526,3525,1,4712,0,0.0,0.0,0.9997163925127623,0.42794706810732064,0.0,0.49985819625638117,-0.012737287567650375,0.00028360748723765816,0.00012138868657441127
treino_2024_pos_dencun,sensitivity,insertion,b_completa,IF,IF:b_completa,q990,3562,2374,1188,1188,0,2328,46,1.0,0.019376579612468407,1.0,0.3378839590443686,0.03801652892561984,0.5096882898062342,0.08091375304729859,0.0,0.01291409320606401
treino_2024_pos_dencun,sensitivity,insertion,b_completa,IF,IF:b_completa,q995,3562,2374,1188,1188,0,2361,13,1.0,0.005475989890480202,1.0,0.33474218089602703,0.010892333472978634,0.5027379949452401,0.04281407243540305,0.0,0.0036496350364963502
treino_2024_pos_dencun,sensitivity,insertion,b_completa,IF,IF:b_completa,q999,3562,2374,1188,1188,0,2374,0,0.0,0.0,1.0,0.3335204941044357,0.0,0.5,0.0,0.0,0.0
treino_2024_pos_dencun,sensitivity,displacement,b_completa,IF,IF:b_completa,q990,4676,2338,2338,2336,2,2336,2,0.5,0.000855431993156544,0.9991445680068435,0.5,0.0017079419299743809,0.5,0.0,0.0008554319931565191,0.000855431993156544
treino_2024_pos_dencun,sensitivity,displacement,b_completa,IF,IF:b_completa,q995,4676,2338,2338,2337,1,2338,0,0.0,0.0,0.9995722840034217,0.49989304812834223,0.0,0.49978614200171084,-0.014625448482542613,0.00042771599657831505,0.000213857998289136
treino_2024_pos_dencun,sensitivity,displacement,b_completa,IF,IF:b_completa,q999,4676,2338,2338,2337,1,2338,0,0.0,0.0,0.9995722840034217,0.49989304812834223,0.0,0.49978614200171084,-0.014625448482542613,0.00042771599657831505,0.000213857998289136
treino_2024_pos_dencun,strict,all,c_completa,AE,AE:c_completa,q990,3724,2455,1269,1261,8,2438,17,0.68,0.006924643584521385,0.9936958234830575,0.3409029467423628,0.013709677419354839,0.5003102335337895,0.0036013317077147984,0.0063041765169424835,0.006713211600429645
treino_2024_pos_dencun,strict,all,c_completa,AE,AE:c_completa,q995,3724,2455,1269,1265,4,2447,8,0.6666666666666666,0.003258655804480652,0.9968479117415288,0.3407866379310345,0.0064856100526955816,0.5000532837730047,0.0008912240911452618,0.0031520882584712417,0.00322234156820623
treino_2024_pos_dencun,strict,all,c_completa,AE,AE:c_completa,q999,3724,2455,1269,1268,1,2451,4,0.8,0.001629327902240326,0.9992119779353822,0.3409518687819306,0.0032520325203252032,0.5004206529188112,0.010889611105546478,0.0007880220646178104,0.0013426423200859291
treino_2024_pos_dencun,strict,insertion,c_completa,AE,AE:c_completa,q990,3562,2374,1188,1182,6,2358,16,0.7272727272727273,0.006739679865206402,0.9949494949494949,0.3338983050847458,0.013355592654424039,0.5008445874073506,0.010165066022782387,0.005050505050505083,0.006176305446378439
treino_2024_pos_dencun,strict,insertion,c_completa,AE,AE:c_completa,q995,3562,2374,1188,1185,3,2366,8,0.7272727272727273,0.003369839932603201,0.9974747474747475,0.33370881441847366,0.0067085953878406705,0.5004222937036753,0.007176645608724076,0.002525252525252486,0.0030881527231892197
treino_2024_pos_dencun,strict,insertion,c_completa,AE,AE:c_completa,q999,3562,2374,1188,1187,1,2370,4,0.8,0.0016849199663016006,0.9991582491582491,0.33370818105144784,0.003362757461118117,0.5004215845622754,0.010617843941329315,0.0008417508417508657,0.001403705783267827
treino_2024_pos_dencun,strict,displacement,c_completa,AE,AE:c_completa,q990,162,81,81,79,2,80,1,0.3333333333333333,0.012345679012345678,0.9753086419753086,0.4968553459119497,0.023809523809523808,0.49382716049382713,-0.04578685464956301,0.024691358024691357,0.018518518518518517
treino_2024_pos_dencun,strict,displacement,c_completa,AE,AE:c_completa,q995,162,81,81,80,1,81,0,0.0,0.0,0.9876543209876543,0.4968944099378882,0.0,0.49382716049382713,-0.07881104062391006,0.012345679012345734,0.006172839506172839
treino_2024_pos_dencun,strict,displacement,c_completa,AE,AE:c_completa,q999,162,81,81,81,0,81,0,0.0,0.0,1.0,0.5,0.0,0.5,0.0,0.0,0.0
treino_2024_pos_dencun,sensitivity,all,c_completa,AE,AE:c_completa,q990,8238,4712,3526,3476,50,4688,24,0.32432432432432434,0.0050933786078098476,0.9858196256381169,0.4257716805487506,0.010029251984956123,0.4954565021229634,-0.04765371488818395,0.01418037436188313,0.008982762806506433
treino_2024_pos_dencun,sensitivity,all,c_completa,AE,AE:c_completa,q995,8238,4712,3526,3498,28,4703,9,0.24324324324324326,0.0019100169779286927,0.9920589903573455,0.42653334959151323,0.003790271636133923,0.4969845036676371,-0.044627065177248314,0.00794100964265454,0.004491381403253216
treino_2024_pos_dencun,sensitivity,all,c_completa,AE,AE:c_completa,q999,8238,4712,3526,3522,4,4708,4,0.5,0.0008488964346349745,0.9988655700510494,0.4279465370595383,0.0016949152542372883,0.49985723324284215,-0.004535821699758985,0.0011344299489506326,0.0009711094925952901
treino_2024_pos_dencun,sensitivity,insertion,c_completa,AE,AE:c_completa,q990,3562,2374,1188,1182,6,2358,16,0.7272727272727273,0.006739679865206402,0.9949494949494949,0.3338983050847458,0.013355592654424039,0.5008445874073506,0.010165066022782387,0.005050505050505083,0.006176305446378439
treino_2024_pos_dencun,sensitivity,insertion,c_completa,AE,AE:c_completa,q995,3562,2374,1188,1185,3,2366,8,0.7272727272727273,0.003369839932603201,0.9974747474747475,0.33370881441847366,0.0067085953878406705,0.5004222937036753,0.007176645608724076,0.002525252525252486,0.0030881527231892197
treino_2024_pos_dencun,sensitivity,insertion,c_completa,AE,AE:c_completa,q999,3562,2374,1188,1187,1,2370,4,0.8,0.0016849199663016006,0.9991582491582491,0.33370818105144784,0.003362757461118117,0.5004215845622754,0.010617843941329315,0.0008417508417508657,0.001403705783267827
treino_2024_pos_dencun,sensitivity,displacement,c_completa,AE,AE:c_completa,q990,4676,2338,2338,2294,44,2330,8,0.15384615384615385,0.003421727972626176,0.981180496150556,0.4961072664359862,0.006694560669456066,0.4923011120615911,-0.07341620244157443,0.018819503849443975,0.011120615911035072
treino_2024_pos_dencun,sensitivity,displacement,c_completa,AE,AE:c_completa,q995,4676,2338,2338,2313,25,2337,1,0.038461538461538464,0.000427715996578272,0.9893071000855432,0.4974193548387097,0.0008460236886632824,0.4948674080410608,-0.0690236770251661,0.010692899914456766,0.005560307955517536
treino_2024_pos_dencun,sensitivity,displacement,c_completa,AE,AE:c_completa,q999,4676,2338,2338,2335,3,2338,0,0.0,0.0,0.9987168520102652,0.49967900706184465,0.0,0.4993584260051326,-0.02533744020833046,0.0012831479897348341,0.0006415739948674081
treino_2024_pos_dencun,strict,all,c_completa,IF,IF:c_completa,q990,3724,2455,1269,1266,3,2392,63,0.9545454545454546,0.025661914460285134,0.9976359338061466,0.3460907599781301,0.04998016660055534,0.5116489241332158,0.08369096073868962,0.0023640661938534313,0.017722878625134265
treino_2024_pos_dencun,strict,all,c_completa,IF,IF:c_completa,q995,3724,2455,1269,1266,3,2410,45,0.9375,0.018329938900203666,0.9976359338061466,0.3443960826985854,0.03595685177786656,0.5079829363531752,0.06708738311176249,0.0023640661938534313,0.01288936627282492
treino_2024_pos_dencun,strict,all,c_completa,IF,IF:c_completa,q999,3724,2455,1269,1268,1,2443,12,0.9230769230769231,0.004887983706720978,0.9992119779353822,0.34168687685260035,0.009724473257698544,0.5020499808210516,0.03294725214533867,0.0007880220646178104,0.003490870032223416
treino_2024_pos_dencun,strict,insertion,c_completa,IF,IF:c_completa,q990,3562,2374,1188,1187,1,2312,62,0.9841269841269841,0.02611625947767481,0.9991582491582491,0.3392397827950843,0.0508822322527698,0.5126372543179619,0.09040429272519437,0.0008417508417508657,0.01768669286917462
treino_2024_pos_dencun,strict,insertion,c_completa,IF,IF:c_completa,q995,3562,2374,1188,1187,1,2330,44,0.9777777777777777,0.018534119629317607,0.9991582491582491,0.33750355416548194,0.03637866887143447,0.5088461843937834,0.07468650210429864,0.0008417508417508657,0.012633352049410443
treino_2024_pos_dencun,strict,insertion,c_completa,IF,IF:c_completa,q999,3562,2374,1188,1188,0,2362,12,1.0,0.005054759898904802,1.0,0.3346478873239437,0.010058675607711651,0.5025273799494524,0.04112863626596781,0.0,0.003368893879842785
treino_2024_pos_dencun,strict,displacement,c_completa,IF,IF:c_completa,q990,162,81,81,79,2,80,1,0.3333333333333333,0.012345679012345678,0.9753086419753086,0.4968553459119497,0.023809523809523808,0.49382716049382713,-0.04578685464956301,0.024691358024691357,0.018518518518518517
treino_2024_pos_dencun,strict,displacement,c_completa,IF,IF:c_completa,q995,162,81,81,79,2,80,1,0.3333333333333333,0.012345679012345678,0.9753086419753086,0.4968553459119497,0.023809523809523808,0.49382716049382713,-0.04578685464956301,0.024691358024691357,0.018518518518518517
treino_2024_pos_dencun,strict,displacement,c_completa,IF,IF:c_completa,q999,162,81,81,80,1,81,0,0.0,0.0,0.9876543209876543,0.4968944099378882,0.0,0.49382716049382713,-0.07881104062391006,0.012345679012345734,0.006172839506172839
treino_2024_pos_dencun,sensitivity,all,c_completa,IF,IF:c_completa,q990,8238,4712,3526,3522,4,4645,67,0.9436619718309859,0.014219015280135824,0.9988655700510494,0.4312477041753398,0.028015889609031987,0.5065422926655926,0.07003954345362164,0.0011344299489506326,0.0086185967467832
treino_2024_pos_dencun,sensitivity,all,c_completa,IF,IF:c_completa,q995,8238,4712,3526,3523,3,4666,46,0.9387755102040817,0.009762308998302207,0.999149177538287,0.4302112590059836,0.019323671497584544,0.5044557432682946,0.05734300851886871,0.0008508224617129745,0.005948045642146152
treino_2024_pos_dencun,sensitivity,all,c_completa,IF,IF:c_completa,q999,8238,4712,3526,3525,1,4700,12,0.9230769230769231,0.0025466893039049238,0.9997163925127623,0.42857142857142855,0.00507936507936508,0.5011315409083337,0.028210086679703754,0.00028360748723765816,0.0015780529254673463
treino_2024_pos_dencun,sensitivity,insertion,c_completa,IF,IF:c_completa,q990,3562,2374,1188,1187,1,2312,62,0.9841269841269841,0.02611625947767481,0.9991582491582491,0.3392397827950843,0.0508822322527698,0.5126372543179619,0.09040429272519437,0.0008417508417508657,0.01768669286917462
treino_2024_pos_dencun,sensitivity,insertion,c_completa,IF,IF:c_completa,q995,3562,2374,1188,1187,1,2330,44,0.9777777777777777,0.018534119629317607,0.9991582491582491,0.33750355416548194,0.03637866887143447,0.5088461843937834,0.07468650210429864,0.0008417508417508657,0.012633352049410443
treino_2024_pos_dencun,sensitivity,insertion,c_completa,IF,IF:c_completa,q999,3562,2374,1188,1188,0,2362,12,1.0,0.005054759898904802,1.0,0.3346478873239437,0.010058675607711651,0.5025273799494524,0.04112863626596781,0.0,0.003368893879842785
treino_2024_pos_dencun,sensitivity,displacement,c_completa,IF,IF:c_completa,q990,4676,2338,2338,2335,3,2333,5,0.625,0.00213857998289136,0.9987168520102652,0.5002142245072836,0.004262574595055414,0.5004277159965783,0.01034950499501385,0.0012831479897348341,0.001710863986313088
treino_2024_pos_dencun,sensitivity,displacement,c_completa,IF,IF:c_completa,q995,4676,2338,2338,2336,2,2336,2,0.5,0.000855431993156544,0.9991445680068435,0.5,0.0017079419299743809,0.5,0.0,0.0008554319931565191,0.000855431993156544
treino_2024_pos_dencun,sensitivity,displacement,c_completa,IF,IF:c_completa,q999,4676,2338,2338,2337,1,2338,0,0.0,0.0,0.9995722840034217,0.49989304812834223,0.0,0.49978614200171084,-0.014625448482542613,0.00042771599657831505,0.000213857998289136
treino_2024_pos_dencun,strict,all,b_sem_taxas_absolutas,AE,AE:b_sem_taxas_absolutas,q990,3724,2455,1269,1267,2,2451,4,0.6666666666666666,0.001629327902240326,0.9984239558707644,0.34077461000537923,0.0032507110930516054,0.5000266418865024,0.0006296819014855972,0.0015760441292356209,0.001611170784103115
treino_2024_pos_dencun,strict,all,b_sem_taxas_absolutas,AE,AE:b_sem_taxas_absolutas,q995,3724,2455,1269,1268,1,2455,0,0.0,0.0,0.9992119779353822,0.34058554928820844,0.0,0.4996059889676911,-0.0227954630768652,0.0007880220646178104,0.0002685284640171858
treino_2024_pos_dencun,strict,all,b_sem_taxas_absolutas,AE,AE:b_sem_taxas_absolutas,q999,3724,2455,1269,1269,0,2455,0,0.0,0.0,1.0,0.3407626208378088,0.0,0.5,0.0,0.0,0.0
treino_2024_pos_dencun,strict,insertion,b_sem_taxas_absolutas,AE,AE:b_sem_taxas_absolutas,q990,3562,2374,1188,1186,2,2370,4,0.6666666666666666,0.0016849199663016006,0.9983164983164983,0.33352080989876265,0.003361344537815126,0.5000007091413999,1.630628063464973e-05,0.0016835016835017313,0.0016844469399213925
treino_2024_pos_dencun,strict,insertion,b_sem_taxas_absolutas,AE,AE:b_sem_taxas_absolutas,q995,3562,2374,1188,1187,1,2374,0,0.0,0.0,0.9991582491582491,0.3333333333333333,0.0,0.49957912457912457,-0.023688968483956716,0.0008417508417508657,0.00028074115665356543
treino_2024_pos_dencun,strict,insertion,b_sem_taxas_absolutas,AE,AE:b_sem_taxas_absolutas,q999,3562,2374,1188,1188,0,2374,0,0.0,0.0,1.0,0.3335204941044357,0.0,0.5,0.0,0.0,0.0
treino_2024_pos_dencun,strict,displacement,b_sem_taxas_absolutas,AE,AE:b_sem_taxas_absolutas,q990,162,81,81,81,0,81,0,0.0,0.0,1.0,0.5,0.0,0.5,0.0,0.0,0.0
treino_2024_pos_dencun,strict,displacement,b_sem_taxas_absolutas,AE,AE:b_sem_taxas_absolutas,q995,162,81,81,81,0,81,0,0.0,0.0,1.0,0.5,0.0,0.5,0.0,0.0,0.0
treino_2024_pos_dencun,strict,displacement,b_sem_taxas_absolutas,AE,AE:b_sem_taxas_absolutas,q999,162,81,81,81,0,81,0,0.0,0.0,1.0,0.5,0.0,0.5,0.0,0.0,0.0
treino_2024_pos_dencun,sensitivity,all,b_sem_taxas_absolutas,AE,AE:b_sem_taxas_absolutas,q990,8238,4712,3526,3523,3,4707,5,0.625,0.0010611205432937182,0.999149177538287,0.4280680437424058,0.0021186440677966097,0.5001051490407904,0.003340674751045087,0.0008508224617129745,0.0009711094925952901
treino_2024_pos_dencun,sensitivity,all,b_sem_taxas_absolutas,AE,AE:b_sem_taxas_absolutas,q995,8238,4712,3526,3525,1,4712,0,0.0,0.0,0.9997163925127623,0.42794706810732064,0.0,0.49985819625638117,-0.012737287567650375,0.00028360748723765816,0.00012138868657441127
treino_2024_pos_dencun,sensitivity,all,b_sem_taxas_absolutas,AE,AE:b_sem_taxas_absolutas,q999,8238,4712,3526,3526,0,4712,0,0.0,0.0,1.0,0.4280165088613741,0.0,0.5,0.0,0.0,0.0
treino_2024_pos_dencun,sensitivity,insertion,b_sem_taxas_absolutas,AE,AE:b_sem_taxas_absolutas,q990,3562,2374,1188,1186,2,2370,4,0.6666666666666666,0.0016849199663016006,0.9983164983164983,0.33352080989876265,0.003361344537815126,0.5000007091413999,1.630628063464973e-05,0.0016835016835017313,0.0016844469399213925
treino_2024_pos_dencun,sensitivity,insertion,b_sem_taxas_absolutas,AE,AE:b_sem_taxas_absolutas,q995,3562,2374,1188,1187,1,2374,0,0.0,0.0,0.9991582491582491,0.3333333333333333,0.0,0.49957912457912457,-0.023688968483956716,0.0008417508417508657,0.00028074115665356543
treino_2024_pos_dencun,sensitivity,insertion,b_sem_taxas_absolutas,AE,AE:b_sem_taxas_absolutas,q999,3562,2374,1188,1188,0,2374,0,0.0,0.0,1.0,0.3335204941044357,0.0,0.5,0.0,0.0,0.0
treino_2024_pos_dencun,sensitivity,displacement,b_sem_taxas_absolutas,AE,AE:b_sem_taxas_absolutas,q990,4676,2338,2338,2337,1,2337,1,0.5,0.000427715996578272,0.9995722840034217,0.5,0.0008547008547008546,0.5,0.0,0.00042771599657831505,0.000427715996578272
treino_2024_pos_dencun,sensitivity,displacement,b_sem_taxas_absolutas,AE,AE:b_sem_taxas_absolutas,q995,4676,2338,2338,2338,0,2338,0,0.0,0.0,1.0,0.5,0.0,0.5,0.0,0.0,0.0
treino_2024_pos_dencun,sensitivity,displacement,b_sem_taxas_absolutas,AE,AE:b_sem_taxas_absolutas,q999,4676,2338,2338,2338,0,2338,0,0.0,0.0,1.0,0.5,0.0,0.5,0.0,0.0,0.0
treino_2024_pos_dencun,strict,all,b_sem_taxas_absolutas,IF,IF:b_sem_taxas_absolutas,q990,3724,2455,1269,1263,6,2445,10,0.625,0.004073319755600814,0.9952718676122931,0.34061488673139156,0.008093889113719142,0.49967259368394695,-0.004745082351728137,0.004728132387706863,0.004296455424274973
treino_2024_pos_dencun,strict,all,b_sem_taxas_absolutas,IF,IF:b_sem_taxas_absolutas,q995,3724,2455,1269,1269,0,2455,0,0.0,0.0,1.0,0.3407626208378088,0.0,0.5,0.0,0.0,0.0
treino_2024_pos_dencun,strict,all,b_sem_taxas_absolutas,IF,IF:b_sem_taxas_absolutas,q999,3724,2455,1269,1269,0,2455,0,0.0,0.0,1.0,0.3407626208378088,0.0,0.5,0.0,0.0,0.0
treino_2024_pos_dencun,strict,insertion,b_sem_taxas_absolutas,IF,IF:b_sem_taxas_absolutas,q990,3562,2374,1188,1188,0,2364,10,1.0,0.004212299915754001,1.0,0.3344594594594595,0.008389261744966443,0.502106149957877,0.03753456477573984,0.0,0.002807411566535654
treino_2024_pos_dencun,strict,insertion,b_sem_taxas_absolutas,IF,IF:b_sem_taxas_absolutas,q995,3562,2374,1188,1188,0,2374,0,0.0,0.0,1.0,0.3335204941044357,0.0,0.5,0.0,0.0,0.0
treino_2024_pos_dencun,strict,insertion,b_sem_taxas_absolutas,IF,IF:b_sem_taxas_absolutas,q999,3562,2374,1188,1188,0,2374,0,0.0,0.0,1.0,0.3335204941044357,0.0,0.5,0.0,0.0,0.0
treino_2024_pos_dencun,strict,displacement,b_sem_taxas_absolutas,IF,IF:b_sem_taxas_absolutas,q990,162,81,81,75,6,81,0,0.0,0.0,0.9259259259259259,0.4807692307692308,0.0,0.46296296296296297,-0.19611613513818402,0.07407407407407407,0.037037037037037035
treino_2024_pos_dencun,strict,displacement,b_sem_taxas_absolutas,IF,IF:b_sem_taxas_absolutas,q995,162,81,81,81,0,81,0,0.0,0.0,1.0,0.5,0.0,0.5,0.0,0.0,0.0
treino_2024_pos_dencun,strict,displacement,b_sem_taxas_absolutas,IF,IF:b_sem_taxas_absolutas,q999,162,81,81,81,0,81,0,0.0,0.0,1.0,0.5,0.0,0.5,0.0,0.0,0.0
treino_2024_pos_dencun,sensitivity,all,b_sem_taxas_absolutas,IF,IF:b_sem_taxas_absolutas,q990,8238,4712,3526,3520,6,4702,10,0.625,0.0021222410865874364,0.998298355076574,0.42811967891024083,0.004230118443316413,0.5002102980815808,0.00472672541385851,0.001701644923425949,0.0019422189851905803
treino_2024_pos_dencun,sensitivity,all,b_sem_taxas_absolutas,IF,IF:b_sem_taxas_absolutas,q995,8238,4712,3526,3526,0,4712,0,0.0,0.0,1.0,0.4280165088613741,0.0,0.5,0.0,0.0,0.0
treino_2024_pos_dencun,sensitivity,all,b_sem_taxas_absolutas,IF,IF:b_sem_taxas_absolutas,q999,8238,4712,3526,3526,0,4712,0,0.0,0.0,1.0,0.4280165088613741,0.0,0.5,0.0,0.0,0.0
treino_2024_pos_dencun,sensitivity,insertion,b_sem_taxas_absolutas,IF,IF:b_sem_taxas_absolutas,q990,3562,2374,1188,1188,0,2364,10,1.0,0.004212299915754001,1.0,0.3344594594594595,0.008389261744966443,0.502106149957877,0.03753456477573984,0.0,0.002807411566535654
treino_2024_pos_dencun,sensitivity,insertion,b_sem_taxas_absolutas,IF,IF:b_sem_taxas_absolutas,q995,3562,2374,1188,1188,0,2374,0,0.0,0.0,1.0,0.3335204941044357,0.0,0.5,0.0,0.0,0.0
treino_2024_pos_dencun,sensitivity,insertion,b_sem_taxas_absolutas,IF,IF:b_sem_taxas_absolutas,q999,3562,2374,1188,1188,0,2374,0,0.0,0.0,1.0,0.3335204941044357,0.0,0.5,0.0,0.0,0.0
treino_2024_pos_dencun,sensitivity,displacement,b_sem_taxas_absolutas,IF,IF:b_sem_taxas_absolutas,q990,4676,2338,2338,2332,6,2338,0,0.0,0.0,0.9974337040205303,0.4993576017130621,0.0,0.49871685201026517,-0.035844059115504805,0.0025662959794696683,0.0012831479897348161
treino_2024_pos_dencun,sensitivity,displacement,b_sem_taxas_absolutas,IF,IF:b_sem_taxas_absolutas,q995,4676,2338,2338,2338,0,2338,0,0.0,0.0,1.0,0.5,0.0,0.5,0.0,0.0,0.0
treino_2024_pos_dencun,sensitivity,displacement,b_sem_taxas_absolutas,IF,IF:b_sem_taxas_absolutas,q999,4676,2338,2338,2338,0,2338,0,0.0,0.0,1.0,0.5,0.0,0.5,0.0,0.0,0.0
treino_2024_pos_dencun,strict,all,c_sem_taxas_absolutas,AE,AE:c_sem_taxas_absolutas,q990,3724,2455,1269,1265,4,2444,11,0.7333333333333333,0.004480651731160896,0.9968479117415288,0.3410622809382583,0.008906882591093119,0.5006642817363448,0.00994179539366739,0.0031520882584712417,0.004027926960257788
treino_2024_pos_dencun,strict,all,c_sem_taxas_absolutas,AE,AE:c_sem_taxas_absolutas,q995,3724,2455,1269,1266,3,2449,6,0.6666666666666666,0.002443991853360489,0.9976359338061466,0.34078061911170926,0.00487012987012987,0.5000399628297535,0.0007715110027564438,0.0023640661938534313,0.0024167561761546724
treino_2024_pos_dencun,strict,all,c_sem_taxas_absolutas,AE,AE:c_sem_taxas_absolutas,q999,3724,2455,1269,1267,2,2451,4,0.6666666666666666,0.001629327902240326,0.9984239558707644,0.34077461000537923,0.0032507110930516054,0.5000266418865024,0.0006296819014855972,0.0015760441292356209,0.001611170784103115
treino_2024_pos_dencun,strict,insertion,c_sem_taxas_absolutas,AE,AE:c_sem_taxas_absolutas,q990,3562,2374,1188,1185,3,2363,11,0.7857142857142857,0.004633529907329402,0.9974747474747475,0.3339909808342728,0.009212730318257957,0.5010541386910384,0.01588621748497136,0.002525252525252486,0.0039303761931499155
treino_2024_pos_dencun,strict,insertion,c_sem_taxas_absolutas,AE,AE:c_sem_taxas_absolutas,q995,3562,2374,1188,1185,3,2368,6,0.6666666666666666,0.002527379949452401,0.9974747474747475,0.3335209681958908,0.005035669324381032,0.5000010637121,1.997946313956181e-05,0.002525252525252486,0.0025266704098820887
treino_2024_pos_dencun,strict,insertion,c_sem_taxas_absolutas,AE,AE:c_sem_taxas_absolutas,q999,3562,2374,1188,1186,2,2370,4,0.6666666666666666,0.0016849199663016006,0.9983164983164983,0.33352080989876265,0.003361344537815126,0.5000007091413999,1.630628063464973e-05,0.0016835016835017313,0.0016844469399213925
treino_2024_pos_dencun,strict,displacement,c_sem_taxas_absolutas,AE,AE:c_sem_taxas_absolutas,q990,162,81,81,80,1,81,0,0.0,0.0,0.9876543209876543,0.4968944099378882,0.0,0.49382716049382713,-0.07881104062391006,0.012345679012345734,0.006172839506172839
treino_2024_pos_dencun,strict,displacement,c_sem_taxas_absolutas,AE,AE:c_sem_taxas_absolutas,q995,162,81,81,81,0,81,0,0.0,0.0,1.0,0.5,0.0,0.5,0.0,0.0,0.0
treino_2024_pos_dencun,strict,displacement,c_sem_taxas_absolutas,AE,AE:c_sem_taxas_absolutas,q999,162,81,81,81,0,81,0,0.0,0.0,1.0,0.5,0.0,0.5,0.0,0.0,0.0
treino_2024_pos_dencun,sensitivity,all,c_sem_taxas_absolutas,AE,AE:c_sem_taxas_absolutas,q990,8238,4712,3526,3498,28,4677,35,0.5555555555555556,0.007427843803056027,0.9920589903573455,0.4278899082568807,0.014659685863874344,0.49974341708020076,-0.002914656491227659,0.00794100964265454,0.00764748725418791
treino_2024_pos_dencun,sensitivity,all,c_sem_taxas_absolutas,AE,AE:c_sem_taxas_absolutas,q995,8238,4712,3526,3515,11,4698,14,0.56,0.0029711375212224107,0.9968803176403858,0.42798003165712895,0.005910914080641757,0.49992572758080406,-0.0013362276209416307,0.00311968235961424,0.0030347171643602816
treino_2024_pos_dencun,sensitivity,all,c_sem_taxas_absolutas,AE,AE:c_sem_taxas_absolutas,q999,8238,4712,3526,3524,2,4708,4,0.6666666666666666,0.0008488964346349745,0.9994327850255247,0.42808551992225463,0.001695633743111488,0.5001408407300798,0.0051662301798977945,0.0005672149744753163,0.0007283321194464676
treino_2024_pos_dencun,sensitivity,insertion,c_sem_taxas_absolutas,AE,AE:c_sem_taxas_absolutas,q990,3562,2374,1188,1185,3,2363,11,0.7857142857142857,0.004633529907329402,0.9974747474747475,0.3339909808342728,0.009212730318257957,0.5010541386910384,0.01588621748497136,0.002525252525252486,0.0039303761931499155
treino_2024_pos_dencun,sensitivity,insertion,c_sem_taxas_absolutas,AE,AE:c_sem_taxas_absolutas,q995,3562,2374,1188,1185,3,2368,6,0.6666666666666666,0.002527379949452401,0.9974747474747475,0.3335209681958908,0.005035669324381032,0.5000010637121,1.997946313956181e-05,0.002525252525252486,0.0025266704098820887
treino_2024_pos_dencun,sensitivity,insertion,c_sem_taxas_absolutas,AE,AE:c_sem_taxas_absolutas,q999,3562,2374,1188,1186,2,2370,4,0.6666666666666666,0.0016849199663016006,0.9983164983164983,0.33352080989876265,0.003361344537815126,0.5000007091413999,1.630628063464973e-05,0.0016835016835017313,0.0016844469399213925
treino_2024_pos_dencun,sensitivity,displacement,c_sem_taxas_absolutas,AE,AE:c_sem_taxas_absolutas,q990,4676,2338,2338,2313,25,2314,24,0.4897959183673469,0.010265183917878529,0.9893071000855432,0.4998919386211368,0.020108923334729786,0.4997861420017109,-0.002100159166593889,0.010692899914456766,0.010479041916167664
treino_2024_pos_dencun,sensitivity,displacement,c_sem_taxas_absolutas,AE,AE:c_sem_taxas_absolutas,q995,4676,2338,2338,2330,8,2330,8,0.5,0.003421727972626176,0.9965782720273738,0.5,0.006796941376380628,0.5,0.0,0.0034217279726261873,0.003421727972626176
treino_2024_pos_dencun,sensitivity,displacement,c_sem_taxas_absolutas,AE,AE:c_sem_taxas_absolutas,q999,4676,2338,2338,2338,0,2338,0,0.0,0.0,1.0,0.5,0.0,0.5,0.0,0.0,0.0
treino_2024_pos_dencun,strict,all,c_sem_taxas_absolutas,IF,IF:c_sem_taxas_absolutas,q990,3724,2455,1269,1263,6,2440,15,0.7142857142857143,0.006109979633401222,0.9952718676122931,0.34107480421280045,0.012116316639741519,0.5006909236228472,0.008746415266118147,0.004728132387706863,0.005639097744360902
treino_2024_pos_dencun,strict,all,c_sem_taxas_absolutas,IF,IF:c_sem_taxas_absolutas,q995,3724,2455,1269,1268,1,2446,9,0.9,0.0036659877800407333,0.9992119779353822,0.3414108777598277,0.007302231237322516,0.5014389828577115,0.02635853238560407,0.0007880220646178104,0.0026852846401718583
treino_2024_pos_dencun,strict,all,c_sem_taxas_absolutas,IF,IF:c_sem_taxas_absolutas,q999,3724,2455,1269,1269,0,2455,0,0.0,0.0,1.0,0.3407626208378088,0.0,0.5,0.0,0.0,0.0
treino_2024_pos_dencun,strict,insertion,c_sem_taxas_absolutas,IF,IF:c_sem_taxas_absolutas,q990,3562,2374,1188,1186,2,2359,15,0.8823529411764706,0.006318449873631003,0.9983164983164983,0.33455571227080394,0.012547051442910918,0.5023174740950647,0.03170741822852868,0.0016835016835017313,0.004772599663110612
treino_2024_pos_dencun,strict,insertion,c_sem_taxas_absolutas,IF,IF:c_sem_taxas_absolutas,q995,3562,2374,1188,1187,1,2365,9,0.9,0.0037910699241786015,0.9991582491582491,0.33417792792792794,0.007550335570469798,0.5014746595412138,0.026280514293316834,0.0008417508417508657,0.002807411566535654
treino_2024_pos_dencun,strict,insertion,c_sem_taxas_absolutas,IF,IF:c_sem_taxas_absolutas,q999,3562,2374,1188,1188,0,2374,0,0.0,0.0,1.0,0.3335204941044357,0.0,0.5,0.0,0.0,0.0
treino_2024_pos_dencun,strict,displacement,c_sem_taxas_absolutas,IF,IF:c_sem_taxas_absolutas,q990,162,81,81,77,4,81,0,0.0,0.0,0.9506172839506173,0.4873417721518987,0.0,0.47530864197530864,-0.15911145683514602,0.04938271604938271,0.024691358024691357
treino_2024_pos_dencun,strict,displacement,c_sem_taxas_absolutas,IF,IF:c_sem_taxas_absolutas,q995,162,81,81,81,0,81,0,0.0,0.0,1.0,0.5,0.0,0.5,0.0,0.0,0.0
treino_2024_pos_dencun,strict,displacement,c_sem_taxas_absolutas,IF,IF:c_sem_taxas_absolutas,q999,162,81,81,81,0,81,0,0.0,0.0,1.0,0.5,0.0,0.5,0.0,0.0,0.0
treino_2024_pos_dencun,sensitivity,all,c_sem_taxas_absolutas,IF,IF:c_sem_taxas_absolutas,q990,8238,4712,3526,3520,6,4697,15,0.7142857142857143,0.0031833616298811546,0.998298355076574,0.428380187416332,0.006338474540460596,0.5007408583532276,0.014539272677593397,0.001701644923425949,0.0025491624180626364
treino_2024_pos_dencun,sensitivity,all,c_sem_taxas_absolutas,IF,IF:c_sem_taxas_absolutas,q995,8238,4712,3526,3525,1,4703,9,0.9,0.0019100169779286927,0.9997163925127623,0.42841516771998056,0.0038119440914866584,0.5008132047453455,0.023111415916526247,0.00028360748723765816,0.0012138868657441126
treino_2024_pos_dencun,sensitivity,all,c_sem_taxas_absolutas,IF,IF:c_sem_taxas_absolutas,q999,8238,4712,3526,3526,0,4712,0,0.0,0.0,1.0,0.4280165088613741,0.0,0.5,0.0,0.0,0.0
treino_2024_pos_dencun,sensitivity,insertion,c_sem_taxas_absolutas,IF,IF:c_sem_taxas_absolutas,q990,3562,2374,1188,1186,2,2359,15,0.8823529411764706,0.006318449873631003,0.9983164983164983,0.33455571227080394,0.012547051442910918,0.5023174740950647,0.03170741822852868,0.0016835016835017313,0.004772599663110612
treino_2024_pos_dencun,sensitivity,insertion,c_sem_taxas_absolutas,IF,IF:c_sem_taxas_absolutas,q995,3562,2374,1188,1187,1,2365,9,0.9,0.0037910699241786015,0.9991582491582491,0.33417792792792794,0.007550335570469798,0.5014746595412138,0.026280514293316834,0.0008417508417508657,0.002807411566535654
treino_2024_pos_dencun,sensitivity,insertion,c_sem_taxas_absolutas,IF,IF:c_sem_taxas_absolutas,q999,3562,2374,1188,1188,0,2374,0,0.0,0.0,1.0,0.3335204941044357,0.0,0.5,0.0,0.0,0.0
treino_2024_pos_dencun,sensitivity,displacement,c_sem_taxas_absolutas,IF,IF:c_sem_taxas_absolutas,q990,4676,2338,2338,2334,4,2338,0,0.0,0.0,0.998289136013687,0.4995719178082192,0.0,0.4991445680068435,-0.02926028679903264,0.0017108639863130382,0.000855431993156544
treino_2024_pos_dencun,sensitivity,displacement,c_sem_taxas_absolutas,IF,IF:c_sem_taxas_absolutas,q995,4676,2338,2338,2338,0,2338,0,0.0,0.0,1.0,0.5,0.0,0.5,0.0,0.0,0.0
treino_2024_pos_dencun,sensitivity,displacement,c_sem_taxas_absolutas,IF,IF:c_sem_taxas_absolutas,q999,4676,2338,2338,2338,0,2338,0,0.0,0.0,1.0,0.5,0.0,0.5,0.0,0.0,0.0
validacao_2025_pre_pectra,strict,all,a_completa,AE,AE:a_completa,q990,2037,1349,688,673,15,1343,6,0.2857142857142857,0.004447739065974796,0.9781976744186046,0.33382936507936506,0.008759124087591242,0.4913227067422897,-0.08125676973423593,0.021802325581395388,0.010309278350515464
validacao_2025_pre_pectra,strict,all,a_completa,AE,AE:a_completa,q995,2037,1349,688,680,8,1347,2,0.2,0.0014825796886582653,0.9883720930232558,0.33547113961519487,0.0029433406916850625,0.49492733635595704,-0.06864981663023884,0.011627906976744207,0.004909180166912126
validacao_2025_pre_pectra,strict,all,a_completa,AE,AE:a_completa,q999,2037,1349,688,688,0,1348,1,1.0,0.0007412898443291327,1.0,0.3379174852652259,0.0014814814814814814,0.5003706449221645,0.015827027517773238,0.0,0.0004909180166912126
validacao_2025_pre_pectra,strict,insertion,a_completa,AE,AE:a_completa,q990,1985,1323,662,653,9,1320,3,0.25,0.0022675736961451248,0.986404833836858,0.3309680689305626,0.0044943820224719105,0.49433620376650156,-0.06889573967825087,0.013595166163142047,0.006045340050377834
validacao_2025_pre_pectra,strict,insertion,a_completa,AE,AE:a_completa,q995,1985,1323,662,659,3,1322,1,0.25,0.0007558578987150416,0.9954682779456193,0.33266027258960124,0.0015071590052750568,0.49811206792216717,-0.03969657563901686,0.004531722054380682,0.0020151133501259445
validacao_2025_pre_pectra,strict,insertion,a_completa,AE,AE:a_completa,q999,1985,1323,662,662,0,1322,1,1.0,0.0007558578987150416,1.0,0.3336693548387097,0.0015105740181268882,0.5003779289493575,0.01588101436980619,0.0,0.0005037783375314861
validacao_2025_pre_pectra,strict,displacement,a_completa,AE,AE:a_completa,q990,52,26,26,20,6,23,3,0.3333333333333333,0.11538461538461539,0.7692307692307693,0.46511627906976744,0.17142857142857146,0.44230769230769235,-0.15249857033260467,0.23076923076923073,0.17307692307692307
validacao_2025_pre_pectra,strict,displacement,a_completa,AE,AE:a_completa,q995,52,26,26,21,5,25,1,0.16666666666666666,0.038461538461538464,0.8076923076923077,0.45652173913043476,0.0625,0.4230769230769231,-0.2407717061715384,0.1923076923076923,0.11538461538461539
validacao_2025_pre_pectra,strict,displacement,a_completa,AE,AE:a_completa,q999,52,26,26,26,0,26,0,0.0,0.0,1.0,0.5,0.0,0.5,0.0,0.0,0.0
validacao_2025_pre_pectra,sensitivity,all,a_completa,AE,AE:a_completa,q990,2543,1602,941,824,117,1491,111,0.4868421052631579,0.06928838951310862,0.8756641870350691,0.35593952483801294,0.12131147540983607,0.47247628827408883,-0.09302938343462286,0.1243358129649309,0.0896578843885175
validacao_2025_pre_pectra,sensitivity,all,a_completa,AE,AE:a_completa,q995,2543,1602,941,869,72,1535,67,0.48201438848920863,0.041822721598002495,0.9234856535600425,0.36148086522462564,0.07696726019529006,0.4826541875790225,-0.07368448916932933,0.07651434643995747,0.05465985057019269
validacao_2025_pre_pectra,sensitivity,all,a_completa,AE,AE:a_completa,q999,2543,1602,941,941,0,1601,1,1.0,0.0006242197253433209,1.0,0.37018095987411487,0.0012476606363069247,0.5003121098626716,0.015201126836519287,0.0,0.00039323633503735744
validacao_2025_pre_pectra,sensitivity,insertion,a_completa,AE,AE:a_completa,q990,1985,1323,662,653,9,1320,3,0.25,0.0022675736961451248,0.986404833836858,0.3309680689305626,0.0044943820224719105,0.49433620376650156,-0.06889573967825087,0.013595166163142047,0.006045340050377834
validacao_2025_pre_pectra,sensitivity,insertion,a_completa,AE,AE:a_completa,q995,1985,1323,662,659,3,1322,1,0.25,0.0007558578987150416,0.9954682779456193,0.33266027258960124,0.0015071590052750568,0.49811206792216717,-0.03969657563901686,0.004531722054380682,0.0020151133501259445
validacao_2025_pre_pectra,sensitivity,insertion,a_completa,AE,AE:a_completa,q999,1985,1323,662,662,0,1322,1,1.0,0.0007558578987150416,1.0,0.3336693548387097,0.0015105740181268882,0.5003779289493575,0.01588101436980619,0.0,0.0005037783375314861
validacao_2025_pre_pectra,sensitivity,displacement,a_completa,AE,AE:a_completa,q990,558,279,279,171,108,171,108,0.5,0.3870967741935484,0.6129032258064516,0.5,0.43636363636363634,0.5,0.0,0.3870967741935484,0.3870967741935484
validacao_2025_pre_pectra,sensitivity,displacement,a_completa,AE,AE:a_completa,q995,558,279,279,210,69,213,66,0.4888888888888889,0.23655913978494625,0.7526881720430108,0.49645390070921985,0.3188405797101449,0.4946236559139785,-0.012554059619245156,0.24731182795698925,0.24193548387096775
validacao_2025_pre_pectra,sensitivity,displacement,a_completa,AE,AE:a_completa,q999,558,279,279,279,0,279,0,0.0,0.0,1.0,0.5,0.0,0.5,0.0,0.0,0.0
validacao_2025_pre_pectra,strict,all,a_completa,IF,IF:a_completa,q990,2037,1349,688,677,11,1106,243,0.9566929133858267,0.18013343217197925,0.9840116279069767,0.3796971396522715,0.3031815346225827,0.582072530039478,0.23498247906152883,0.015988372093023284,0.124693176239568
validacao_2025_pre_pectra,strict,all,a_completa,IF,IF:a_completa,q995,2037,1349,688,679,9,1204,145,0.9415584415584416,0.10748702742772424,0.9869186046511628,0.36059479553903345,0.19294743845642048,0.5472028160394435,0.16889336083123263,0.013081395348837233,0.07560137457044673
validacao_2025_pre_pectra,strict,all,a_completa,IF,IF:a_completa,q999,2037,1349,688,685,3,1306,43,0.9347826086956522,0.03187546330615271,0.9956395348837209,0.34404821697639376,0.06164874551971326,0.5137574990949368,0.0875901230941441,0.0043604651162790775,0.022582228767795778
validacao_2025_pre_pectra,strict,insertion,a_completa,IF,IF:a_completa,q990,1985,1323,662,659,3,1080,243,0.9878048780487805,0.1836734693877551,0.9954682779456193,0.378953421506613,0.30975143403441685,0.5895708736666873,0.25632347265002936,0.004531722054380682,0.1239294710327456
validacao_2025_pre_pectra,strict,insertion,a_completa,IF,IF:a_completa,q995,1985,1323,662,661,1,1178,145,0.9931506849315068,0.10959939531368103,0.9984894259818731,0.35943447525829253,0.19741320626276376,0.5540444106477771,0.19521914447927374,0.0015105740181269312,0.07355163727959697
validacao_2025_pre_pectra,strict,insertion,a_completa,IF,IF:a_completa,q999,1985,1323,662,662,0,1280,43,1.0,0.03250188964474679,1.0,0.3408856848609681,0.0629575402635432,0.5162509448223734,0.10525886618629861,0.0,0.021662468513853905
validacao_2025_pre_pectra,strict,displacement,a_completa,IF,IF:a_completa,q990,52,26,26,18,8,26,0,0.0,0.0,0.6923076923076923,0.4090909090909091,0.0,0.34615384615384615,-0.4264014327112209,0.3076923076923077,0.15384615384615385
validacao_2025_pre_pectra,strict,displacement,a_completa,IF,IF:a_completa,q995,52,26,26,18,8,26,0,0.0,0.0,0.6923076923076923,0.4090909090909091,0.0,0.34615384615384615,-0.4264014327112209,0.3076923076923077,0.15384615384615385
validacao_2025_pre_pectra,strict,displacement,a_completa,IF,IF:a_completa,q999,52,26,26,23,3,26,0,0.0,0.0,0.8846153846153846,0.46938775510204084,0.0,0.4423076923076923,-0.24743582965269675,0.11538461538461542,0.057692307692307696
validacao_2025_pre_pectra,sensitivity,all,a_completa,IF,IF:a_completa,q990,2543,1602,941,930,11,1359,243,0.9566929133858267,0.15168539325842698,0.9883103081827843,0.40629095674967236,0.2618534482758621,0.5699978507206056,0.22542444745737922,0.011689691817215686,0.09988202909948879
validacao_2025_pre_pectra,sensitivity,all,a_completa,IF,IF:a_completa,q995,2543,1602,941,932,9,1457,145,0.9415584415584416,0.09051186017478152,0.9904357066950054,0.3901213897028045,0.16514806378132119,0.5404737834348934,0.16385565391642526,0.009564293304994642,0.060558395595753045
validacao_2025_pre_pectra,sensitivity,all,a_completa,IF,IF:a_completa,q999,2543,1602,941,938,3,1559,43,0.9347826086956522,0.026841448189762796,0.9968119022316685,0.37565078093712456,0.05218446601941748,0.5118266752107157,0.08569007963292347,0.0031880977683315104,0.018088871411718443
validacao_2025_pre_pectra,sensitivity,insertion,a_completa,IF,IF:a_completa,q990,1985,1323,662,659,3,1080,243,0.9878048780487805,0.1836734693877551,0.9954682779456193,0.378953421506613,0.30975143403441685,0.5895708736666873,0.25632347265002936,0.004531722054380682,0.1239294710327456
validacao_2025_pre_pectra,sensitivity,insertion,a_completa,IF,IF:a_completa,q995,1985,1323,662,661,1,1178,145,0.9931506849315068,0.10959939531368103,0.9984894259818731,0.35943447525829253,0.19741320626276376,0.5540444106477771,0.19521914447927374,0.0015105740181269312,0.07355163727959697
validacao_2025_pre_pectra,sensitivity,insertion,a_completa,IF,IF:a_completa,q999,1985,1323,662,662,0,1280,43,1.0,0.03250188964474679,1.0,0.3408856848609681,0.0629575402635432,0.5162509448223734,0.10525886618629861,0.0,0.021662468513853905
validacao_2025_pre_pectra,sensitivity,displacement,a_completa,IF,IF:a_completa,q990,558,279,279,271,8,279,0,0.0,0.0,0.9713261648745519,0.49272727272727274,0.0,0.48566308243727596,-0.12060453783110545,0.028673835125448077,0.014336917562724014
validacao_2025_pre_pectra,sensitivity,displacement,a_completa,IF,IF:a_completa,q995,558,279,279,271,8,279,0,0.0,0.0,0.9713261648745519,0.49272727272727274,0.0,0.48566308243727596,-0.12060453783110545,0.028673835125448077,0.014336917562724014
validacao_2025_pre_pectra,sensitivity,displacement,a_completa,IF,IF:a_completa,q999,558,279,279,276,3,279,0,0.0,0.0,0.989247311827957,0.4972972972972973,0.0,0.4946236559139785,-0.07352146220938077,0.010752688172043001,0.005376344086021506
validacao_2025_pre_pectra,strict,all,b_completa,AE,AE:b_completa,q990,2037,1349,688,687,1,1338,11,0.9166666666666666,0.00815418828762046,0.998546511627907,0.33925925925925926,0.016164584864070537,0.5033503499577637,0.04141114379286248,0.0014534883720930258,0.005891016200294551
validacao_2025_pre_pectra,strict,all,b_completa,AE,AE:b_completa,q995,2037,1349,688,687,1,1344,5,0.8333333333333334,0.0037064492216456633,0.998546511627907,0.33825701624815363,0.007380073800738007,0.5011264804247764,0.019661798996229756,0.0014534883720930258,0.0029455081001472753
validacao_2025_pre_pectra,strict,all,b_completa,AE,AE:b_completa,q999,2037,1349,688,688,0,1349,0,0.0,0.0,1.0,0.33775159548355427,0.0,0.5,0.0,0.0,0.0
validacao_2025_pre_pectra,strict,insertion,b_completa,AE,AE:b_completa,q990,1985,1323,662,661,1,1312,11,0.9166666666666666,0.008314436885865457,0.9984894259818731,0.335022807906741,0.01647940074906367,0.5034019314338692,0.04138188819097842,0.0015105740181269312,0.006045340050377834
validacao_2025_pre_pectra,strict,insertion,b_completa,AE,AE:b_completa,q995,1985,1323,662,661,1,1318,5,0.8333333333333334,0.003779289493575208,0.9984894259818731,0.33400707427993936,0.007524454477050414,0.5011343577377242,0.019484552148306144,0.0015105740181269312,0.003022670025188917
validacao_2025_pre_pectra,strict,insertion,b_completa,AE,AE:b_completa,q999,1985,1323,662,662,0,1323,0,0.0,0.0,1.0,0.33350125944584386,0.0,0.5,0.0,0.0,0.0
validacao_2025_pre_pectra,strict,displacement,b_completa,AE,AE:b_completa,q990,52,26,26,26,0,26,0,0.0,0.0,1.0,0.5,0.0,0.5,0.0,0.0,0.0
validacao_2025_pre_pectra,strict,displacement,b_completa,AE,AE:b_completa,q995,52,26,26,26,0,26,0,0.0,0.0,1.0,0.5,0.0,0.5,0.0,0.0,0.0
validacao_2025_pre_pectra,strict,displacement,b_completa,AE,AE:b_completa,q999,52,26,26,26,0,26,0,0.0,0.0,1.0,0.5,0.0,0.5,0.0,0.0,0.0
validacao_2025_pre_pectra,sensitivity,all,b_completa,AE,AE:b_completa,q990,2543,1602,941,940,1,1591,11,0.9166666666666666,0.00686641697877653,0.9989373007438895,0.37139470564994076,0.013630731102850062,0.502901858861333,0.04088797979515968,0.0010626992561104665,0.0047188360204482895
validacao_2025_pre_pectra,sensitivity,all,b_completa,AE,AE:b_completa,q995,2543,1602,941,940,1,1597,5,0.8333333333333334,0.003121098626716604,0.9989373007438895,0.37051635790303505,0.006218905472636815,0.501029199685303,0.02048423970127242,0.0010626992561104665,0.0023594180102241447
validacao_2025_pre_pectra,sensitivity,all,b_completa,AE,AE:b_completa,q999,2543,1602,941,941,0,1602,0,0.0,0.0,1.0,0.37003539127015334,0.0,0.5,0.0,0.0,0.0
validacao_2025_pre_pectra,sensitivity,insertion,b_completa,AE,AE:b_completa,q990,1985,1323,662,661,1,1312,11,0.9166666666666666,0.008314436885865457,0.9984894259818731,0.335022807906741,0.01647940074906367,0.5034019314338692,0.04138188819097842,0.0015105740181269312,0.006045340050377834
validacao_2025_pre_pectra,sensitivity,insertion,b_completa,AE,AE:b_completa,q995,1985,1323,662,661,1,1318,5,0.8333333333333334,0.003779289493575208,0.9984894259818731,0.33400707427993936,0.007524454477050414,0.5011343577377242,0.019484552148306144,0.0015105740181269312,0.003022670025188917
validacao_2025_pre_pectra,sensitivity,insertion,b_completa,AE,AE:b_completa,q999,1985,1323,662,662,0,1323,0,0.0,0.0,1.0,0.33350125944584386,0.0,0.5,0.0,0.0,0.0
validacao_2025_pre_pectra,sensitivity,displacement,b_completa,AE,AE:b_completa,q990,558,279,279,279,0,279,0,0.0,0.0,1.0,0.5,0.0,0.5,0.0,0.0,0.0
validacao_2025_pre_pectra,sensitivity,displacement,b_completa,AE,AE:b_completa,q995,558,279,279,279,0,279,0,0.0,0.0,1.0,0.5,0.0,0.5,0.0,0.0,0.0
validacao_2025_pre_pectra,sensitivity,displacement,b_completa,AE,AE:b_completa,q999,558,279,279,279,0,279,0,0.0,0.0,1.0,0.5,0.0,0.5,0.0,0.0,0.0
validacao_2025_pre_pectra,strict,all,b_completa,IF,IF:b_completa,q990,2037,1349,688,686,2,1291,58,0.9666666666666667,0.042994810971089696,0.997093023255814,0.3469903894790086,0.0823278921220724,0.5200439171134518,0.11213309980048906,0.0029069767441860517,0.029455081001472753
validacao_2025_pre_pectra,strict,all,b_completa,IF,IF:b_completa,q995,2037,1349,688,687,1,1336,13,0.9285714285714286,0.009636767976278725,0.998546511627907,0.3395946613939694,0.01907556859867938,0.5040916398020928,0.04684525690556163,0.0014534883720930258,0.006872852233676976
validacao_2025_pre_pectra,strict,all,b_completa,IF,IF:b_completa,q999,2037,1349,688,688,0,1349,0,0.0,0.0,1.0,0.33775159548355427,0.0,0.5,0.0,0.0,0.0
validacao_2025_pre_pectra,strict,insertion,b_completa,IF,IF:b_completa,q990,1985,1323,662,662,0,1265,58,1.0,0.04383975812547241,1.0,0.3435391800726518,0.08399710354815351,0.5219198790627362,0.12272194001484889,0.0,0.029219143576826197
validacao_2025_pre_pectra,strict,insertion,b_completa,IF,IF:b_completa,q995,1985,1323,662,662,0,1310,13,1.0,0.009826152683295541,1.0,0.3356997971602434,0.01946107784431138,0.5049130763416477,0.0574337658755535,0.0,0.00654911838790932
validacao_2025_pre_pectra,strict,insertion,b_completa,IF,IF:b_completa,q999,1985,1323,662,662,0,1323,0,0.0,0.0,1.0,0.33350125944584386,0.0,0.5,0.0,0.0,0.0
validacao_2025_pre_pectra,strict,displacement,b_completa,IF,IF:b_completa,q990,52,26,26,24,2,26,0,0.0,0.0,0.9230769230769231,0.48,0.0,0.46153846153846156,-0.2,0.07692307692307687,0.038461538461538464
validacao_2025_pre_pectra,strict,displacement,b_completa,IF,IF:b_completa,q995,52,26,26,25,1,26,0,0.0,0.0,0.9615384615384616,0.49019607843137253,0.0,0.4807692307692308,-0.14002800840280097,0.038461538461538436,0.019230769230769232
validacao_2025_pre_pectra,strict,displacement,b_completa,IF,IF:b_completa,q999,52,26,26,26,0,26,0,0.0,0.0,1.0,0.5,0.0,0.5,0.0,0.0,0.0
validacao_2025_pre_pectra,sensitivity,all,b_completa,IF,IF:b_completa,q990,2543,1602,941,939,2,1544,58,0.9666666666666667,0.03620474406991261,0.997874601487779,0.37817156665324203,0.06979542719614922,0.5170396727788458,0.10840600220842497,0.002125398512221044,0.023594180102241447
validacao_2025_pre_pectra,sensitivity,all,b_completa,IF,IF:b_completa,q995,2543,1602,941,940,1,1589,13,0.9285714285714286,0.008114856429463172,0.9989373007438895,0.37168841439304073,0.01608910891089109,0.5035260785866763,0.04601607985728057,0.0010626992561104665,0.005505308690523005
validacao_2025_pre_pectra,sensitivity,all,b_completa,IF,IF:b_completa,q999,2543,1602,941,941,0,1602,0,0.0,0.0,1.0,0.37003539127015334,0.0,0.5,0.0,0.0,0.0
validacao_2025_pre_pectra,sensitivity,insertion,b_completa,IF,IF:b_completa,q990,1985,1323,662,662,0,1265,58,1.0,0.04383975812547241,1.0,0.3435391800726518,0.08399710354815351,0.5219198790627362,0.12272194001484889,0.0,0.029219143576826197
validacao_2025_pre_pectra,sensitivity,insertion,b_completa,IF,IF:b_completa,q995,1985,1323,662,662,0,1310,13,1.0,0.009826152683295541,1.0,0.3356997971602434,0.01946107784431138,0.5049130763416477,0.0574337658755535,0.0,0.00654911838790932
validacao_2025_pre_pectra,sensitivity,insertion,b_completa,IF,IF:b_completa,q999,1985,1323,662,662,0,1323,0,0.0,0.0,1.0,0.33350125944584386,0.0,0.5,0.0,0.0,0.0
validacao_2025_pre_pectra,sensitivity,displacement,b_completa,IF,IF:b_completa,q990,558,279,279,277,2,279,0,0.0,0.0,0.992831541218638,0.4982014388489209,0.0,0.496415770609319,-0.05997601439040672,0.007168458781361964,0.0035842293906810036
validacao_2025_pre_pectra,sensitivity,displacement,b_completa,IF,IF:b_completa,q995,558,279,279,278,1,279,0,0.0,0.0,0.996415770609319,0.4991023339317774,0.0,0.4982078853046595,-0.042371359860703575,0.0035842293906810374,0.0017921146953405018
validacao_2025_pre_pectra,sensitivity,displacement,b_completa,IF,IF:b_completa,q999,558,279,279,279,0,279,0,0.0,0.0,1.0,0.5,0.0,0.5,0.0,0.0,0.0
validacao_2025_pre_pectra,strict,all,c_completa,AE,AE:c_completa,q990,2037,1349,688,684,4,1340,9,0.6923076923076923,0.006671608598962194,0.9941860465116279,0.33794466403162055,0.013215859030837003,0.500428827555295,0.005093730265905776,0.005813953488372103,0.006381934216985763
validacao_2025_pre_pectra,strict,all,c_completa,AE,AE:c_completa,q995,2037,1349,688,687,1,1342,7,0.875,0.005189028910303929,0.998546511627907,0.338590438639724,0.010316875460574797,0.5018677702691055,0.028246694357268395,0.0014534883720930258,0.0039273441335297005
validacao_2025_pre_pectra,strict,all,c_completa,AE,AE:c_completa,q999,2037,1349,688,688,0,1348,1,1.0,0.0007412898443291327,1.0,0.3379174852652259,0.0014814814814814814,0.5003706449221645,0.015827027517773238,0.0,0.0004909180166912126
validacao_2025_pre_pectra,strict,insertion,c_completa,AE,AE:c_completa,q990,1985,1323,662,658,4,1314,9,0.6923076923076923,0.006802721088435374,0.9939577039274925,0.33367139959432046,0.013473053892215568,0.5003802125079639,0.00444467674565636,0.0060422960725075026,0.00654911838790932
validacao_2025_pre_pectra,strict,insertion,c_completa,AE,AE:c_completa,q995,1985,1323,662,661,1,1316,7,0.875,0.005291005291005291,0.9984894259818731,0.33434496712190187,0.010518407212622087,0.5018902156364392,0.0281320859611821,0.0015105740181269312,0.004030226700251889
validacao_2025_pre_pectra,strict,insertion,c_completa,AE,AE:c_completa,q999,1985,1323,662,662,0,1322,1,1.0,0.0007558578987150416,1.0,0.3336693548387097,0.0015105740181268882,0.5003779289493575,0.01588101436980619,0.0,0.0005037783375314861
validacao_2025_pre_pectra,strict,displacement,c_completa,AE,AE:c_completa,q990,52,26,26,26,0,26,0,0.0,0.0,1.0,0.5,0.0,0.5,0.0,0.0,0.0
validacao_2025_pre_pectra,strict,displacement,c_completa,AE,AE:c_completa,q995,52,26,26,26,0,26,0,0.0,0.0,1.0,0.5,0.0,0.5,0.0,0.0,0.0
validacao_2025_pre_pectra,strict,displacement,c_completa,AE,AE:c_completa,q999,52,26,26,26,0,26,0,0.0,0.0,1.0,0.5,0.0,0.5,0.0,0.0,0.0
validacao_2025_pre_pectra,sensitivity,all,c_completa,AE,AE:c_completa,q990,2543,1602,941,929,12,1590,12,0.5,0.00749063670411985,0.9872476089266737,0.3687971417229059,0.014760147601476014,0.4973691228153968,-0.02627464962262804,0.012752391073326264,0.009437672040896579
validacao_2025_pre_pectra,sensitivity,all,c_completa,AE,AE:c_completa,q995,2543,1602,941,937,4,1595,7,0.6363636363636364,0.004369538077403246,0.9957492029755579,0.37006319115323855,0.008679479231246125,0.5000593705264805,0.0008735721301378059,0.004250797024442088,0.004325599685410932
validacao_2025_pre_pectra,sensitivity,all,c_completa,AE,AE:c_completa,q999,2543,1602,941,941,0,1601,1,1.0,0.0006242197253433209,1.0,0.37018095987411487,0.0012476606363069247,0.5003121098626716,0.015201126836519287,0.0,0.00039323633503735744
validacao_2025_pre_pectra,sensitivity,insertion,c_completa,AE,AE:c_completa,q990,1985,1323,662,658,4,1314,9,0.6923076923076923,0.006802721088435374,0.9939577039274925,0.33367139959432046,0.013473053892215568,0.5003802125079639,0.00444467674565636,0.0060422960725075026,0.00654911838790932
validacao_2025_pre_pectra,sensitivity,insertion,c_completa,AE,AE:c_completa,q995,1985,1323,662,661,1,1316,7,0.875,0.005291005291005291,0.9984894259818731,0.33434496712190187,0.010518407212622087,0.5018902156364392,0.0281320859611821,0.0015105740181269312,0.004030226700251889
validacao_2025_pre_pectra,sensitivity,insertion,c_completa,AE,AE:c_completa,q999,1985,1323,662,662,0,1322,1,1.0,0.0007558578987150416,1.0,0.3336693548387097,0.0015105740181268882,0.5003779289493575,0.01588101436980619,0.0,0.0005037783375314861
validacao_2025_pre_pectra,sensitivity,displacement,c_completa,AE,AE:c_completa,q990,558,279,279,271,8,276,3,0.2727272727272727,0.010752688172043012,0.9713261648745519,0.4954296160877514,0.020689655172413796,0.49103942652329746,-0.06445847086055154,0.028673835125448077,0.01971326164874552
validacao_2025_pre_pectra,sensitivity,displacement,c_completa,AE,AE:c_completa,q995,558,279,279,276,3,279,0,0.0,0.0,0.989247311827957,0.4972972972972973,0.0,0.4946236559139785,-0.07352146220938077,0.010752688172043001,0.005376344086021506
validacao_2025_pre_pectra,sensitivity,displacement,c_completa,AE,AE:c_completa,q999,558,279,279,279,0,279,0,0.0,0.0,1.0,0.5,0.0,0.5,0.0,0.0,0.0
validacao_2025_pre_pectra,strict,all,c_completa,IF,IF:c_completa,q990,2037,1349,688,685,3,1298,51,0.9444444444444444,0.03780578206078577,0.9956395348837209,0.3454362077660111,0.07270135424091234,0.5167226584722533,0.09846395426377615,0.0043604651162790775,0.026509572901325478
validacao_2025_pre_pectra,strict,all,c_completa,IF,IF:c_completa,q995,2037,1349,688,686,2,1325,24,0.9230769230769231,0.017790956263899184,0.997093023255814,0.34112381899552463,0.034909090909090904,0.5074419897598565,0.06270851962930815,0.0029069767441860517,0.012763868433971527
validacao_2025_pre_pectra,strict,all,c_completa,IF,IF:c_completa,q999,2037,1349,688,688,0,1341,8,1.0,0.005930318754633061,1.0,0.33908329226219813,0.011790714812085481,0.5029651593773166,0.04484274754612207,0.0,0.0039273441335297005
validacao_2025_pre_pectra,strict,insertion,c_completa,IF,IF:c_completa,q990,1985,1323,662,662,0,1272,51,1.0,0.03854875283446712,1.0,0.3422957600827301,0.07423580786026202,0.5192743764172335,0.11486981610377558,0.0,0.025692695214105794
validacao_2025_pre_pectra,strict,insertion,c_completa,IF,IF:c_completa,q995,1985,1323,662,662,0,1299,24,1.0,0.018140589569160998,1.0,0.33758286588475267,0.035634743875278395,0.5090702947845805,0.0782556848771795,0.0,0.012090680100755667
validacao_2025_pre_pectra,strict,insertion,c_completa,IF,IF:c_completa,q999,1985,1323,662,662,0,1315,8,1.0,0.006046863189720333,1.0,0.3348507840161861,0.012021036814425245,0.5030234315948602,0.04499774305358514,0.0,0.004030226700251889
validacao_2025_pre_pectra,strict,displacement,c_completa,IF,IF:c_completa,q990,52,26,26,23,3,26,0,0.0,0.0,0.8846153846153846,0.46938775510204084,0.0,0.4423076923076923,-0.24743582965269675,0.11538461538461542,0.057692307692307696
validacao_2025_pre_pectra,strict,displacement,c_completa,IF,IF:c_completa,q995,52,26,26,24,2,26,0,0.0,0.0,0.9230769230769231,0.48,0.0,0.46153846153846156,-0.2,0.07692307692307687,0.038461538461538464
validacao_2025_pre_pectra,strict,displacement,c_completa,IF,IF:c_completa,q999,52,26,26,26,0,26,0,0.0,0.0,1.0,0.5,0.0,0.5,0.0,0.0,0.0
validacao_2025_pre_pectra,sensitivity,all,c_completa,IF,IF:c_completa,q990,2543,1602,941,938,3,1551,51,0.9444444444444444,0.031835205992509365,0.9968119022316685,0.37685817597428684,0.06159420289855073,0.514323554112089,0.09593951709200603,0.0031880977683315104,0.0212347620920173
validacao_2025_pre_pectra,sensitivity,all,c_completa,IF,IF:c_completa,q995,2543,1602,941,939,2,1578,24,0.9230769230769231,0.0149812734082397,0.997874601487779,0.3730631704410012,0.02948402948402948,0.5064279374480093,0.06170202584973771,0.002125398512221044,0.010224144710971293
validacao_2025_pre_pectra,sensitivity,all,c_completa,IF,IF:c_completa,q999,2543,1602,941,941,0,1594,8,1.0,0.004993757802746567,1.0,0.3712031558185404,0.009937888198757764,0.5024968789013733,0.043054600866492605,0.0,0.0031458906802988595
validacao_2025_pre_pectra,sensitivity,insertion,c_completa,IF,IF:c_completa,q990,1985,1323,662,662,0,1272,51,1.0,0.03854875283446712,1.0,0.3422957600827301,0.07423580786026202,0.5192743764172335,0.11486981610377558,0.0,0.025692695214105794
validacao_2025_pre_pectra,sensitivity,insertion,c_completa,IF,IF:c_completa,q995,1985,1323,662,662,0,1299,24,1.0,0.018140589569160998,1.0,0.33758286588475267,0.035634743875278395,0.5090702947845805,0.0782556848771795,0.0,0.012090680100755667
validacao_2025_pre_pectra,sensitivity,insertion,c_completa,IF,IF:c_completa,q999,1985,1323,662,662,0,1315,8,1.0,0.006046863189720333,1.0,0.3348507840161861,0.012021036814425245,0.5030234315948602,0.04499774305358514,0.0,0.004030226700251889
validacao_2025_pre_pectra,sensitivity,displacement,c_completa,IF,IF:c_completa,q990,558,279,279,276,3,279,0,0.0,0.0,0.989247311827957,0.4972972972972973,0.0,0.4946236559139785,-0.07352146220938077,0.010752688172043001,0.005376344086021506
validacao_2025_pre_pectra,sensitivity,displacement,c_completa,IF,IF:c_completa,q995,558,279,279,277,2,279,0,0.0,0.0,0.992831541218638,0.4982014388489209,0.0,0.496415770609319,-0.05997601439040672,0.007168458781361964,0.0035842293906810036
validacao_2025_pre_pectra,sensitivity,displacement,c_completa,IF,IF:c_completa,q999,558,279,279,279,0,279,0,0.0,0.0,1.0,0.5,0.0,0.5,0.0,0.0,0.0
validacao_2025_pre_pectra,strict,all,b_sem_taxas_absolutas,AE,AE:b_sem_taxas_absolutas,q990,2037,1349,688,685,3,1340,9,0.75,0.006671608598962194,0.9956395348837209,0.33827160493827163,0.01322556943423953,0.5011555717413415,0.014283148968594632,0.0043604651162790775,0.005891016200294551
validacao_2025_pre_pectra,strict,all,b_sem_taxas_absolutas,AE,AE:b_sem_taxas_absolutas,q995,2037,1349,688,688,0,1348,1,1.0,0.0007412898443291327,1.0,0.3379174852652259,0.0014814814814814814,0.5003706449221645,0.015827027517773238,0.0,0.0004909180166912126
validacao_2025_pre_pectra,strict,all,b_sem_taxas_absolutas,AE,AE:b_sem_taxas_absolutas,q999,2037,1349,688,688,0,1349,0,0.0,0.0,1.0,0.33775159548355427,0.0,0.5,0.0,0.0,0.0
validacao_2025_pre_pectra,strict,insertion,b_sem_taxas_absolutas,AE,AE:b_sem_taxas_absolutas,q990,1985,1323,662,660,2,1315,8,0.8,0.006046863189720333,0.9969788519637462,0.3341772151898734,0.012003000750187547,0.5015128575767333,0.020148995837260552,0.0030211480362537513,0.005037783375314861
validacao_2025_pre_pectra,strict,insertion,b_sem_taxas_absolutas,AE,AE:b_sem_taxas_absolutas,q995,1985,1323,662,662,0,1322,1,1.0,0.0007558578987150416,1.0,0.3336693548387097,0.0015105740181268882,0.5003779289493575,0.01588101436980619,0.0,0.0005037783375314861
validacao_2025_pre_pectra,strict,insertion,b_sem_taxas_absolutas,AE,AE:b_sem_taxas_absolutas,q999,1985,1323,662,662,0,1323,0,0.0,0.0,1.0,0.33350125944584386,0.0,0.5,0.0,0.0,0.0
validacao_2025_pre_pectra,strict,displacement,b_sem_taxas_absolutas,AE,AE:b_sem_taxas_absolutas,q990,52,26,26,25,1,25,1,0.5,0.038461538461538464,0.9615384615384616,0.5,0.07142857142857144,0.5,0.0,0.038461538461538436,0.038461538461538464
validacao_2025_pre_pectra,strict,displacement,b_sem_taxas_absolutas,AE,AE:b_sem_taxas_absolutas,q995,52,26,26,26,0,26,0,0.0,0.0,1.0,0.5,0.0,0.5,0.0,0.0,0.0
validacao_2025_pre_pectra,strict,displacement,b_sem_taxas_absolutas,AE,AE:b_sem_taxas_absolutas,q999,52,26,26,26,0,26,0,0.0,0.0,1.0,0.5,0.0,0.5,0.0,0.0,0.0
validacao_2025_pre_pectra,sensitivity,all,b_sem_taxas_absolutas,AE,AE:b_sem_taxas_absolutas,q990,2543,1602,941,937,4,1592,10,0.7142857142857143,0.006242197253433208,0.9957492029755579,0.3705021747726374,0.012376237623762375,0.5009957001144956,0.012994099495019873,0.004250797024442088,0.005505308690523005
validacao_2025_pre_pectra,sensitivity,all,b_sem_taxas_absolutas,AE,AE:b_sem_taxas_absolutas,q995,2543,1602,941,941,0,1601,1,1.0,0.0006242197253433209,1.0,0.37018095987411487,0.0012476606363069247,0.5003121098626716,0.015201126836519287,0.0,0.00039323633503735744
validacao_2025_pre_pectra,sensitivity,all,b_sem_taxas_absolutas,AE,AE:b_sem_taxas_absolutas,q999,2543,1602,941,941,0,1602,0,0.0,0.0,1.0,0.37003539127015334,0.0,0.5,0.0,0.0,0.0
validacao_2025_pre_pectra,sensitivity,insertion,b_sem_taxas_absolutas,AE,AE:b_sem_taxas_absolutas,q990,1985,1323,662,660,2,1315,8,0.8,0.006046863189720333,0.9969788519637462,0.3341772151898734,0.012003000750187547,0.5015128575767333,0.020148995837260552,0.0030211480362537513,0.005037783375314861
validacao_2025_pre_pectra,sensitivity,insertion,b_sem_taxas_absolutas,AE,AE:b_sem_taxas_absolutas,q995,1985,1323,662,662,0,1322,1,1.0,0.0007558578987150416,1.0,0.3336693548387097,0.0015105740181268882,0.5003779289493575,0.01588101436980619,0.0,0.0005037783375314861
validacao_2025_pre_pectra,sensitivity,insertion,b_sem_taxas_absolutas,AE,AE:b_sem_taxas_absolutas,q999,1985,1323,662,662,0,1323,0,0.0,0.0,1.0,0.33350125944584386,0.0,0.5,0.0,0.0,0.0
validacao_2025_pre_pectra,sensitivity,displacement,b_sem_taxas_absolutas,AE,AE:b_sem_taxas_absolutas,q990,558,279,279,277,2,277,2,0.5,0.007168458781362007,0.992831541218638,0.5,0.01413427561837456,0.5,0.0,0.007168458781361964,0.007168458781362007
validacao_2025_pre_pectra,sensitivity,displacement,b_sem_taxas_absolutas,AE,AE:b_sem_taxas_absolutas,q995,558,279,279,279,0,279,0,0.0,0.0,1.0,0.5,0.0,0.5,0.0,0.0,0.0
validacao_2025_pre_pectra,sensitivity,displacement,b_sem_taxas_absolutas,AE,AE:b_sem_taxas_absolutas,q999,558,279,279,279,0,279,0,0.0,0.0,1.0,0.5,0.0,0.5,0.0,0.0,0.0
validacao_2025_pre_pectra,strict,all,b_sem_taxas_absolutas,IF,IF:b_sem_taxas_absolutas,q990,2037,1349,688,687,1,1341,8,0.8888888888888888,0.005930318754633061,0.998546511627907,0.33875739644970415,0.011782032400589103,0.50223841519127,0.031923875182630825,0.0014534883720930258,0.004418262150220913
validacao_2025_pre_pectra,strict,all,b_sem_taxas_absolutas,IF,IF:b_sem_taxas_absolutas,q995,2037,1349,688,688,0,1345,4,1.0,0.0029651593773165306,1.0,0.33841613379242497,0.005912786400591279,0.5014825796886583,0.031677401606662985,0.0,0.0019636720667648502
validacao_2025_pre_pectra,strict,all,b_sem_taxas_absolutas,IF,IF:b_sem_taxas_absolutas,q999,2037,1349,688,688,0,1349,0,0.0,0.0,1.0,0.33775159548355427,0.0,0.5,0.0,0.0,0.0
validacao_2025_pre_pectra,strict,insertion,b_sem_taxas_absolutas,IF,IF:b_sem_taxas_absolutas,q990,1985,1323,662,662,0,1315,8,1.0,0.006046863189720333,1.0,0.3348507840161861,0.012021036814425245,0.5030234315948602,0.04499774305358514,0.0,0.004030226700251889
validacao_2025_pre_pectra,strict,insertion,b_sem_taxas_absolutas,IF,IF:b_sem_taxas_absolutas,q995,1985,1323,662,662,0,1319,4,1.0,0.0030234315948601664,1.0,0.3341746592629985,0.006028636021100227,0.50151171579743,0.031786069637773404,0.0,0.0020151133501259445
validacao_2025_pre_pectra,strict,insertion,b_sem_taxas_absolutas,IF,IF:b_sem_taxas_absolutas,q999,1985,1323,662,662,0,1323,0,0.0,0.0,1.0,0.33350125944584386,0.0,0.5,0.0,0.0,0.0
validacao_2025_pre_pectra,strict,displacement,b_sem_taxas_absolutas,IF,IF:b_sem_taxas_absolutas,q990,52,26,26,25,1,26,0,0.0,0.0,0.9615384615384616,0.49019607843137253,0.0,0.4807692307692308,-0.14002800840280097,0.038461538461538436,0.019230769230769232
validacao_2025_pre_pectra,strict,displacement,b_sem_taxas_absolutas,IF,IF:b_sem_taxas_absolutas,q995,52,26,26,26,0,26,0,0.0,0.0,1.0,0.5,0.0,0.5,0.0,0.0,0.0
validacao_2025_pre_pectra,strict,displacement,b_sem_taxas_absolutas,IF,IF:b_sem_taxas_absolutas,q999,52,26,26,26,0,26,0,0.0,0.0,1.0,0.5,0.0,0.5,0.0,0.0,0.0
validacao_2025_pre_pectra,sensitivity,all,b_sem_taxas_absolutas,IF,IF:b_sem_taxas_absolutas,q990,2543,1602,941,940,1,1594,8,0.8888888888888888,0.004993757802746567,0.9989373007438895,0.3709550118389897,0.009931719428926131,0.5019655292733181,0.03196031268225603,0.0010626992561104665,0.003539127015336217
validacao_2025_pre_pectra,sensitivity,all,b_sem_taxas_absolutas,IF,IF:b_sem_taxas_absolutas,q995,2543,1602,941,941,0,1598,4,1.0,0.0024968789013732834,1.0,0.3706183536825522,0.0049813200498132005,0.5012484394506866,0.030420209528727215,0.0,0.0015729453401494297
validacao_2025_pre_pectra,sensitivity,all,b_sem_taxas_absolutas,IF,IF:b_sem_taxas_absolutas,q999,2543,1602,941,941,0,1602,0,0.0,0.0,1.0,0.37003539127015334,0.0,0.5,0.0,0.0,0.0
validacao_2025_pre_pectra,sensitivity,insertion,b_sem_taxas_absolutas,IF,IF:b_sem_taxas_absolutas,q990,1985,1323,662,662,0,1315,8,1.0,0.006046863189720333,1.0,0.3348507840161861,0.012021036814425245,0.5030234315948602,0.04499774305358514,0.0,0.004030226700251889
validacao_2025_pre_pectra,sensitivity,insertion,b_sem_taxas_absolutas,IF,IF:b_sem_taxas_absolutas,q995,1985,1323,662,662,0,1319,4,1.0,0.0030234315948601664,1.0,0.3341746592629985,0.006028636021100227,0.50151171579743,0.031786069637773404,0.0,0.0020151133501259445
validacao_2025_pre_pectra,sensitivity,insertion,b_sem_taxas_absolutas,IF,IF:b_sem_taxas_absolutas,q999,1985,1323,662,662,0,1323,0,0.0,0.0,1.0,0.33350125944584386,0.0,0.5,0.0,0.0,0.0
validacao_2025_pre_pectra,sensitivity,displacement,b_sem_taxas_absolutas,IF,IF:b_sem_taxas_absolutas,q990,558,279,279,278,1,279,0,0.0,0.0,0.996415770609319,0.4991023339317774,0.0,0.4982078853046595,-0.042371359860703575,0.0035842293906810374,0.0017921146953405018
validacao_2025_pre_pectra,sensitivity,displacement,b_sem_taxas_absolutas,IF,IF:b_sem_taxas_absolutas,q995,558,279,279,279,0,279,0,0.0,0.0,1.0,0.5,0.0,0.5,0.0,0.0,0.0
validacao_2025_pre_pectra,sensitivity,displacement,b_sem_taxas_absolutas,IF,IF:b_sem_taxas_absolutas,q999,558,279,279,279,0,279,0,0.0,0.0,1.0,0.5,0.0,0.5,0.0,0.0,0.0
validacao_2025_pre_pectra,strict,all,c_sem_taxas_absolutas,AE,AE:c_sem_taxas_absolutas,q990,2037,1349,688,679,9,1329,20,0.6896551724137931,0.014825796886582653,0.9869186046511628,0.3381474103585657,0.029027576197387512,0.5008722007688727,0.006964112875406154,0.013081395348837233,0.014236622484045164
validacao_2025_pre_pectra,strict,all,c_sem_taxas_absolutas,AE,AE:c_sem_taxas_absolutas,q995,2037,1349,688,682,6,1340,9,0.6,0.006671608598962194,0.9912790697674418,0.33728981206726016,0.013196480938416421,0.498975339183202,-0.011336372646372878,0.008720930232558155,0.007363770250368188
validacao_2025_pre_pectra,strict,all,c_sem_taxas_absolutas,AE,AE:c_sem_taxas_absolutas,q999,2037,1349,688,685,3,1346,3,0.5,0.002223869532987398,0.9956395348837209,0.3372722796651896,0.004428044280442804,0.49893170220835414,-0.018646268488533527,0.0043604651162790775,0.0029455081001472753
validacao_2025_pre_pectra,strict,insertion,c_sem_taxas_absolutas,AE,AE:c_sem_taxas_absolutas,q990,1985,1323,662,653,9,1303,20,0.6896551724137931,0.015117157974300832,0.986404833836858,0.3338445807770961,0.02958579881656805,0.5007609959055794,0.00598050431993717,0.013595166163142047,0.014609571788413099
validacao_2025_pre_pectra,strict,insertion,c_sem_taxas_absolutas,AE,AE:c_sem_taxas_absolutas,q995,1985,1323,662,656,6,1314,9,0.6,0.006802721088435374,0.9909365558912386,0.332994923857868,0.013452914798206277,0.498869638489837,-0.012307717827168902,0.009063444108761365,0.007556675062972292
validacao_2025_pre_pectra,strict,insertion,c_sem_taxas_absolutas,AE,AE:c_sem_taxas_absolutas,q999,1985,1323,662,659,3,1320,3,0.5,0.0022675736961451248,0.9954682779456193,0.3329964628600303,0.004514672686230248,0.49886792582088224,-0.019445328087615038,0.004531722054380682,0.003022670025188917
validacao_2025_pre_pectra,strict,displacement,c_sem_taxas_absolutas,AE,AE:c_sem_taxas_absolutas,q990,52,26,26,26,0,26,0,0.0,0.0,1.0,0.5,0.0,0.5,0.0,0.0,0.0
validacao_2025_pre_pectra,strict,displacement,c_sem_taxas_absolutas,AE,AE:c_sem_taxas_absolutas,q995,52,26,26,26,0,26,0,0.0,0.0,1.0,0.5,0.0,0.5,0.0,0.0,0.0
validacao_2025_pre_pectra,strict,displacement,c_sem_taxas_absolutas,AE,AE:c_sem_taxas_absolutas,q999,52,26,26,26,0,26,0,0.0,0.0,1.0,0.5,0.0,0.5,0.0,0.0,0.0
validacao_2025_pre_pectra,sensitivity,all,c_sem_taxas_absolutas,AE,AE:c_sem_taxas_absolutas,q990,2543,1602,941,932,9,1582,20,0.6896551724137931,0.012484394506866416,0.9904357066950054,0.3707239459029435,0.02452483139178418,0.5014600506009359,0.013278295672436958,0.009564293304994642,0.011403853716083366
validacao_2025_pre_pectra,sensitivity,all,c_sem_taxas_absolutas,AE,AE:c_sem_taxas_absolutas,q995,2543,1602,941,935,6,1593,9,0.6,0.0056179775280898875,0.9936238044633369,0.36985759493670883,0.011131725417439703,0.4996208909957134,-0.0047806395326040274,0.006376195536663132,0.005898545025560362
validacao_2025_pre_pectra,sensitivity,all,c_sem_taxas_absolutas,AE,AE:c_sem_taxas_absolutas,q999,2543,1602,941,938,3,1599,3,0.5,0.0018726591760299626,0.9968119022316685,0.36972802522664566,0.0037313432835820895,0.49934228070384923,-0.01309063723094528,0.0031880977683315104,0.0023594180102241447
validacao_2025_pre_pectra,sensitivity,insertion,c_sem_taxas_absolutas,AE,AE:c_sem_taxas_absolutas,q990,1985,1323,662,653,9,1303,20,0.6896551724137931,0.015117157974300832,0.986404833836858,0.3338445807770961,0.02958579881656805,0.5007609959055794,0.00598050431993717,0.013595166163142047,0.014609571788413099
validacao_2025_pre_pectra,sensitivity,insertion,c_sem_taxas_absolutas,AE,AE:c_sem_taxas_absolutas,q995,1985,1323,662,656,6,1314,9,0.6,0.006802721088435374,0.9909365558912386,0.332994923857868,0.013452914798206277,0.498869638489837,-0.012307717827168902,0.009063444108761365,0.007556675062972292
validacao_2025_pre_pectra,sensitivity,insertion,c_sem_taxas_absolutas,AE,AE:c_sem_taxas_absolutas,q999,1985,1323,662,659,3,1320,3,0.5,0.0022675736961451248,0.9954682779456193,0.3329964628600303,0.004514672686230248,0.49886792582088224,-0.019445328087615038,0.004531722054380682,0.003022670025188917
validacao_2025_pre_pectra,sensitivity,displacement,c_sem_taxas_absolutas,AE,AE:c_sem_taxas_absolutas,q990,558,279,279,279,0,279,0,0.0,0.0,1.0,0.5,0.0,0.5,0.0,0.0,0.0
validacao_2025_pre_pectra,sensitivity,displacement,c_sem_taxas_absolutas,AE,AE:c_sem_taxas_absolutas,q995,558,279,279,279,0,279,0,0.0,0.0,1.0,0.5,0.0,0.5,0.0,0.0,0.0
validacao_2025_pre_pectra,sensitivity,displacement,c_sem_taxas_absolutas,AE,AE:c_sem_taxas_absolutas,q999,558,279,279,279,0,279,0,0.0,0.0,1.0,0.5,0.0,0.5,0.0,0.0,0.0
validacao_2025_pre_pectra,strict,all,c_sem_taxas_absolutas,IF,IF:c_sem_taxas_absolutas,q990,2037,1349,688,687,1,1338,11,0.9166666666666666,0.00815418828762046,0.998546511627907,0.33925925925925926,0.016164584864070537,0.5033503499577637,0.04141114379286248,0.0014534883720930258,0.005891016200294551
validacao_2025_pre_pectra,strict,all,c_sem_taxas_absolutas,IF,IF:c_sem_taxas_absolutas,q995,2037,1349,688,688,0,1341,8,1.0,0.005930318754633061,1.0,0.33908329226219813,0.011790714812085481,0.5029651593773166,0.04484274754612207,0.0,0.0039273441335297005
validacao_2025_pre_pectra,strict,all,c_sem_taxas_absolutas,IF,IF:c_sem_taxas_absolutas,q999,2037,1349,688,688,0,1343,6,1.0,0.004447739065974796,1.0,0.33874938453963566,0.008856088560885609,0.5022238695329874,0.038815832738611396,0.0,0.0029455081001472753
validacao_2025_pre_pectra,strict,insertion,c_sem_taxas_absolutas,IF,IF:c_sem_taxas_absolutas,q990,1985,1323,662,662,0,1312,11,1.0,0.008314436885865457,1.0,0.3353596757852077,0.01649175412293853,0.5041572184429327,0.05280461020006124,0.0,0.0055415617128463475
validacao_2025_pre_pectra,strict,insertion,c_sem_taxas_absolutas,IF,IF:c_sem_taxas_absolutas,q995,1985,1323,662,662,0,1315,8,1.0,0.006046863189720333,1.0,0.3348507840161861,0.012021036814425245,0.5030234315948602,0.04499774305358514,0.0,0.004030226700251889
validacao_2025_pre_pectra,strict,insertion,c_sem_taxas_absolutas,IF,IF:c_sem_taxas_absolutas,q999,1985,1323,662,662,0,1317,6,1.0,0.0045351473922902496,1.0,0.33451237998989386,0.009029345372460496,0.5022675736961452,0.03894949226626673,0.0,0.003022670025188917
validacao_2025_pre_pectra,strict,displacement,c_sem_taxas_absolutas,IF,IF:c_sem_taxas_absolutas,q990,52,26,26,25,1,26,0,0.0,0.0,0.9615384615384616,0.49019607843137253,0.0,0.4807692307692308,-0.14002800840280097,0.038461538461538436,0.019230769230769232
validacao_2025_pre_pectra,strict,displacement,c_sem_taxas_absolutas,IF,IF:c_sem_taxas_absolutas,q995,52,26,26,26,0,26,0,0.0,0.0,1.0,0.5,0.0,0.5,0.0,0.0,0.0
validacao_2025_pre_pectra,strict,displacement,c_sem_taxas_absolutas,IF,IF:c_sem_taxas_absolutas,q999,52,26,26,26,0,26,0,0.0,0.0,1.0,0.5,0.0,0.5,0.0,0.0,0.0
validacao_2025_pre_pectra,sensitivity,all,c_sem_taxas_absolutas,IF,IF:c_sem_taxas_absolutas,q990,2543,1602,941,940,1,1591,11,0.9166666666666666,0.00686641697877653,0.9989373007438895,0.37139470564994076,0.013630731102850062,0.502901858861333,0.04088797979515968,0.0010626992561104665,0.0047188360204482895
validacao_2025_pre_pectra,sensitivity,all,c_sem_taxas_absolutas,IF,IF:c_sem_taxas_absolutas,q995,2543,1602,941,941,0,1594,8,1.0,0.004993757802746567,1.0,0.3712031558185404,0.009937888198757764,0.5024968789013733,0.043054600866492605,0.0,0.0031458906802988595
validacao_2025_pre_pectra,sensitivity,all,c_sem_taxas_absolutas,IF,IF:c_sem_taxas_absolutas,q999,2543,1602,941,941,0,1596,6,1.0,0.003745318352059925,1.0,0.3709105242412298,0.007462686567164179,0.50187265917603,0.03727167816738127,0.0,0.0023594180102241447
validacao_2025_pre_pectra,sensitivity,insertion,c_sem_taxas_absolutas,IF,IF:c_sem_taxas_absolutas,q990,1985,1323,662,662,0,1312,11,1.0,0.008314436885865457,1.0,0.3353596757852077,0.01649175412293853,0.5041572184429327,0.05280461020006124,0.0,0.0055415617128463475
validacao_2025_pre_pectra,sensitivity,insertion,c_sem_taxas_absolutas,IF,IF:c_sem_taxas_absolutas,q995,1985,1323,662,662,0,1315,8,1.0,0.006046863189720333,1.0,0.3348507840161861,0.012021036814425245,0.5030234315948602,0.04499774305358514,0.0,0.004030226700251889
validacao_2025_pre_pectra,sensitivity,insertion,c_sem_taxas_absolutas,IF,IF:c_sem_taxas_absolutas,q999,1985,1323,662,662,0,1317,6,1.0,0.0045351473922902496,1.0,0.33451237998989386,0.009029345372460496,0.5022675736961452,0.03894949226626673,0.0,0.003022670025188917
validacao_2025_pre_pectra,sensitivity,displacement,c_sem_taxas_absolutas,IF,IF:c_sem_taxas_absolutas,q990,558,279,279,278,1,279,0,0.0,0.0,0.996415770609319,0.4991023339317774,0.0,0.4982078853046595,-0.042371359860703575,0.0035842293906810374,0.0017921146953405018
validacao_2025_pre_pectra,sensitivity,displacement,c_sem_taxas_absolutas,IF,IF:c_sem_taxas_absolutas,q995,558,279,279,279,0,279,0,0.0,0.0,1.0,0.5,0.0,0.5,0.0,0.0,0.0
validacao_2025_pre_pectra,sensitivity,displacement,c_sem_taxas_absolutas,IF,IF:c_sem_taxas_absolutas,q999,558,279,279,279,0,279,0,0.0,0.0,1.0,0.5,0.0,0.5,0.0,0.0,0.0
transicao_pectra_2025,strict,all,a_completa,AE,AE:a_completa,q990,391,258,133,130,3,254,4,0.5714285714285714,0.015503875968992248,0.9774436090225563,0.3385416666666667,0.03018867924528302,0.4964737424957743,-0.025197941325446328,0.022556390977443663,0.017902813299232736
transicao_pectra_2025,strict,all,a_completa,AE,AE:a_completa,q995,391,258,133,130,3,258,0,0.0,0.0,0.9774436090225563,0.33505154639175255,0.0,0.48872180451127817,-0.12246974034198878,0.022556390977443663,0.0076726342710997444
transicao_pectra_2025,strict,all,a_completa,AE,AE:a_completa,q999,391,258,133,133,0,258,0,0.0,0.0,1.0,0.340153452685422,0.0,0.5,0.0,0.0,0.0
transicao_pectra_2025,strict,insertion,a_completa,AE,AE:a_completa,q990,375,250,125,125,0,249,1,1.0,0.004,1.0,0.3342245989304813,0.00796812749003984,0.502,0.036563621206356534,0.0,0.0026666666666666666
transicao_pectra_2025,strict,insertion,a_completa,AE,AE:a_completa,q995,375,250,125,125,0,250,0,0.0,0.0,1.0,0.3333333333333333,0.0,0.5,0.0,0.0,0.0
transicao_pectra_2025,strict,insertion,a_completa,AE,AE:a_completa,q999,375,250,125,125,0,250,0,0.0,0.0,1.0,0.3333333333333333,0.0,0.5,0.0,0.0,0.0
transicao_pectra_2025,strict,displacement,a_completa,AE,AE:a_completa,q990,16,8,8,5,3,5,3,0.5,0.375,0.625,0.5,0.42857142857142855,0.5,0.0,0.375,0.375
transicao_pectra_2025,strict,displacement,a_completa,AE,AE:a_completa,q995,16,8,8,5,3,8,0,0.0,0.0,0.625,0.38461538461538464,0.0,0.3125,-0.48038446141526137,0.375,0.1875
transicao_pectra_2025,strict,displacement,a_completa,AE,AE:a_completa,q999,16,8,8,8,0,8,0,0.0,0.0,1.0,0.5,0.0,0.5,0.0,0.0,0.0
transicao_pectra_2025,sensitivity,all,a_completa,AE,AE:a_completa,q990,689,407,282,239,43,361,46,0.5168539325842697,0.11302211302211303,0.8475177304964538,0.3983333333333333,0.18548387096774194,0.48026992175928346,-0.05785087517496653,0.15248226950354615,0.12917271407837447
transicao_pectra_2025,sensitivity,all,a_completa,AE,AE:a_completa,q995,689,407,282,266,16,394,13,0.4482758620689655,0.03194103194103194,0.9432624113475178,0.403030303030303,0.05963302752293578,0.48760172164427484,-0.06072145510245139,0.05673758865248224,0.0420899854862119
transicao_pectra_2025,sensitivity,all,a_completa,AE,AE:a_completa,q999,689,407,282,282,0,407,0,0.0,0.0,1.0,0.409288824383164,0.0,0.5,0.0,0.0,0.0
transicao_pectra_2025,sensitivity,insertion,a_completa,AE,AE:a_completa,q990,375,250,125,125,0,249,1,1.0,0.004,1.0,0.3342245989304813,0.00796812749003984,0.502,0.036563621206356534,0.0,0.0026666666666666666
transicao_pectra_2025,sensitivity,insertion,a_completa,AE,AE:a_completa,q995,375,250,125,125,0,250,0,0.0,0.0,1.0,0.3333333333333333,0.0,0.5,0.0,0.0,0.0
transicao_pectra_2025,sensitivity,insertion,a_completa,AE,AE:a_completa,q999,375,250,125,125,0,250,0,0.0,0.0,1.0,0.3333333333333333,0.0,0.5,0.0,0.0,0.0
transicao_pectra_2025,sensitivity,displacement,a_completa,AE,AE:a_completa,q990,314,157,157,114,43,112,45,0.5113636363636364,0.28662420382165604,0.7261146496815286,0.504424778761062,0.36734693877551017,0.5063694267515924,0.014181900694934992,0.2738853503184714,0.2802547770700637
transicao_pectra_2025,sensitivity,displacement,a_completa,AE,AE:a_completa,q995,314,157,157,141,16,144,13,0.4482758620689655,0.08280254777070063,0.8980891719745223,0.49473684210526314,0.13978494623655913,0.49044585987261147,-0.032998927552281544,0.10191082802547768,0.09235668789808917
transicao_pectra_2025,sensitivity,displacement,a_completa,AE,AE:a_completa,q999,314,157,157,157,0,157,0,0.0,0.0,1.0,0.5,0.0,0.5,0.0,0.0,0.0
transicao_pectra_2025,strict,all,a_completa,IF,IF:a_completa,q990,391,258,133,129,4,215,43,0.9148936170212766,0.16666666666666666,0.9699248120300752,0.375,0.2819672131147541,0.568295739348371,0.19898994400140713,0.03007518796992481,0.12020460358056266
transicao_pectra_2025,strict,all,a_completa,IF,IF:a_completa,q995,391,258,133,131,2,228,30,0.9375,0.11627906976744186,0.9849624060150376,0.3649025069637883,0.20689655172413793,0.5506207378912398,0.17497335821585938,0.015037593984962405,0.08184143222506395
transicao_pectra_2025,strict,all,a_completa,IF,IF:a_completa,q999,391,258,133,133,0,247,11,1.0,0.04263565891472868,1.0,0.35,0.08178438661710037,0.5213178294573644,0.12215760565824398,0.0,0.028132992327365727
transicao_pectra_2025,strict,insertion,a_completa,IF,IF:a_completa,q990,375,250,125,125,0,207,43,1.0,0.172,1.0,0.37650602409638556,0.2935153583617747,0.586,0.25447796789619787,0.0,0.11466666666666667
transicao_pectra_2025,strict,insertion,a_completa,IF,IF:a_completa,q995,375,250,125,125,0,220,30,1.0,0.12,1.0,0.36231884057971014,0.21428571428571425,0.56,0.20851441405707477,0.0,0.08
transicao_pectra_2025,strict,insertion,a_completa,IF,IF:a_completa,q999,375,250,125,125,0,239,11,1.0,0.044,1.0,0.3434065934065934,0.08429118773946359,0.522,0.1229222929736104,0.0,0.029333333333333333
transicao_pectra_2025,strict,displacement,a_completa,IF,IF:a_completa,q990,16,8,8,4,4,8,0,0.0,0.0,0.5,0.3333333333333333,0.0,0.25,-0.5773502691896258,0.5,0.25
transicao_pectra_2025,strict,displacement,a_completa,IF,IF:a_completa,q995,16,8,8,6,2,8,0,0.0,0.0,0.75,0.42857142857142855,0.0,0.375,-0.3779644730092272,0.25,0.125
transicao_pectra_2025,strict,displacement,a_completa,IF,IF:a_completa,q999,16,8,8,8,0,8,0,0.0,0.0,1.0,0.5,0.0,0.5,0.0,0.0,0.0
transicao_pectra_2025,sensitivity,all,a_completa,IF,IF:a_completa,q990,689,407,282,278,4,364,43,0.9148936170212766,0.10565110565110565,0.9858156028368794,0.43302180685358255,0.1894273127753304,0.5457333542439925,0.1783891214565381,0.014184397163120588,0.06821480406386067
transicao_pectra_2025,sensitivity,all,a_completa,IF,IF:a_completa,q995,689,407,282,280,2,377,30,0.9375,0.07371007371007371,0.9929078014184397,0.426179604261796,0.13667425968109337,0.5333089375642567,0.15565205576380772,0.007092198581560294,0.04644412191582003
transicao_pectra_2025,sensitivity,all,a_completa,IF,IF:a_completa,q999,689,407,282,282,0,396,11,1.0,0.02702702702702703,1.0,0.415929203539823,0.052631578947368425,0.5135135135135135,0.10602513770517169,0.0,0.015965166908563134
transicao_pectra_2025,sensitivity,insertion,a_completa,IF,IF:a_completa,q990,375,250,125,125,0,207,43,1.0,0.172,1.0,0.37650602409638556,0.2935153583617747,0.586,0.25447796789619787,0.0,0.11466666666666667
transicao_pectra_2025,sensitivity,insertion,a_completa,IF,IF:a_completa,q995,375,250,125,125,0,220,30,1.0,0.12,1.0,0.36231884057971014,0.21428571428571425,0.56,0.20851441405707477,0.0,0.08
transicao_pectra_2025,sensitivity,insertion,a_completa,IF,IF:a_completa,q999,375,250,125,125,0,239,11,1.0,0.044,1.0,0.3434065934065934,0.08429118773946359,0.522,0.1229222929736104,0.0,0.029333333333333333
transicao_pectra_2025,sensitivity,displacement,a_completa,IF,IF:a_completa,q990,314,157,157,153,4,157,0,0.0,0.0,0.9745222929936306,0.4935483870967742,0.0,0.4872611464968153,-0.11359236684941296,0.02547770700636942,0.012738853503184714
transicao_pectra_2025,sensitivity,displacement,a_completa,IF,IF:a_completa,q995,314,157,157,155,2,157,0,0.0,0.0,0.9872611464968153,0.4967948717948718,0.0,0.49363057324840764,-0.08006407690254357,0.01273885350318471,0.006369426751592357
transicao_pectra_2025,sensitivity,displacement,a_completa,IF,IF:a_completa,q999,314,157,157,157,0,157,0,0.0,0.0,1.0,0.5,0.0,0.5,0.0,0.0,0.0
transicao_pectra_2025,strict,all,b_completa,AE,AE:b_completa,q990,391,258,133,132,1,256,2,0.6666666666666666,0.007751937984496124,0.9924812030075187,0.3402061855670103,0.01532567049808429,0.5001165704960074,0.0012658371094779201,0.007518796992481258,0.0076726342710997444
transicao_pectra_2025,strict,all,b_completa,AE,AE:b_completa,q995,391,258,133,133,0,258,0,0.0,0.0,1.0,0.340153452685422,0.0,0.5,0.0,0.0,0.0
transicao_pectra_2025,strict,all,b_completa,AE,AE:b_completa,q999,391,258,133,133,0,258,0,0.0,0.0,1.0,0.340153452685422,0.0,0.5,0.0,0.0,0.0
transicao_pectra_2025,strict,insertion,b_completa,AE,AE:b_completa,q990,375,250,125,124,1,248,2,0.6666666666666666,0.008,0.992,0.3333333333333333,0.015810276679841896,0.5,0.0,0.008000000000000007,0.008
transicao_pectra_2025,strict,insertion,b_completa,AE,AE:b_completa,q995,375,250,125,125,0,250,0,0.0,0.0,1.0,0.3333333333333333,0.0,0.5,0.0,0.0,0.0
transicao_pectra_2025,strict,insertion,b_completa,AE,AE:b_completa,q999,375,250,125,125,0,250,0,0.0,0.0,1.0,0.3333333333333333,0.0,0.5,0.0,0.0,0.0
transicao_pectra_2025,strict,displacement,b_completa,AE,AE:b_completa,q990,16,8,8,8,0,8,0,0.0,0.0,1.0,0.5,0.0,0.5,0.0,0.0,0.0
transicao_pectra_2025,strict,displacement,b_completa,AE,AE:b_completa,q995,16,8,8,8,0,8,0,0.0,0.0,1.0,0.5,0.0,0.5,0.0,0.0,0.0
transicao_pectra_2025,strict,displacement,b_completa,AE,AE:b_completa,q999,16,8,8,8,0,8,0,0.0,0.0,1.0,0.5,0.0,0.5,0.0,0.0,0.0
transicao_pectra_2025,sensitivity,all,b_completa,AE,AE:b_completa,q990,689,407,282,281,1,405,2,0.6666666666666666,0.004914004914004914,0.9964539007092199,0.4096209912536443,0.00975609756097561,0.5006839528116124,0.010215396039892003,0.0035460992907800915,0.0043541364296081275
transicao_pectra_2025,sensitivity,all,b_completa,AE,AE:b_completa,q995,689,407,282,282,0,407,0,0.0,0.0,1.0,0.409288824383164,0.0,0.5,0.0,0.0,0.0
transicao_pectra_2025,sensitivity,all,b_completa,AE,AE:b_completa,q999,689,407,282,282,0,407,0,0.0,0.0,1.0,0.409288824383164,0.0,0.5,0.0,0.0,0.0
transicao_pectra_2025,sensitivity,insertion,b_completa,AE,AE:b_completa,q990,375,250,125,124,1,248,2,0.6666666666666666,0.008,0.992,0.3333333333333333,0.015810276679841896,0.5,0.0,0.008000000000000007,0.008
transicao_pectra_2025,sensitivity,insertion,b_completa,AE,AE:b_completa,q995,375,250,125,125,0,250,0,0.0,0.0,1.0,0.3333333333333333,0.0,0.5,0.0,0.0,0.0
transicao_pectra_2025,sensitivity,insertion,b_completa,AE,AE:b_completa,q999,375,250,125,125,0,250,0,0.0,0.0,1.0,0.3333333333333333,0.0,0.5,0.0,0.0,0.0
transicao_pectra_2025,sensitivity,displacement,b_completa,AE,AE:b_completa,q990,314,157,157,157,0,157,0,0.0,0.0,1.0,0.5,0.0,0.5,0.0,0.0,0.0
transicao_pectra_2025,sensitivity,displacement,b_completa,AE,AE:b_completa,q995,314,157,157,157,0,157,0,0.0,0.0,1.0,0.5,0.0,0.5,0.0,0.0,0.0
transicao_pectra_2025,sensitivity,displacement,b_completa,AE,AE:b_completa,q999,314,157,157,157,0,157,0,0.0,0.0,1.0,0.5,0.0,0.5,0.0,0.0,0.0
transicao_pectra_2025,strict,all,b_completa,IF,IF:b_completa,q990,391,258,133,133,0,247,11,1.0,0.04263565891472868,1.0,0.35,0.08178438661710037,0.5213178294573644,0.12215760565824398,0.0,0.028132992327365727
transicao_pectra_2025,strict,all,b_completa,IF,IF:b_completa,q995,391,258,133,133,0,258,0,0.0,0.0,1.0,0.340153452685422,0.0,0.5,0.0,0.0,0.0
transicao_pectra_2025,strict,all,b_completa,IF,IF:b_completa,q999,391,258,133,133,0,258,0,0.0,0.0,1.0,0.340153452685422,0.0,0.5,0.0,0.0,0.0
transicao_pectra_2025,strict,insertion,b_completa,IF,IF:b_completa,q990,375,250,125,125,0,239,11,1.0,0.044,1.0,0.3434065934065934,0.08429118773946359,0.522,0.1229222929736104,0.0,0.029333333333333333
transicao_pectra_2025,strict,insertion,b_completa,IF,IF:b_completa,q995,375,250,125,125,0,250,0,0.0,0.0,1.0,0.3333333333333333,0.0,0.5,0.0,0.0,0.0
transicao_pectra_2025,strict,insertion,b_completa,IF,IF:b_completa,q999,375,250,125,125,0,250,0,0.0,0.0,1.0,0.3333333333333333,0.0,0.5,0.0,0.0,0.0
transicao_pectra_2025,strict,displacement,b_completa,IF,IF:b_completa,q990,16,8,8,8,0,8,0,0.0,0.0,1.0,0.5,0.0,0.5,0.0,0.0,0.0
transicao_pectra_2025,strict,displacement,b_completa,IF,IF:b_completa,q995,16,8,8,8,0,8,0,0.0,0.0,1.0,0.5,0.0,0.5,0.0,0.0,0.0
transicao_pectra_2025,strict,displacement,b_completa,IF,IF:b_completa,q999,16,8,8,8,0,8,0,0.0,0.0,1.0,0.5,0.0,0.5,0.0,0.0,0.0
transicao_pectra_2025,sensitivity,all,b_completa,IF,IF:b_completa,q990,689,407,282,282,0,396,11,1.0,0.02702702702702703,1.0,0.415929203539823,0.052631578947368425,0.5135135135135135,0.10602513770517169,0.0,0.015965166908563134
transicao_pectra_2025,sensitivity,all,b_completa,IF,IF:b_completa,q995,689,407,282,282,0,407,0,0.0,0.0,1.0,0.409288824383164,0.0,0.5,0.0,0.0,0.0
transicao_pectra_2025,sensitivity,all,b_completa,IF,IF:b_completa,q999,689,407,282,282,0,407,0,0.0,0.0,1.0,0.409288824383164,0.0,0.5,0.0,0.0,0.0
transicao_pectra_2025,sensitivity,insertion,b_completa,IF,IF:b_completa,q990,375,250,125,125,0,239,11,1.0,0.044,1.0,0.3434065934065934,0.08429118773946359,0.522,0.1229222929736104,0.0,0.029333333333333333
transicao_pectra_2025,sensitivity,insertion,b_completa,IF,IF:b_completa,q995,375,250,125,125,0,250,0,0.0,0.0,1.0,0.3333333333333333,0.0,0.5,0.0,0.0,0.0
transicao_pectra_2025,sensitivity,insertion,b_completa,IF,IF:b_completa,q999,375,250,125,125,0,250,0,0.0,0.0,1.0,0.3333333333333333,0.0,0.5,0.0,0.0,0.0
transicao_pectra_2025,sensitivity,displacement,b_completa,IF,IF:b_completa,q990,314,157,157,157,0,157,0,0.0,0.0,1.0,0.5,0.0,0.5,0.0,0.0,0.0
transicao_pectra_2025,sensitivity,displacement,b_completa,IF,IF:b_completa,q995,314,157,157,157,0,157,0,0.0,0.0,1.0,0.5,0.0,0.5,0.0,0.0,0.0
transicao_pectra_2025,sensitivity,displacement,b_completa,IF,IF:b_completa,q999,314,157,157,157,0,157,0,0.0,0.0,1.0,0.5,0.0,0.5,0.0,0.0,0.0
transicao_pectra_2025,strict,all,c_completa,AE,AE:c_completa,q990,391,258,133,133,0,258,0,0.0,0.0,1.0,0.340153452685422,0.0,0.5,0.0,0.0,0.0
transicao_pectra_2025,strict,all,c_completa,AE,AE:c_completa,q995,391,258,133,133,0,258,0,0.0,0.0,1.0,0.340153452685422,0.0,0.5,0.0,0.0,0.0
transicao_pectra_2025,strict,all,c_completa,AE,AE:c_completa,q999,391,258,133,133,0,258,0,0.0,0.0,1.0,0.340153452685422,0.0,0.5,0.0,0.0,0.0
transicao_pectra_2025,strict,insertion,c_completa,AE,AE:c_completa,q990,375,250,125,125,0,250,0,0.0,0.0,1.0,0.3333333333333333,0.0,0.5,0.0,0.0,0.0
transicao_pectra_2025,strict,insertion,c_completa,AE,AE:c_completa,q995,375,250,125,125,0,250,0,0.0,0.0,1.0,0.3333333333333333,0.0,0.5,0.0,0.0,0.0
transicao_pectra_2025,strict,insertion,c_completa,AE,AE:c_completa,q999,375,250,125,125,0,250,0,0.0,0.0,1.0,0.3333333333333333,0.0,0.5,0.0,0.0,0.0
transicao_pectra_2025,strict,displacement,c_completa,AE,AE:c_completa,q990,16,8,8,8,0,8,0,0.0,0.0,1.0,0.5,0.0,0.5,0.0,0.0,0.0
transicao_pectra_2025,strict,displacement,c_completa,AE,AE:c_completa,q995,16,8,8,8,0,8,0,0.0,0.0,1.0,0.5,0.0,0.5,0.0,0.0,0.0
transicao_pectra_2025,strict,displacement,c_completa,AE,AE:c_completa,q999,16,8,8,8,0,8,0,0.0,0.0,1.0,0.5,0.0,0.5,0.0,0.0,0.0
transicao_pectra_2025,sensitivity,all,c_completa,AE,AE:c_completa,q990,689,407,282,281,1,407,0,0.0,0.0,0.9964539007092199,0.40843023255813954,0.0,0.49822695035460995,-0.04580136605793057,0.0035460992907800915,0.001451378809869376
transicao_pectra_2025,sensitivity,all,c_completa,AE,AE:c_completa,q995,689,407,282,282,0,407,0,0.0,0.0,1.0,0.409288824383164,0.0,0.5,0.0,0.0,0.0
transicao_pectra_2025,sensitivity,all,c_completa,AE,AE:c_completa,q999,689,407,282,282,0,407,0,0.0,0.0,1.0,0.409288824383164,0.0,0.5,0.0,0.0,0.0
transicao_pectra_2025,sensitivity,insertion,c_completa,AE,AE:c_completa,q990,375,250,125,125,0,250,0,0.0,0.0,1.0,0.3333333333333333,0.0,0.5,0.0,0.0,0.0
transicao_pectra_2025,sensitivity,insertion,c_completa,AE,AE:c_completa,q995,375,250,125,125,0,250,0,0.0,0.0,1.0,0.3333333333333333,0.0,0.5,0.0,0.0,0.0
transicao_pectra_2025,sensitivity,insertion,c_completa,AE,AE:c_completa,q999,375,250,125,125,0,250,0,0.0,0.0,1.0,0.3333333333333333,0.0,0.5,0.0,0.0,0.0
transicao_pectra_2025,sensitivity,displacement,c_completa,AE,AE:c_completa,q990,314,157,157,156,1,157,0,0.0,0.0,0.9936305732484076,0.4984025559105431,0.0,0.4968152866242038,-0.056523341894422145,0.006369426751592355,0.0031847133757961785
transicao_pectra_2025,sensitivity,displacement,c_completa,AE,AE:c_completa,q995,314,157,157,157,0,157,0,0.0,0.0,1.0,0.5,0.0,0.5,0.0,0.0,0.0
transicao_pectra_2025,sensitivity,displacement,c_completa,AE,AE:c_completa,q999,314,157,157,157,0,157,0,0.0,0.0,1.0,0.5,0.0,0.5,0.0,0.0,0.0
transicao_pectra_2025,strict,all,c_completa,IF,IF:c_completa,q990,391,258,133,131,2,248,10,0.8333333333333334,0.03875968992248062,0.9849624060150376,0.34564643799472294,0.07407407407407408,0.5118610479687591,0.06515961407435762,0.015037593984962405,0.030690537084398978
transicao_pectra_2025,strict,all,c_completa,IF,IF:c_completa,q995,391,258,133,132,1,255,3,0.75,0.011627906976744186,0.9924812030075187,0.34108527131782945,0.022900763358778626,0.5020545549921315,0.019346301915130853,0.007518796992481258,0.010230179028132993
transicao_pectra_2025,strict,all,c_completa,IF,IF:c_completa,q999,391,258,133,133,0,258,0,0.0,0.0,1.0,0.340153452685422,0.0,0.5,0.0,0.0,0.0
transicao_pectra_2025,strict,insertion,c_completa,IF,IF:c_completa,q990,375,250,125,125,0,240,10,1.0,0.04,1.0,0.3424657534246575,0.07692307692307693,0.52,0.11704114719613055,0.0,0.02666666666666667
transicao_pectra_2025,strict,insertion,c_completa,IF,IF:c_completa,q995,375,250,125,125,0,247,3,1.0,0.012,1.0,0.33602150537634407,0.023715415019762848,0.506,0.06350006350009525,0.0,0.008
transicao_pectra_2025,strict,insertion,c_completa,IF,IF:c_completa,q999,375,250,125,125,0,250,0,0.0,0.0,1.0,0.3333333333333333,0.0,0.5,0.0,0.0,0.0
transicao_pectra_2025,strict,displacement,c_completa,IF,IF:c_completa,q990,16,8,8,6,2,8,0,0.0,0.0,0.75,0.42857142857142855,0.0,0.375,-0.3779644730092272,0.25,0.125
transicao_pectra_2025,strict,displacement,c_completa,IF,IF:c_completa,q995,16,8,8,7,1,8,0,0.0,0.0,0.875,0.4666666666666667,0.0,0.4375,-0.2581988897471611,0.125,0.0625
transicao_pectra_2025,strict,displacement,c_completa,IF,IF:c_completa,q999,16,8,8,8,0,8,0,0.0,0.0,1.0,0.5,0.0,0.5,0.0,0.0,0.0
transicao_pectra_2025,sensitivity,all,c_completa,IF,IF:c_completa,q990,689,407,282,280,2,397,10,0.8333333333333334,0.02457002457002457,0.9929078014184397,0.413589364844904,0.0477326968973747,0.5087389129942321,0.06569377406848627,0.007092198581560294,0.01741654571843251
transicao_pectra_2025,sensitivity,all,c_completa,IF,IF:c_completa,q995,689,407,282,281,1,404,3,0.75,0.007371007371007371,0.9964539007092199,0.41021897810218977,0.014598540145985403,0.5019124540401136,0.024755259318957158,0.0035460992907800915,0.005805515239477504
transicao_pectra_2025,sensitivity,all,c_completa,IF,IF:c_completa,q999,689,407,282,282,0,407,0,0.0,0.0,1.0,0.409288824383164,0.0,0.5,0.0,0.0,0.0
transicao_pectra_2025,sensitivity,insertion,c_completa,IF,IF:c_completa,q990,375,250,125,125,0,240,10,1.0,0.04,1.0,0.3424657534246575,0.07692307692307693,0.52,0.11704114719613055,0.0,0.02666666666666667
transicao_pectra_2025,sensitivity,insertion,c_completa,IF,IF:c_completa,q995,375,250,125,125,0,247,3,1.0,0.012,1.0,0.33602150537634407,0.023715415019762848,0.506,0.06350006350009525,0.0,0.008
transicao_pectra_2025,sensitivity,insertion,c_completa,IF,IF:c_completa,q999,375,250,125,125,0,250,0,0.0,0.0,1.0,0.3333333333333333,0.0,0.5,0.0,0.0,0.0
transicao_pectra_2025,sensitivity,displacement,c_completa,IF,IF:c_completa,q990,314,157,157,155,2,157,0,0.0,0.0,0.9872611464968153,0.4967948717948718,0.0,0.49363057324840764,-0.08006407690254357,0.01273885350318471,0.006369426751592357
transicao_pectra_2025,sensitivity,displacement,c_completa,IF,IF:c_completa,q995,314,157,157,156,1,157,0,0.0,0.0,0.9936305732484076,0.4984025559105431,0.0,0.4968152866242038,-0.056523341894422145,0.006369426751592355,0.0031847133757961785
transicao_pectra_2025,sensitivity,displacement,c_completa,IF,IF:c_completa,q999,314,157,157,157,0,157,0,0.0,0.0,1.0,0.5,0.0,0.5,0.0,0.0,0.0
transicao_pectra_2025,strict,all,b_sem_taxas_absolutas,AE,AE:b_sem_taxas_absolutas,q990,391,258,133,133,0,256,2,1.0,0.007751937984496124,1.0,0.34190231362467866,0.015384615384615384,0.5038759689922481,0.05148208942898737,0.0,0.005115089514066497
transicao_pectra_2025,strict,all,b_sem_taxas_absolutas,AE,AE:b_sem_taxas_absolutas,q995,391,258,133,133,0,258,0,0.0,0.0,1.0,0.340153452685422,0.0,0.5,0.0,0.0,0.0
transicao_pectra_2025,strict,all,b_sem_taxas_absolutas,AE,AE:b_sem_taxas_absolutas,q999,391,258,133,133,0,258,0,0.0,0.0,1.0,0.340153452685422,0.0,0.5,0.0,0.0,0.0
transicao_pectra_2025,strict,insertion,b_sem_taxas_absolutas,AE,AE:b_sem_taxas_absolutas,q990,375,250,125,125,0,248,2,1.0,0.008,1.0,0.3351206434316354,0.015873015873015872,0.504,0.05177803730784977,0.0,0.005333333333333333
transicao_pectra_2025,strict,insertion,b_sem_taxas_absolutas,AE,AE:b_sem_taxas_absolutas,q995,375,250,125,125,0,250,0,0.0,0.0,1.0,0.3333333333333333,0.0,0.5,0.0,0.0,0.0
transicao_pectra_2025,strict,insertion,b_sem_taxas_absolutas,AE,AE:b_sem_taxas_absolutas,q999,375,250,125,125,0,250,0,0.0,0.0,1.0,0.3333333333333333,0.0,0.5,0.0,0.0,0.0
transicao_pectra_2025,strict,displacement,b_sem_taxas_absolutas,AE,AE:b_sem_taxas_absolutas,q990,16,8,8,8,0,8,0,0.0,0.0,1.0,0.5,0.0,0.5,0.0,0.0,0.0
transicao_pectra_2025,strict,displacement,b_sem_taxas_absolutas,AE,AE:b_sem_taxas_absolutas,q995,16,8,8,8,0,8,0,0.0,0.0,1.0,0.5,0.0,0.5,0.0,0.0,0.0
transicao_pectra_2025,strict,displacement,b_sem_taxas_absolutas,AE,AE:b_sem_taxas_absolutas,q999,16,8,8,8,0,8,0,0.0,0.0,1.0,0.5,0.0,0.5,0.0,0.0,0.0
transicao_pectra_2025,sensitivity,all,b_sem_taxas_absolutas,AE,AE:b_sem_taxas_absolutas,q990,689,407,282,281,1,405,2,0.6666666666666666,0.004914004914004914,0.9964539007092199,0.4096209912536443,0.00975609756097561,0.5006839528116124,0.010215396039892003,0.0035460992907800915,0.0043541364296081275
transicao_pectra_2025,sensitivity,all,b_sem_taxas_absolutas,AE,AE:b_sem_taxas_absolutas,q995,689,407,282,282,0,407,0,0.0,0.0,1.0,0.409288824383164,0.0,0.5,0.0,0.0,0.0
transicao_pectra_2025,sensitivity,all,b_sem_taxas_absolutas,AE,AE:b_sem_taxas_absolutas,q999,689,407,282,282,0,407,0,0.0,0.0,1.0,0.409288824383164,0.0,0.5,0.0,0.0,0.0
transicao_pectra_2025,sensitivity,insertion,b_sem_taxas_absolutas,AE,AE:b_sem_taxas_absolutas,q990,375,250,125,125,0,248,2,1.0,0.008,1.0,0.3351206434316354,0.015873015873015872,0.504,0.05177803730784977,0.0,0.005333333333333333
transicao_pectra_2025,sensitivity,insertion,b_sem_taxas_absolutas,AE,AE:b_sem_taxas_absolutas,q995,375,250,125,125,0,250,0,0.0,0.0,1.0,0.3333333333333333,0.0,0.5,0.0,0.0,0.0
transicao_pectra_2025,sensitivity,insertion,b_sem_taxas_absolutas,AE,AE:b_sem_taxas_absolutas,q999,375,250,125,125,0,250,0,0.0,0.0,1.0,0.3333333333333333,0.0,0.5,0.0,0.0,0.0
transicao_pectra_2025,sensitivity,displacement,b_sem_taxas_absolutas,AE,AE:b_sem_taxas_absolutas,q990,314,157,157,156,1,157,0,0.0,0.0,0.9936305732484076,0.4984025559105431,0.0,0.4968152866242038,-0.056523341894422145,0.006369426751592355,0.0031847133757961785
transicao_pectra_2025,sensitivity,displacement,b_sem_taxas_absolutas,AE,AE:b_sem_taxas_absolutas,q995,314,157,157,157,0,157,0,0.0,0.0,1.0,0.5,0.0,0.5,0.0,0.0,0.0
transicao_pectra_2025,sensitivity,displacement,b_sem_taxas_absolutas,AE,AE:b_sem_taxas_absolutas,q999,314,157,157,157,0,157,0,0.0,0.0,1.0,0.5,0.0,0.5,0.0,0.0,0.0
transicao_pectra_2025,strict,all,b_sem_taxas_absolutas,IF,IF:b_sem_taxas_absolutas,q990,391,258,133,133,0,256,2,1.0,0.007751937984496124,1.0,0.34190231362467866,0.015384615384615384,0.5038759689922481,0.05148208942898737,0.0,0.005115089514066497
transicao_pectra_2025,strict,all,b_sem_taxas_absolutas,IF,IF:b_sem_taxas_absolutas,q995,391,258,133,133,0,258,0,0.0,0.0,1.0,0.340153452685422,0.0,0.5,0.0,0.0,0.0
transicao_pectra_2025,strict,all,b_sem_taxas_absolutas,IF,IF:b_sem_taxas_absolutas,q999,391,258,133,133,0,258,0,0.0,0.0,1.0,0.340153452685422,0.0,0.5,0.0,0.0,0.0
transicao_pectra_2025,strict,insertion,b_sem_taxas_absolutas,IF,IF:b_sem_taxas_absolutas,q990,375,250,125,125,0,248,2,1.0,0.008,1.0,0.3351206434316354,0.015873015873015872,0.504,0.05177803730784977,0.0,0.005333333333333333
transicao_pectra_2025,strict,insertion,b_sem_taxas_absolutas,IF,IF:b_sem_taxas_absolutas,q995,375,250,125,125,0,250,0,0.0,0.0,1.0,0.3333333333333333,0.0,0.5,0.0,0.0,0.0
transicao_pectra_2025,strict,insertion,b_sem_taxas_absolutas,IF,IF:b_sem_taxas_absolutas,q999,375,250,125,125,0,250,0,0.0,0.0,1.0,0.3333333333333333,0.0,0.5,0.0,0.0,0.0
transicao_pectra_2025,strict,displacement,b_sem_taxas_absolutas,IF,IF:b_sem_taxas_absolutas,q990,16,8,8,8,0,8,0,0.0,0.0,1.0,0.5,0.0,0.5,0.0,0.0,0.0
transicao_pectra_2025,strict,displacement,b_sem_taxas_absolutas,IF,IF:b_sem_taxas_absolutas,q995,16,8,8,8,0,8,0,0.0,0.0,1.0,0.5,0.0,0.5,0.0,0.0,0.0
transicao_pectra_2025,strict,displacement,b_sem_taxas_absolutas,IF,IF:b_sem_taxas_absolutas,q999,16,8,8,8,0,8,0,0.0,0.0,1.0,0.5,0.0,0.5,0.0,0.0,0.0
transicao_pectra_2025,sensitivity,all,b_sem_taxas_absolutas,IF,IF:b_sem_taxas_absolutas,q990,689,407,282,282,0,405,2,1.0,0.004914004914004914,1.0,0.4104803493449782,0.009779951100244499,0.5024570024570024,0.04491216376198854,0.0,0.002902757619738752
transicao_pectra_2025,sensitivity,all,b_sem_taxas_absolutas,IF,IF:b_sem_taxas_absolutas,q995,689,407,282,282,0,407,0,0.0,0.0,1.0,0.409288824383164,0.0,0.5,0.0,0.0,0.0
transicao_pectra_2025,sensitivity,all,b_sem_taxas_absolutas,IF,IF:b_sem_taxas_absolutas,q999,689,407,282,282,0,407,0,0.0,0.0,1.0,0.409288824383164,0.0,0.5,0.0,0.0,0.0
transicao_pectra_2025,sensitivity,insertion,b_sem_taxas_absolutas,IF,IF:b_sem_taxas_absolutas,q990,375,250,125,125,0,248,2,1.0,0.008,1.0,0.3351206434316354,0.015873015873015872,0.504,0.05177803730784977,0.0,0.005333333333333333
transicao_pectra_2025,sensitivity,insertion,b_sem_taxas_absolutas,IF,IF:b_sem_taxas_absolutas,q995,375,250,125,125,0,250,0,0.0,0.0,1.0,0.3333333333333333,0.0,0.5,0.0,0.0,0.0
transicao_pectra_2025,sensitivity,insertion,b_sem_taxas_absolutas,IF,IF:b_sem_taxas_absolutas,q999,375,250,125,125,0,250,0,0.0,0.0,1.0,0.3333333333333333,0.0,0.5,0.0,0.0,0.0
transicao_pectra_2025,sensitivity,displacement,b_sem_taxas_absolutas,IF,IF:b_sem_taxas_absolutas,q990,314,157,157,157,0,157,0,0.0,0.0,1.0,0.5,0.0,0.5,0.0,0.0,0.0
transicao_pectra_2025,sensitivity,displacement,b_sem_taxas_absolutas,IF,IF:b_sem_taxas_absolutas,q995,314,157,157,157,0,157,0,0.0,0.0,1.0,0.5,0.0,0.5,0.0,0.0,0.0
transicao_pectra_2025,sensitivity,displacement,b_sem_taxas_absolutas,IF,IF:b_sem_taxas_absolutas,q999,314,157,157,157,0,157,0,0.0,0.0,1.0,0.5,0.0,0.5,0.0,0.0,0.0
transicao_pectra_2025,strict,all,c_sem_taxas_absolutas,AE,AE:c_sem_taxas_absolutas,q990,391,258,133,132,1,256,2,0.6666666666666666,0.007751937984496124,0.9924812030075187,0.3402061855670103,0.01532567049808429,0.5001165704960074,0.0012658371094779201,0.007518796992481258,0.0076726342710997444
transicao_pectra_2025,strict,all,c_sem_taxas_absolutas,AE,AE:c_sem_taxas_absolutas,q995,391,258,133,132,1,256,2,0.6666666666666666,0.007751937984496124,0.9924812030075187,0.3402061855670103,0.01532567049808429,0.5001165704960074,0.0012658371094779201,0.007518796992481258,0.0076726342710997444
transicao_pectra_2025,strict,all,c_sem_taxas_absolutas,AE,AE:c_sem_taxas_absolutas,q999,391,258,133,133,0,258,0,0.0,0.0,1.0,0.340153452685422,0.0,0.5,0.0,0.0,0.0
transicao_pectra_2025,strict,insertion,c_sem_taxas_absolutas,AE,AE:c_sem_taxas_absolutas,q990,375,250,125,124,1,248,2,0.6666666666666666,0.008,0.992,0.3333333333333333,0.015810276679841896,0.5,0.0,0.008000000000000007,0.008
transicao_pectra_2025,strict,insertion,c_sem_taxas_absolutas,AE,AE:c_sem_taxas_absolutas,q995,375,250,125,124,1,248,2,0.6666666666666666,0.008,0.992,0.3333333333333333,0.015810276679841896,0.5,0.0,0.008000000000000007,0.008
transicao_pectra_2025,strict,insertion,c_sem_taxas_absolutas,AE,AE:c_sem_taxas_absolutas,q999,375,250,125,125,0,250,0,0.0,0.0,1.0,0.3333333333333333,0.0,0.5,0.0,0.0,0.0
transicao_pectra_2025,strict,displacement,c_sem_taxas_absolutas,AE,AE:c_sem_taxas_absolutas,q990,16,8,8,8,0,8,0,0.0,0.0,1.0,0.5,0.0,0.5,0.0,0.0,0.0
transicao_pectra_2025,strict,displacement,c_sem_taxas_absolutas,AE,AE:c_sem_taxas_absolutas,q995,16,8,8,8,0,8,0,0.0,0.0,1.0,0.5,0.0,0.5,0.0,0.0,0.0
transicao_pectra_2025,strict,displacement,c_sem_taxas_absolutas,AE,AE:c_sem_taxas_absolutas,q999,16,8,8,8,0,8,0,0.0,0.0,1.0,0.5,0.0,0.5,0.0,0.0,0.0
transicao_pectra_2025,sensitivity,all,c_sem_taxas_absolutas,AE,AE:c_sem_taxas_absolutas,q990,689,407,282,280,2,403,4,0.6666666666666666,0.009828009828009828,0.9929078014184397,0.40995607613469986,0.01937046004842615,0.5013679056232248,0.014478444719298735,0.007092198581560294,0.008708272859216255
transicao_pectra_2025,sensitivity,all,c_sem_taxas_absolutas,AE,AE:c_sem_taxas_absolutas,q995,689,407,282,281,1,405,2,0.6666666666666666,0.004914004914004914,0.9964539007092199,0.4096209912536443,0.00975609756097561,0.5006839528116124,0.010215396039892003,0.0035460992907800915,0.0043541364296081275
transicao_pectra_2025,sensitivity,all,c_sem_taxas_absolutas,AE,AE:c_sem_taxas_absolutas,q999,689,407,282,282,0,407,0,0.0,0.0,1.0,0.409288824383164,0.0,0.5,0.0,0.0,0.0
transicao_pectra_2025,sensitivity,insertion,c_sem_taxas_absolutas,AE,AE:c_sem_taxas_absolutas,q990,375,250,125,124,1,248,2,0.6666666666666666,0.008,0.992,0.3333333333333333,0.015810276679841896,0.5,0.0,0.008000000000000007,0.008
transicao_pectra_2025,sensitivity,insertion,c_sem_taxas_absolutas,AE,AE:c_sem_taxas_absolutas,q995,375,250,125,124,1,248,2,0.6666666666666666,0.008,0.992,0.3333333333333333,0.015810276679841896,0.5,0.0,0.008000000000000007,0.008
transicao_pectra_2025,sensitivity,insertion,c_sem_taxas_absolutas,AE,AE:c_sem_taxas_absolutas,q999,375,250,125,125,0,250,0,0.0,0.0,1.0,0.3333333333333333,0.0,0.5,0.0,0.0,0.0
transicao_pectra_2025,sensitivity,displacement,c_sem_taxas_absolutas,AE,AE:c_sem_taxas_absolutas,q990,314,157,157,156,1,155,2,0.6666666666666666,0.012738853503184714,0.9936305732484076,0.5016077170418006,0.025,0.5031847133757962,0.03273853022358256,0.006369426751592355,0.009554140127388535
transicao_pectra_2025,sensitivity,displacement,c_sem_taxas_absolutas,AE,AE:c_sem_taxas_absolutas,q995,314,157,157,157,0,157,0,0.0,0.0,1.0,0.5,0.0,0.5,0.0,0.0,0.0
transicao_pectra_2025,sensitivity,displacement,c_sem_taxas_absolutas,AE,AE:c_sem_taxas_absolutas,q999,314,157,157,157,0,157,0,0.0,0.0,1.0,0.5,0.0,0.5,0.0,0.0,0.0
transicao_pectra_2025,strict,all,c_sem_taxas_absolutas,IF,IF:c_sem_taxas_absolutas,q990,391,258,133,133,0,256,2,1.0,0.007751937984496124,1.0,0.34190231362467866,0.015384615384615384,0.5038759689922481,0.05148208942898737,0.0,0.005115089514066497
transicao_pectra_2025,strict,all,c_sem_taxas_absolutas,IF,IF:c_sem_taxas_absolutas,q995,391,258,133,133,0,256,2,1.0,0.007751937984496124,1.0,0.34190231362467866,0.015384615384615384,0.5038759689922481,0.05148208942898737,0.0,0.005115089514066497
transicao_pectra_2025,strict,all,c_sem_taxas_absolutas,IF,IF:c_sem_taxas_absolutas,q999,391,258,133,133,0,258,0,0.0,0.0,1.0,0.340153452685422,0.0,0.5,0.0,0.0,0.0
transicao_pectra_2025,strict,insertion,c_sem_taxas_absolutas,IF,IF:c_sem_taxas_absolutas,q990,375,250,125,125,0,248,2,1.0,0.008,1.0,0.3351206434316354,0.015873015873015872,0.504,0.05177803730784977,0.0,0.005333333333333333
transicao_pectra_2025,strict,insertion,c_sem_taxas_absolutas,IF,IF:c_sem_taxas_absolutas,q995,375,250,125,125,0,248,2,1.0,0.008,1.0,0.3351206434316354,0.015873015873015872,0.504,0.05177803730784977,0.0,0.005333333333333333
transicao_pectra_2025,strict,insertion,c_sem_taxas_absolutas,IF,IF:c_sem_taxas_absolutas,q999,375,250,125,125,0,250,0,0.0,0.0,1.0,0.3333333333333333,0.0,0.5,0.0,0.0,0.0
transicao_pectra_2025,strict,displacement,c_sem_taxas_absolutas,IF,IF:c_sem_taxas_absolutas,q990,16,8,8,8,0,8,0,0.0,0.0,1.0,0.5,0.0,0.5,0.0,0.0,0.0
transicao_pectra_2025,strict,displacement,c_sem_taxas_absolutas,IF,IF:c_sem_taxas_absolutas,q995,16,8,8,8,0,8,0,0.0,0.0,1.0,0.5,0.0,0.5,0.0,0.0,0.0
transicao_pectra_2025,strict,displacement,c_sem_taxas_absolutas,IF,IF:c_sem_taxas_absolutas,q999,16,8,8,8,0,8,0,0.0,0.0,1.0,0.5,0.0,0.5,0.0,0.0,0.0
transicao_pectra_2025,sensitivity,all,c_sem_taxas_absolutas,IF,IF:c_sem_taxas_absolutas,q990,689,407,282,282,0,405,2,1.0,0.004914004914004914,1.0,0.4104803493449782,0.009779951100244499,0.5024570024570024,0.04491216376198854,0.0,0.002902757619738752
transicao_pectra_2025,sensitivity,all,c_sem_taxas_absolutas,IF,IF:c_sem_taxas_absolutas,q995,689,407,282,282,0,405,2,1.0,0.004914004914004914,1.0,0.4104803493449782,0.009779951100244499,0.5024570024570024,0.04491216376198854,0.0,0.002902757619738752
transicao_pectra_2025,sensitivity,all,c_sem_taxas_absolutas,IF,IF:c_sem_taxas_absolutas,q999,689,407,282,282,0,407,0,0.0,0.0,1.0,0.409288824383164,0.0,0.5,0.0,0.0,0.0
transicao_pectra_2025,sensitivity,insertion,c_sem_taxas_absolutas,IF,IF:c_sem_taxas_absolutas,q990,375,250,125,125,0,248,2,1.0,0.008,1.0,0.3351206434316354,0.015873015873015872,0.504,0.05177803730784977,0.0,0.005333333333333333
transicao_pectra_2025,sensitivity,insertion,c_sem_taxas_absolutas,IF,IF:c_sem_taxas_absolutas,q995,375,250,125,125,0,248,2,1.0,0.008,1.0,0.3351206434316354,0.015873015873015872,0.504,0.05177803730784977,0.0,0.005333333333333333
transicao_pectra_2025,sensitivity,insertion,c_sem_taxas_absolutas,IF,IF:c_sem_taxas_absolutas,q999,375,250,125,125,0,250,0,0.0,0.0,1.0,0.3333333333333333,0.0,0.5,0.0,0.0,0.0
transicao_pectra_2025,sensitivity,displacement,c_sem_taxas_absolutas,IF,IF:c_sem_taxas_absolutas,q990,314,157,157,157,0,157,0,0.0,0.0,1.0,0.5,0.0,0.5,0.0,0.0,0.0
transicao_pectra_2025,sensitivity,displacement,c_sem_taxas_absolutas,IF,IF:c_sem_taxas_absolutas,q995,314,157,157,157,0,157,0,0.0,0.0,1.0,0.5,0.0,0.5,0.0,0.0,0.0
transicao_pectra_2025,sensitivity,displacement,c_sem_taxas_absolutas,IF,IF:c_sem_taxas_absolutas,q999,314,157,157,157,0,157,0,0.0,0.0,1.0,0.5,0.0,0.5,0.0,0.0,0.0
teste_final_2025,strict,all,a_completa,AE,AE:a_completa,q990,2753,1818,935,888,47,1762,56,0.5436893203883495,0.030803080308030802,0.9497326203208556,0.3350943396226415,0.05830296720458095,0.4902678503144432,-0.04857356410864615,0.05026737967914441,0.03741373047584454
teste_final_2025,strict,all,a_completa,AE,AE:a_completa,q995,2753,1818,935,913,22,1804,14,0.3888888888888889,0.007700770077007701,0.9764705882352941,0.3360323886639676,0.015102481121898596,0.49208567915615087,-0.06598577523622506,0.02352941176470591,0.013076643661460226
teste_final_2025,strict,all,a_completa,AE,AE:a_completa,q999,2753,1818,935,933,2,1818,0,0.0,0.0,0.9978609625668449,0.3391494002181025,0.0,0.49893048128342243,-0.03759766177113233,0.002139037433155133,0.000726480203414457
teste_final_2025,strict,insertion,a_completa,AE,AE:a_completa,q990,2649,1766,883,849,34,1714,52,0.6046511627906976,0.02944507361268403,0.9614949037372593,0.3312524385485759,0.05615550755939525,0.49546998867497166,-0.024098025306095946,0.03850509626274068,0.032465081162702907
teste_final_2025,strict,insertion,a_completa,AE,AE:a_completa,q995,2649,1766,883,869,14,1753,13,0.48148148148148145,0.007361268403171008,0.984144960362401,0.3314263920671243,0.014500836586726155,0.49575311438278596,-0.039863739436244994,0.015855039637599044,0.010192525481313703
teste_final_2025,strict,insertion,a_completa,AE,AE:a_completa,q999,2649,1766,883,881,2,1766,0,0.0,0.0,0.9977349943374858,0.33282961843596526,0.0,0.4988674971687429,-0.038873444561863424,0.0022650056625141968,0.0007550018875047187
teste_final_2025,strict,displacement,a_completa,AE,AE:a_completa,q990,104,52,52,39,13,48,4,0.23529411764705882,0.07692307692307693,0.75,0.4482758620689655,0.11594202898550726,0.41346153846153844,-0.2340229353715547,0.25,0.16346153846153846
teste_final_2025,strict,displacement,a_completa,AE,AE:a_completa,q995,104,52,52,44,8,51,1,0.1111111111111111,0.019230769230769232,0.8461538461538461,0.4631578947368421,0.03278688524590165,0.4326923076923077,-0.23939494881986928,0.15384615384615385,0.08653846153846154
teste_final_2025,strict,displacement,a_completa,AE,AE:a_completa,q999,104,52,52,52,0,52,0,0.0,0.0,1.0,0.5,0.0,0.5,0.0,0.0,0.0
teste_final_2025,sensitivity,all,a_completa,AE,AE:a_completa,q990,3397,2140,1257,1117,140,1987,153,0.5221843003412969,0.07149532710280374,0.888623707239459,0.3598582474226804,0.12577065351418001,0.4800595171711314,-0.06858758708176721,0.11137629276054095,0.08625257580217839
teste_final_2025,sensitivity,all,a_completa,AE,AE:a_completa,q995,3397,2140,1257,1179,78,2071,69,0.46938775510204084,0.032242990654205606,0.9379474940334129,0.3627692307692308,0.06034105815478793,0.4850952423438093,-0.07073414239069133,0.06205250596658707,0.04327347659699735
teste_final_2025,sensitivity,all,a_completa,AE,AE:a_completa,q999,3397,2140,1257,1252,5,2139,1,0.16666666666666666,0.00046728971962616824,0.9960222752585521,0.3692126216455323,0.0009319664492078286,0.49824478248908916,-0.040364162330731944,0.003977724741447863,0.001766264350897851
teste_final_2025,sensitivity,insertion,a_completa,AE,AE:a_completa,q990,2649,1766,883,849,34,1714,52,0.6046511627906976,0.02944507361268403,0.9614949037372593,0.3312524385485759,0.05615550755939525,0.49546998867497166,-0.024098025306095946,0.03850509626274068,0.032465081162702907
teste_final_2025,sensitivity,insertion,a_completa,AE,AE:a_completa,q995,2649,1766,883,869,14,1753,13,0.48148148148148145,0.007361268403171008,0.984144960362401,0.3314263920671243,0.014500836586726155,0.49575311438278596,-0.039863739436244994,0.015855039637599044,0.010192525481313703
teste_final_2025,sensitivity,insertion,a_completa,AE,AE:a_completa,q999,2649,1766,883,881,2,1766,0,0.0,0.0,0.9977349943374858,0.33282961843596526,0.0,0.4988674971687429,-0.038873444561863424,0.0022650056625141968,0.0007550018875047187
teste_final_2025,sensitivity,displacement,a_completa,AE,AE:a_completa,q990,748,374,374,268,106,273,101,0.48792270531400966,0.2700534759358289,0.7165775401069518,0.4953789279112754,0.34767641996557663,0.49331550802139035,-0.014941224766495108,0.28342245989304815,0.2767379679144385
teste_final_2025,sensitivity,displacement,a_completa,AE,AE:a_completa,q995,748,374,374,310,64,318,56,0.4666666666666667,0.1497326203208556,0.8288770053475936,0.49363057324840764,0.22672064777327933,0.48930481283422456,-0.0291420126314624,0.17112299465240643,0.16042780748663102
teste_final_2025,sensitivity,displacement,a_completa,AE,AE:a_completa,q999,748,374,374,371,3,373,1,0.25,0.00267379679144385,0.9919786096256684,0.4986559139784946,0.005291005291005291,0.49732620320855614,-0.036661778755338326,0.008021390374331583,0.0053475935828877
teste_final_2025,strict,all,a_completa,IF,IF:a_completa,q990,2753,1818,935,898,37,1274,544,0.9363166953528399,0.2992299229922992,0.960427807486631,0.4134438305709024,0.45352230095873275,0.6298288652394651,0.3013602899727766,0.039572192513368964,0.21104249909189973
teste_final_2025,strict,all,a_completa,IF,IF:a_completa,q995,2753,1818,935,910,25,1346,472,0.9496981891348089,0.25962596259625964,0.9732620320855615,0.4033687943262411,0.4077753779697625,0.6164439973409106,0.28674912688028126,0.0267379679144385,0.18053033054849255
teste_final_2025,strict,all,a_completa,IF,IF:a_completa,q999,2753,1818,935,920,15,1604,214,0.9344978165938864,0.11771177117711772,0.983957219251337,0.36450079239302696,0.2090864680019541,0.5508344952142273,0.17435276514931372,0.016042780748663055,0.08318198329095532
teste_final_2025,strict,insertion,a_completa,IF,IF:a_completa,q990,2649,1766,883,872,11,1228,538,0.9799635701275046,0.304643261608154,0.9875424688561721,0.41523809523809524,0.46479481641468684,0.6460928652321631,0.33981213526824783,0.01245753114382786,0.2072480181200453
teste_final_2025,strict,insertion,a_completa,IF,IF:a_completa,q995,2649,1766,883,877,6,1298,468,0.9873417721518988,0.2650056625141563,0.9932049830124575,0.4032183908045977,0.41785714285714287,0.6291053227633069,0.31756383892687845,0.006795016987542479,0.17893544733861835
teste_final_2025,strict,insertion,a_completa,IF,IF:a_completa,q999,2649,1766,883,882,1,1552,214,0.9953488372093023,0.12117780294450736,0.9988674971687429,0.36236647493837304,0.21605249873801113,0.5600226500566251,0.2072246172680087,0.0011325028312570984,0.08116270290675727
teste_final_2025,strict,displacement,a_completa,IF,IF:a_completa,q990,104,52,52,26,26,46,6,0.1875,0.11538461538461539,0.5,0.3611111111111111,0.14285714285714285,0.3076923076923077,-0.4166666666666667,0.5,0.3076923076923077
teste_final_2025,strict,displacement,a_completa,IF,IF:a_completa,q995,104,52,52,33,19,48,4,0.17391304347826086,0.07692307692307693,0.6346153846153846,0.4074074074074074,0.10666666666666666,0.3557692307692307,-0.3475240234284579,0.3653846153846154,0.22115384615384615
teste_final_2025,strict,displacement,a_completa,IF,IF:a_completa,q999,104,52,52,38,14,52,0,0.0,0.0,0.7307692307692307,0.4222222222222222,0.0,0.36538461538461536,-0.3944053188733077,0.2692307692307693,0.1346153846153846
teste_final_2025,sensitivity,all,a_completa,IF,IF:a_completa,q990,3397,2140,1257,1217,40,1591,549,0.9320882852292021,0.2565420560747664,0.9681782020684169,0.4334045584045584,0.40234518138512276,0.6123601290715917,0.28658968259667816,0.03182179793158313,0.17338828377980572
teste_final_2025,sensitivity,all,a_completa,IF,IF:a_completa,q995,3397,2140,1257,1231,26,1664,476,0.9482071713147411,0.22242990654205608,0.979315831344471,0.42521588946459415,0.360333080999243,0.6008728689432635,0.27447497325033554,0.020684168655529023,0.14777745069178688
teste_final_2025,sensitivity,all,a_completa,IF,IF:a_completa,q999,3397,2140,1257,1242,15,1926,214,0.9344978165938864,0.1,0.9880668257756563,0.39204545454545453,0.18066694807935837,0.5440334128878281,0.16958074586355978,0.011933174224343701,0.06741242272593465
teste_final_2025,sensitivity,insertion,a_completa,IF,IF:a_completa,q990,2649,1766,883,872,11,1228,538,0.9799635701275046,0.304643261608154,0.9875424688561721,0.41523809523809524,0.46479481641468684,0.6460928652321631,0.33981213526824783,0.01245753114382786,0.2072480181200453
teste_final_2025,sensitivity,insertion,a_completa,IF,IF:a_completa,q995,2649,1766,883,877,6,1298,468,0.9873417721518988,0.2650056625141563,0.9932049830124575,0.4032183908045977,0.41785714285714287,0.6291053227633069,0.31756383892687845,0.006795016987542479,0.17893544733861835
teste_final_2025,sensitivity,insertion,a_completa,IF,IF:a_completa,q999,2649,1766,883,882,1,1552,214,0.9953488372093023,0.12117780294450736,0.9988674971687429,0.36236647493837304,0.21605249873801113,0.5600226500566251,0.2072246172680087,0.0011325028312570984,0.08116270290675727
teste_final_2025,sensitivity,displacement,a_completa,IF,IF:a_completa,q990,748,374,374,345,29,363,11,0.275,0.029411764705882353,0.9224598930481284,0.4872881355932203,0.05314009661835749,0.47593582887700536,-0.10696110492184388,0.07754010695187163,0.053475935828877004
teste_final_2025,sensitivity,displacement,a_completa,IF,IF:a_completa,q995,748,374,374,354,20,366,8,0.2857142857142857,0.0213903743315508,0.946524064171123,0.49166666666666664,0.03980099502487562,0.4839572192513369,-0.08451542547285167,0.053475935828877,0.0374331550802139
teste_final_2025,sensitivity,displacement,a_completa,IF,IF:a_completa,q999,748,374,374,360,14,374,0,0.0,0.0,0.9625668449197861,0.4904632152588556,0.0,0.48128342245989303,-0.13810709425039985,0.03743315508021394,0.01871657754010695
teste_final_2025,strict,all,b_completa,AE,AE:b_completa,q990,2753,1818,935,919,16,1772,46,0.7419354838709677,0.025302530253025302,0.9828877005347594,0.34150873281308064,0.04893617021276596,0.5040951153938923,0.026142444272643433,0.01711229946524062,0.022520886305848167
teste_final_2025,strict,all,b_completa,AE,AE:b_completa,q995,2753,1818,935,924,11,1786,32,0.7441860465116279,0.0176017601760176,0.9882352941176471,0.34095940959409593,0.03439011284255776,0.5029185271468324,0.022293466535017636,0.0117647058823529,0.015619324373410825
teste_final_2025,strict,all,b_completa,AE,AE:b_completa,q999,2753,1818,935,930,5,1805,13,0.7222222222222222,0.007150715071507151,0.9946524064171123,0.340036563071298,0.014161220043572986,0.5009015607443097,0.01059528921823708,0.005347593582887722,0.006538321830730113
teste_final_2025,strict,insertion,b_completa,AE,AE:b_completa,q990,2649,1766,883,868,15,1721,45,0.75,0.02548131370328426,0.9830124575311439,0.33526458091927386,0.049288061336254116,0.5042468856172141,0.026911295857459078,0.016987542468856143,0.022650056625141562
teste_final_2025,strict,insertion,b_completa,AE,AE:b_completa,q995,2649,1766,883,873,10,1735,31,0.7560975609756098,0.017553793884484713,0.9886749716874292,0.33473926380368096,0.03431101272827892,0.503114382785957,0.023786577871716317,0.011325028312570762,0.015477538693846734
teste_final_2025,strict,insertion,b_completa,AE,AE:b_completa,q999,2649,1766,883,879,4,1754,12,0.75,0.006795016987542469,0.9954699886749717,0.33383972654766425,0.013468013468013467,0.5011325028312571,0.013780328565534931,0.0045300113250282825,0.00604001510003775
teste_final_2025,strict,displacement,b_completa,AE,AE:b_completa,q990,104,52,52,51,1,51,1,0.5,0.019230769230769232,0.9807692307692307,0.5,0.037037037037037035,0.5,0.0,0.019230769230769273,0.019230769230769232
teste_final_2025,strict,displacement,b_completa,AE,AE:b_completa,q995,104,52,52,51,1,51,1,0.5,0.019230769230769232,0.9807692307692307,0.5,0.037037037037037035,0.5,0.0,0.019230769230769273,0.019230769230769232
teste_final_2025,strict,displacement,b_completa,AE,AE:b_completa,q999,104,52,52,51,1,51,1,0.5,0.019230769230769232,0.9807692307692307,0.5,0.037037037037037035,0.5,0.0,0.019230769230769273,0.019230769230769232
teste_final_2025,sensitivity,all,b_completa,AE,AE:b_completa,q990,3397,2140,1257,1241,16,2092,48,0.75,0.022429906542056073,0.9872712808273667,0.37233723372337235,0.043557168784029036,0.5048505936847114,0.034450202127234424,0.012728719172633296,0.018840153076243746
teste_final_2025,sensitivity,all,b_completa,AE,AE:b_completa,q995,3397,2140,1257,1246,11,2108,32,0.7441860465116279,0.014953271028037384,0.9912490055688147,0.3714967203339296,0.02931745304626661,0.5031011382984261,0.026786125465719943,0.008750994431185322,0.012658227848101266
teste_final_2025,sensitivity,all,b_completa,AE,AE:b_completa,q999,3397,2140,1257,1252,5,2127,13,0.7222222222222222,0.006074766355140187,0.9960222752585521,0.3705238236164546,0.012048192771084338,0.5010485208068461,0.01394605025192145,0.003977724741447863,0.005298793052693553
teste_final_2025,sensitivity,insertion,b_completa,AE,AE:b_completa,q990,2649,1766,883,868,15,1721,45,0.75,0.02548131370328426,0.9830124575311439,0.33526458091927386,0.049288061336254116,0.5042468856172141,0.026911295857459078,0.016987542468856143,0.022650056625141562
teste_final_2025,sensitivity,insertion,b_completa,AE,AE:b_completa,q995,2649,1766,883,873,10,1735,31,0.7560975609756098,0.017553793884484713,0.9886749716874292,0.33473926380368096,0.03431101272827892,0.503114382785957,0.023786577871716317,0.011325028312570762,0.015477538693846734
teste_final_2025,sensitivity,insertion,b_completa,AE,AE:b_completa,q999,2649,1766,883,879,4,1754,12,0.75,0.006795016987542469,0.9954699886749717,0.33383972654766425,0.013468013468013467,0.5011325028312571,0.013780328565534931,0.0045300113250282825,0.00604001510003775
teste_final_2025,sensitivity,displacement,b_completa,AE,AE:b_completa,q990,748,374,374,373,1,371,3,0.75,0.008021390374331552,0.9973262032085561,0.5013440860215054,0.015873015873015876,0.5026737967914439,0.036661778755338326,0.002673796791443861,0.0053475935828877
teste_final_2025,sensitivity,displacement,b_completa,AE,AE:b_completa,q995,748,374,374,373,1,373,1,0.5,0.00267379679144385,0.9973262032085561,0.5,0.005319148936170213,0.5,0.0,0.002673796791443861,0.00267379679144385
teste_final_2025,sensitivity,displacement,b_completa,AE,AE:b_completa,q999,748,374,374,373,1,373,1,0.5,0.00267379679144385,0.9973262032085561,0.5,0.005319148936170213,0.5,0.0,0.002673796791443861,0.00267379679144385
teste_final_2025,strict,all,b_completa,IF,IF:b_completa,q990,2753,1818,935,919,16,1712,106,0.8688524590163934,0.058305830583058306,0.9828877005347594,0.34929684530596733,0.10927835051546393,0.5205967655589089,0.09479630876744854,0.01711229946524062,0.04431529240828187
teste_final_2025,strict,all,b_completa,IF,IF:b_completa,q995,2753,1818,935,925,10,1807,11,0.5238095238095238,0.00605060506050605,0.9893048128342246,0.33857979502196195,0.011963023382272975,0.4976777089473653,-0.025281299556178027,0.010695187165775444,0.007628042135851798
teste_final_2025,strict,all,b_completa,IF,IF:b_completa,q999,2753,1818,935,933,2,1818,0,0.0,0.0,0.9978609625668449,0.3391494002181025,0.0,0.49893048128342243,-0.03759766177113233,0.002139037433155133,0.000726480203414457
teste_final_2025,strict,insertion,b_completa,IF,IF:b_completa,q990,2649,1766,883,883,0,1660,106,1.0,0.06002265005662514,1.0,0.34722768383798663,0.11324786324786323,0.5300113250283126,0.14436594389598936,0.0,0.04001510003775009
teste_final_2025,strict,insertion,b_completa,IF,IF:b_completa,q995,2649,1766,883,883,0,1755,11,1.0,0.00622876557191393,1.0,0.33472327520849127,0.012380416432189083,0.503114382785957,0.04566084551053476,0.0,0.004152510381275953
teste_final_2025,strict,insertion,b_completa,IF,IF:b_completa,q999,2649,1766,883,883,0,1766,0,0.0,0.0,1.0,0.3333333333333333,0.0,0.5,0.0,0.0,0.0
teste_final_2025,strict,displacement,b_completa,IF,IF:b_completa,q990,104,52,52,36,16,52,0,0.0,0.0,0.6923076923076923,0.4090909090909091,0.0,0.34615384615384615,-0.4264014327112209,0.3076923076923077,0.15384615384615385
teste_final_2025,strict,displacement,b_completa,IF,IF:b_completa,q995,104,52,52,42,10,52,0,0.0,0.0,0.8076923076923077,0.44680851063829785,0.0,0.40384615384615385,-0.3261640365267211,0.1923076923076923,0.09615384615384616
teste_final_2025,strict,displacement,b_completa,IF,IF:b_completa,q999,104,52,52,50,2,52,0,0.0,0.0,0.9615384615384616,0.49019607843137253,0.0,0.4807692307692308,-0.14002800840280097,0.038461538461538436,0.019230769230769232
teste_final_2025,sensitivity,all,b_completa,IF,IF:b_completa,q990,3397,2140,1257,1241,16,2034,106,0.8688524590163934,0.04953271028037383,0.9872712808273667,0.3789312977099237,0.09372236958443854,0.5184019955538702,0.09549571288386684,0.012728719172633296,0.035914041801589636
teste_final_2025,sensitivity,all,b_completa,IF,IF:b_completa,q995,3397,2140,1257,1247,10,2129,11,0.5238095238095238,0.0051401869158878505,0.9920445505171042,0.3693720379146919,0.010180472003701991,0.498592368716496,-0.017341336475141206,0.007955449482895838,0.0061819252281424784
teste_final_2025,sensitivity,all,b_completa,IF,IF:b_completa,q999,3397,2140,1257,1255,2,2140,0,0.0,0.0,0.9984089101034208,0.3696612665684831,0.0,0.4992044550517104,-0.03166900046078797,0.0015910898965791898,0.0005887547836326171
teste_final_2025,sensitivity,insertion,b_completa,IF,IF:b_completa,q990,2649,1766,883,883,0,1660,106,1.0,0.06002265005662514,1.0,0.34722768383798663,0.11324786324786323,0.5300113250283126,0.14436594389598936,0.0,0.04001510003775009
teste_final_2025,sensitivity,insertion,b_completa,IF,IF:b_completa,q995,2649,1766,883,883,0,1755,11,1.0,0.00622876557191393,1.0,0.33472327520849127,0.012380416432189083,0.503114382785957,0.04566084551053476,0.0,0.004152510381275953
teste_final_2025,sensitivity,insertion,b_completa,IF,IF:b_completa,q999,2649,1766,883,883,0,1766,0,0.0,0.0,1.0,0.3333333333333333,0.0,0.5,0.0,0.0,0.0
teste_final_2025,sensitivity,displacement,b_completa,IF,IF:b_completa,q990,748,374,374,358,16,374,0,0.0,0.0,0.9572192513368984,0.4890710382513661,0.0,0.4786096256684492,-0.14784425419091457,0.04278074866310155,0.0213903743315508
teste_final_2025,sensitivity,displacement,b_completa,IF,IF:b_completa,q995,748,374,374,364,10,374,0,0.0,0.0,0.9732620320855615,0.4932249322493225,0.0,0.48663101604278075,-0.1164050492949297,0.0267379679144385,0.013368983957219251
teste_final_2025,sensitivity,displacement,b_completa,IF,IF:b_completa,q999,748,374,374,372,2,374,0,0.0,0.0,0.9946524064171123,0.49865951742627346,0.0,0.49732620320855614,-0.05177803730784978,0.005347593582887722,0.00267379679144385
teste_final_2025,strict,all,c_completa,AE,AE:c_completa,q990,2753,1818,935,908,27,1767,51,0.6538461538461539,0.028052805280528052,0.9711229946524064,0.3394392523364486,0.05379746835443038,0.4995878999664672,-0.0023524813866674607,0.02887700534759363,0.028332727933163823
teste_final_2025,strict,all,c_completa,AE,AE:c_completa,q995,2753,1818,935,924,11,1799,19,0.6333333333333333,0.010451045104510451,0.9882352941176471,0.3393316195372751,0.020562770562770564,0.4993431696110788,-0.005992410139030681,0.0117647058823529,0.010897203051216855
teste_final_2025,strict,all,c_completa,AE,AE:c_completa,q999,2753,1818,935,932,3,1814,4,0.5714285714285714,0.0022002200220022,0.9967914438502674,0.3394027676620539,0.004383561643835616,0.4994958319361348,-0.009482192903346027,0.0032085561497325887,0.0025426807119505995
teste_final_2025,strict,insertion,c_completa,AE,AE:c_completa,q990,2649,1766,883,859,24,1717,49,0.6712328767123288,0.027746319365798414,0.9728199320498301,0.33346273291925466,0.05328983143012506,0.5002831257078143,0.0016306120326807104,0.027180067950169917,0.027557568893922236
teste_final_2025,strict,insertion,c_completa,AE,AE:c_completa,q995,2649,1766,883,872,11,1747,19,0.6333333333333333,0.010758776896942242,0.9875424688561721,0.3329515082092402,0.021158129175946547,0.4991506228765572,-0.007567943486441664,0.01245753114382786,0.011325028312570781
teste_final_2025,strict,insertion,c_completa,AE,AE:c_completa,q999,2649,1766,883,880,3,1762,4,0.5714285714285714,0.0022650056625141564,0.9966024915062288,0.3330809992429977,0.0045121263395375075,0.4994337485843715,-0.010399191390315012,0.003397508493771184,0.0026425066062665155
teste_final_2025,strict,displacement,c_completa,AE,AE:c_completa,q990,104,52,52,49,3,50,2,0.4,0.038461538461538464,0.9423076923076923,0.494949494949495,0.07017543859649124,0.49038461538461536,-0.04494665749754947,0.05769230769230771,0.04807692307692308
teste_final_2025,strict,displacement,c_completa,AE,AE:c_completa,q995,104,52,52,52,0,52,0,0.0,0.0,1.0,0.5,0.0,0.5,0.0,0.0,0.0
teste_final_2025,strict,displacement,c_completa,AE,AE:c_completa,q999,104,52,52,52,0,52,0,0.0,0.0,1.0,0.5,0.0,0.5,0.0,0.0,0.0
teste_final_2025,sensitivity,all,c_completa,AE,AE:c_completa,q990,3397,2140,1257,1221,36,2087,53,0.5955056179775281,0.024766355140186914,0.9713603818615751,0.3691051995163241,0.04755495737999103,0.498063368500881,-0.011707758587319378,0.02863961813842486,0.026199587871651456
teste_final_2025,sensitivity,all,c_completa,AE,AE:c_completa,q995,3397,2140,1257,1245,12,2121,19,0.6129032258064516,0.008878504672897197,0.9904534606205251,0.3698752228163993,0.017503454629203136,0.49966598264671114,-0.003391842275378875,0.009546539379474916,0.009125699146305564
teste_final_2025,sensitivity,all,c_completa,AE,AE:c_completa,q999,3397,2140,1257,1254,3,2136,4,0.5714285714285714,0.001869158878504673,0.9976133651551312,0.36991150442477877,0.0037261294829995344,0.49974126201681796,-0.005509546345628667,0.0023866348448687846,0.0020606417427141595
teste_final_2025,sensitivity,insertion,c_completa,AE,AE:c_completa,q990,2649,1766,883,859,24,1717,49,0.6712328767123288,0.027746319365798414,0.9728199320498301,0.33346273291925466,0.05328983143012506,0.5002831257078143,0.0016306120326807104,0.027180067950169917,0.027557568893922236
teste_final_2025,sensitivity,insertion,c_completa,AE,AE:c_completa,q995,2649,1766,883,872,11,1747,19,0.6333333333333333,0.010758776896942242,0.9875424688561721,0.3329515082092402,0.021158129175946547,0.4991506228765572,-0.007567943486441664,0.01245753114382786,0.011325028312570781
teste_final_2025,sensitivity,insertion,c_completa,AE,AE:c_completa,q999,2649,1766,883,880,3,1762,4,0.5714285714285714,0.0022650056625141564,0.9966024915062288,0.3330809992429977,0.0045121263395375075,0.4994337485843715,-0.010399191390315012,0.003397508493771184,0.0026425066062665155
teste_final_2025,sensitivity,displacement,c_completa,AE,AE:c_completa,q990,748,374,374,362,12,370,4,0.25,0.0106951871657754,0.9679144385026738,0.49453551912568305,0.020512820512820513,0.4893048128342246,-0.07392212709545729,0.03208556149732622,0.0213903743315508
teste_final_2025,sensitivity,displacement,c_completa,AE,AE:c_completa,q995,748,374,374,373,1,374,0,0.0,0.0,0.9973262032085561,0.499330655957162,0.0,0.49866310160427807,-0.036588086663230115,0.002673796791443861,0.001336898395721925
teste_final_2025,sensitivity,displacement,c_completa,AE,AE:c_completa,q999,748,374,374,374,0,374,0,0.0,0.0,1.0,0.5,0.0,0.5,0.0,0.0,0.0
teste_final_2025,strict,all,c_completa,IF,IF:c_completa,q990,2753,1818,935,913,22,1618,200,0.9009009009009009,0.11001100110011001,0.9764705882352941,0.36072698538127224,0.19607843137254904,0.543240794667702,0.15041939841704163,0.02352941176470591,0.08063930257900472
teste_final_2025,strict,all,c_completa,IF,IF:c_completa,q995,2753,1818,935,922,13,1754,64,0.8311688311688312,0.0352035203520352,0.986096256684492,0.3445440956651719,0.06754617414248021,0.5106498885182635,0.061177170284346105,0.013903743315508033,0.027969487831456592
teste_final_2025,strict,all,c_completa,IF,IF:c_completa,q999,2753,1818,935,930,5,1816,2,0.2857142857142857,0.0011001100110011,0.9946524064171123,0.33867443554260745,0.002191780821917808,0.4978762582140567,-0.039942492860069026,0.005347593582887722,0.0025426807119505995
teste_final_2025,strict,insertion,c_completa,IF,IF:c_completa,q990,2649,1766,883,880,3,1568,198,0.9850746268656716,0.11211778029445074,0.9966024915062288,0.35947712418300654,0.20132180986273515,0.5543601359003398,0.19354524024995381,0.003397508493771184,0.07587768969422423
teste_final_2025,strict,insertion,c_completa,IF,IF:c_completa,q995,2649,1766,883,882,1,1703,63,0.984375,0.03567383918459796,0.9988674971687429,0.3411992263056093,0.06885245901639345,0.5172706681766704,0.106046069511325,0.0011325028312570984,0.024160060400151
teste_final_2025,strict,insertion,c_completa,IF,IF:c_completa,q999,2649,1766,883,883,0,1764,2,1.0,0.0011325028312570782,1.0,0.33358519078201737,0.0022624434389140274,0.5005662514156285,0.019436722280931712,0.0,0.0007550018875047187
teste_final_2025,strict,displacement,c_completa,IF,IF:c_completa,q990,104,52,52,33,19,50,2,0.09523809523809523,0.038461538461538464,0.6346153846153846,0.39759036144578314,0.05479452054794521,0.3365384615384615,-0.4071929290505081,0.3653846153846154,0.20192307692307693
teste_final_2025,strict,displacement,c_completa,IF,IF:c_completa,q995,104,52,52,40,12,51,1,0.07692307692307693,0.019230769230769232,0.7692307692307693,0.43956043956043955,0.03076923076923077,0.3942307692307693,-0.3198160925462692,0.23076923076923073,0.125
teste_final_2025,strict,displacement,c_completa,IF,IF:c_completa,q999,104,52,52,47,5,52,0,0.0,0.0,0.9038461538461539,0.47474747474747475,0.0,0.4519230769230769,-0.22473328748774735,0.09615384615384615,0.04807692307692308
teste_final_2025,sensitivity,all,c_completa,IF,IF:c_completa,q990,3397,2140,1257,1234,23,1937,203,0.8982300884955752,0.09485981308411215,0.9817024661893397,0.3891516871649322,0.17159763313609466,0.5382811396367259,0.14833274677636174,0.01829753381066035,0.06652929055048572
teste_final_2025,sensitivity,all,c_completa,IF,IF:c_completa,q995,3397,2140,1257,1243,14,2075,65,0.8227848101265823,0.030373831775700934,0.9888623707239459,0.3746232670283303,0.05858494817485354,0.5096181012498234,0.061622899535950154,0.011137629276054106,0.023255813953488372
teste_final_2025,sensitivity,all,c_completa,IF,IF:c_completa,q999,3397,2140,1257,1252,5,2138,2,0.2857142857142857,0.0009345794392523365,0.9960222752585521,0.36932153392330386,0.0018630647414997672,0.49847842734890224,-0.032400248840026055,0.003977724741447863,0.0020606417427141595
teste_final_2025,sensitivity,insertion,c_completa,IF,IF:c_completa,q990,2649,1766,883,880,3,1568,198,0.9850746268656716,0.11211778029445074,0.9966024915062288,0.35947712418300654,0.20132180986273515,0.5543601359003398,0.19354524024995381,0.003397508493771184,0.07587768969422423
teste_final_2025,sensitivity,insertion,c_completa,IF,IF:c_completa,q995,2649,1766,883,882,1,1703,63,0.984375,0.03567383918459796,0.9988674971687429,0.3411992263056093,0.06885245901639345,0.5172706681766704,0.106046069511325,0.0011325028312570984,0.024160060400151
teste_final_2025,sensitivity,insertion,c_completa,IF,IF:c_completa,q999,2649,1766,883,883,0,1764,2,1.0,0.0011325028312570782,1.0,0.33358519078201737,0.0022624434389140274,0.5005662514156285,0.019436722280931712,0.0,0.0007550018875047187
teste_final_2025,sensitivity,displacement,c_completa,IF,IF:c_completa,q990,748,374,374,354,20,369,5,0.2,0.013368983957219251,0.946524064171123,0.4896265560165975,0.025062656641604012,0.47994652406417115,-0.11157120049584028,0.053475935828877,0.03342245989304813
teste_final_2025,sensitivity,displacement,c_completa,IF,IF:c_completa,q995,748,374,374,361,13,372,2,0.13333333333333333,0.0053475935828877,0.9652406417112299,0.4924965893587995,0.010282776349614397,0.4852941176470588,-0.1049047295109272,0.03475935828877008,0.020053475935828877
teste_final_2025,sensitivity,displacement,c_completa,IF,IF:c_completa,q999,748,374,374,369,5,374,0,0.0,0.0,0.9866310160427807,0.49663526244952894,0.0,0.49331550802139035,-0.08203337796861791,0.013368983957219305,0.0066844919786096255
teste_final_2025,strict,all,b_sem_taxas_absolutas,AE,AE:b_sem_taxas_absolutas,q990,2753,1818,935,935,0,1815,3,1.0,0.0016501650165016502,1.0,0.34,0.0032948929159802303,0.5008250825082509,0.02368662292541005,0.0,0.0010897203051216855
teste_final_2025,strict,all,b_sem_taxas_absolutas,AE,AE:b_sem_taxas_absolutas,q995,2753,1818,935,935,0,1818,0,0.0,0.0,1.0,0.3396294950962586,0.0,0.5,0.0,0.0,0.0
teste_final_2025,strict,all,b_sem_taxas_absolutas,AE,AE:b_sem_taxas_absolutas,q999,2753,1818,935,935,0,1818,0,0.0,0.0,1.0,0.3396294950962586,0.0,0.5,0.0,0.0,0.0
teste_final_2025,strict,insertion,b_sem_taxas_absolutas,AE,AE:b_sem_taxas_absolutas,q990,2649,1766,883,883,0,1763,3,1.0,0.0016987542468856172,1.0,0.3337112622826909,0.0033917467495760316,0.5008493771234428,0.023809523809523808,0.0,0.0011325028312570782
teste_final_2025,strict,insertion,b_sem_taxas_absolutas,AE,AE:b_sem_taxas_absolutas,q995,2649,1766,883,883,0,1766,0,0.0,0.0,1.0,0.3333333333333333,0.0,0.5,0.0,0.0,0.0
teste_final_2025,strict,insertion,b_sem_taxas_absolutas,AE,AE:b_sem_taxas_absolutas,q999,2649,1766,883,883,0,1766,0,0.0,0.0,1.0,0.3333333333333333,0.0,0.5,0.0,0.0,0.0
teste_final_2025,strict,displacement,b_sem_taxas_absolutas,AE,AE:b_sem_taxas_absolutas,q990,104,52,52,52,0,52,0,0.0,0.0,1.0,0.5,0.0,0.5,0.0,0.0,0.0
teste_final_2025,strict,displacement,b_sem_taxas_absolutas,AE,AE:b_sem_taxas_absolutas,q995,104,52,52,52,0,52,0,0.0,0.0,1.0,0.5,0.0,0.5,0.0,0.0,0.0
teste_final_2025,strict,displacement,b_sem_taxas_absolutas,AE,AE:b_sem_taxas_absolutas,q999,104,52,52,52,0,52,0,0.0,0.0,1.0,0.5,0.0,0.5,0.0,0.0,0.0
teste_final_2025,sensitivity,all,b_sem_taxas_absolutas,AE,AE:b_sem_taxas_absolutas,q990,3397,2140,1257,1255,2,2135,5,0.7142857142857143,0.002336448598130841,0.9984089101034208,0.3702064896755162,0.004657661853749417,0.5003726793507758,0.007935804901570026,0.0015910898965791898,0.0020606417427141595
teste_final_2025,sensitivity,all,b_sem_taxas_absolutas,AE,AE:b_sem_taxas_absolutas,q995,3397,2140,1257,1257,0,2140,0,0.0,0.0,1.0,0.3700323815130998,0.0,0.5,0.0,0.0,0.0
teste_final_2025,sensitivity,all,b_sem_taxas_absolutas,AE,AE:b_sem_taxas_absolutas,q999,3397,2140,1257,1257,0,2140,0,0.0,0.0,1.0,0.3700323815130998,0.0,0.5,0.0,0.0,0.0
teste_final_2025,sensitivity,insertion,b_sem_taxas_absolutas,AE,AE:b_sem_taxas_absolutas,q990,2649,1766,883,883,0,1763,3,1.0,0.0016987542468856172,1.0,0.3337112622826909,0.0033917467495760316,0.5008493771234428,0.023809523809523808,0.0,0.0011325028312570782
teste_final_2025,sensitivity,insertion,b_sem_taxas_absolutas,AE,AE:b_sem_taxas_absolutas,q995,2649,1766,883,883,0,1766,0,0.0,0.0,1.0,0.3333333333333333,0.0,0.5,0.0,0.0,0.0
teste_final_2025,sensitivity,insertion,b_sem_taxas_absolutas,AE,AE:b_sem_taxas_absolutas,q999,2649,1766,883,883,0,1766,0,0.0,0.0,1.0,0.3333333333333333,0.0,0.5,0.0,0.0,0.0
teste_final_2025,sensitivity,displacement,b_sem_taxas_absolutas,AE,AE:b_sem_taxas_absolutas,q990,748,374,374,372,2,372,2,0.5,0.0053475935828877,0.9946524064171123,0.5,0.010582010582010581,0.5,0.0,0.005347593582887722,0.0053475935828877
teste_final_2025,sensitivity,displacement,b_sem_taxas_absolutas,AE,AE:b_sem_taxas_absolutas,q995,748,374,374,374,0,374,0,0.0,0.0,1.0,0.5,0.0,0.5,0.0,0.0,0.0
teste_final_2025,sensitivity,displacement,b_sem_taxas_absolutas,AE,AE:b_sem_taxas_absolutas,q999,748,374,374,374,0,374,0,0.0,0.0,1.0,0.5,0.0,0.5,0.0,0.0,0.0
teste_final_2025,strict,all,b_sem_taxas_absolutas,IF,IF:b_sem_taxas_absolutas,q990,2753,1818,935,934,1,1802,16,0.9411764705882353,0.0088008800880088,0.9989304812834224,0.34137426900584794,0.01743869209809264,0.5038656806857156,0.04673865502522541,0.0010695187165775666,0.006175081729022884
teste_final_2025,strict,all,b_sem_taxas_absolutas,IF,IF:b_sem_taxas_absolutas,q995,2753,1818,935,935,0,1817,1,1.0,0.00055005500550055,1.0,0.3397529069767442,0.0010995052226498074,0.5002750275027503,0.013670507931891956,0.0,0.0003632401017072285
teste_final_2025,strict,all,b_sem_taxas_absolutas,IF,IF:b_sem_taxas_absolutas,q999,2753,1818,935,935,0,1818,0,0.0,0.0,1.0,0.3396294950962586,0.0,0.5,0.0,0.0,0.0
teste_final_2025,strict,insertion,b_sem_taxas_absolutas,IF,IF:b_sem_taxas_absolutas,q990,2649,1766,883,883,0,1750,16,1.0,0.009060022650056626,1.0,0.33535890619065706,0.017957351290684626,0.5045300113250283,0.055121314262139724,0.0,0.00604001510003775
teste_final_2025,strict,insertion,b_sem_taxas_absolutas,IF,IF:b_sem_taxas_absolutas,q995,2649,1766,883,883,0,1765,1,1.0,0.0005662514156285391,1.0,0.33345921450151056,0.0011318619128466328,0.5002831257078143,0.013741242748232818,0.0,0.00037750094375235937
teste_final_2025,strict,insertion,b_sem_taxas_absolutas,IF,IF:b_sem_taxas_absolutas,q999,2649,1766,883,883,0,1766,0,0.0,0.0,1.0,0.3333333333333333,0.0,0.5,0.0,0.0,0.0
teste_final_2025,strict,displacement,b_sem_taxas_absolutas,IF,IF:b_sem_taxas_absolutas,q990,104,52,52,51,1,52,0,0.0,0.0,0.9807692307692307,0.49514563106796117,0.0,0.49038461538461536,-0.0985329278164293,0.019230769230769273,0.009615384615384616
teste_final_2025,strict,displacement,b_sem_taxas_absolutas,IF,IF:b_sem_taxas_absolutas,q995,104,52,52,52,0,52,0,0.0,0.0,1.0,0.5,0.0,0.5,0.0,0.0,0.0
teste_final_2025,strict,displacement,b_sem_taxas_absolutas,IF,IF:b_sem_taxas_absolutas,q999,104,52,52,52,0,52,0,0.0,0.0,1.0,0.5,0.0,0.5,0.0,0.0,0.0
teste_final_2025,sensitivity,all,b_sem_taxas_absolutas,IF,IF:b_sem_taxas_absolutas,q990,3397,2140,1257,1256,1,2123,17,0.9444444444444444,0.00794392523364486,0.9992044550517104,0.3717076058005327,0.015755329008341055,0.5035741901426777,0.047539195230313344,0.0007955449482895949,0.005298793052693553
teste_final_2025,sensitivity,all,b_sem_taxas_absolutas,IF,IF:b_sem_taxas_absolutas,q995,3397,2140,1257,1257,0,2139,1,1.0,0.00046728971962616824,1.0,0.37014134275618377,0.0009341429238673519,0.500233644859813,0.013151549120867493,0.0,0.00029437739181630853
teste_final_2025,sensitivity,all,b_sem_taxas_absolutas,IF,IF:b_sem_taxas_absolutas,q999,3397,2140,1257,1257,0,2140,0,0.0,0.0,1.0,0.3700323815130998,0.0,0.5,0.0,0.0,0.0
teste_final_2025,sensitivity,insertion,b_sem_taxas_absolutas,IF,IF:b_sem_taxas_absolutas,q990,2649,1766,883,883,0,1750,16,1.0,0.009060022650056626,1.0,0.33535890619065706,0.017957351290684626,0.5045300113250283,0.055121314262139724,0.0,0.00604001510003775
teste_final_2025,sensitivity,insertion,b_sem_taxas_absolutas,IF,IF:b_sem_taxas_absolutas,q995,2649,1766,883,883,0,1765,1,1.0,0.0005662514156285391,1.0,0.33345921450151056,0.0011318619128466328,0.5002831257078143,0.013741242748232818,0.0,0.00037750094375235937
teste_final_2025,sensitivity,insertion,b_sem_taxas_absolutas,IF,IF:b_sem_taxas_absolutas,q999,2649,1766,883,883,0,1766,0,0.0,0.0,1.0,0.3333333333333333,0.0,0.5,0.0,0.0,0.0
teste_final_2025,sensitivity,displacement,b_sem_taxas_absolutas,IF,IF:b_sem_taxas_absolutas,q990,748,374,374,373,1,373,1,0.5,0.00267379679144385,0.9973262032085561,0.5,0.005319148936170213,0.5,0.0,0.002673796791443861,0.00267379679144385
teste_final_2025,sensitivity,displacement,b_sem_taxas_absolutas,IF,IF:b_sem_taxas_absolutas,q995,748,374,374,374,0,374,0,0.0,0.0,1.0,0.5,0.0,0.5,0.0,0.0,0.0
teste_final_2025,sensitivity,displacement,b_sem_taxas_absolutas,IF,IF:b_sem_taxas_absolutas,q999,748,374,374,374,0,374,0,0.0,0.0,1.0,0.5,0.0,0.5,0.0,0.0,0.0
teste_final_2025,strict,all,c_sem_taxas_absolutas,AE,AE:c_sem_taxas_absolutas,q990,2753,1818,935,929,6,1799,19,0.76,0.010451045104510451,0.9935828877005347,0.3405425219941349,0.02061855670103093,0.5020169664025226,0.020139060995342368,0.0064171122994652885,0.009081002542680712
teste_final_2025,strict,all,c_sem_taxas_absolutas,AE,AE:c_sem_taxas_absolutas,q995,2753,1818,935,931,4,1806,12,0.75,0.006600660066006601,0.9957219251336898,0.340153452685422,0.013086150490730645,0.5011612925998482,0.014470282475083007,0.004278074866310155,0.005811841627315656
teste_final_2025,strict,all,c_sem_taxas_absolutas,AE,AE:c_sem_taxas_absolutas,q999,2753,1818,935,932,3,1812,6,0.6666666666666666,0.0033003300330033004,0.9967914438502674,0.3396501457725947,0.006568144499178982,0.5000458869416353,0.0007613924135710553,0.0032085561497325887,0.0032691609153650564
teste_final_2025,strict,insertion,c_sem_taxas_absolutas,AE,AE:c_sem_taxas_absolutas,q990,2649,1766,883,877,6,1747,19,0.76,0.010758776896942242,0.9932049830124575,0.33422256097560976,0.02121719709659408,0.5019818799546999,0.019325517063098145,0.006795016987542479,0.009437523593808984
teste_final_2025,strict,insertion,c_sem_taxas_absolutas,AE,AE:c_sem_taxas_absolutas,q995,2649,1766,883,879,4,1754,12,0.75,0.006795016987542469,0.9954699886749717,0.33383972654766425,0.013468013468013467,0.5011325028312571,0.013780328565534931,0.0045300113250282825,0.00604001510003775
teste_final_2025,strict,insertion,c_sem_taxas_absolutas,AE,AE:c_sem_taxas_absolutas,q999,2649,1766,883,880,3,1760,6,0.6666666666666666,0.0033975084937712344,0.9966024915062288,0.3333333333333333,0.0067605633802816905,0.5,0.0,0.003397508493771184,0.0033975084937712344
teste_final_2025,strict,displacement,c_sem_taxas_absolutas,AE,AE:c_sem_taxas_absolutas,q990,104,52,52,52,0,52,0,0.0,0.0,1.0,0.5,0.0,0.5,0.0,0.0,0.0
teste_final_2025,strict,displacement,c_sem_taxas_absolutas,AE,AE:c_sem_taxas_absolutas,q995,104,52,52,52,0,52,0,0.0,0.0,1.0,0.5,0.0,0.5,0.0,0.0,0.0
teste_final_2025,strict,displacement,c_sem_taxas_absolutas,AE,AE:c_sem_taxas_absolutas,q999,104,52,52,52,0,52,0,0.0,0.0,1.0,0.5,0.0,0.5,0.0,0.0,0.0
teste_final_2025,sensitivity,all,c_sem_taxas_absolutas,AE,AE:c_sem_taxas_absolutas,q990,3397,2140,1257,1243,14,2113,27,0.6585365853658537,0.012616822429906542,0.9888623707239459,0.37038140643623363,0.02475928473177441,0.5007395965769262,0.0065402825242346085,0.011137629276054106,0.012069473064468648
teste_final_2025,sensitivity,all,c_sem_taxas_absolutas,AE,AE:c_sem_taxas_absolutas,q995,3397,2140,1257,1253,4,2128,12,0.75,0.005607476635514018,0.9968178202068417,0.37060041407867494,0.011131725417439705,0.5012126484211779,0.017102391746530686,0.0031821797931582685,0.0047100382690609364
teste_final_2025,sensitivity,all,c_sem_taxas_absolutas,AE,AE:c_sem_taxas_absolutas,q999,3397,2140,1257,1254,3,2134,6,0.6666666666666666,0.002803738317757009,0.9976133651551312,0.37012987012987014,0.005583992554676593,0.5002085517364441,0.0039176476727874185,0.0023866348448687846,0.0026493965263467765
teste_final_2025,sensitivity,insertion,c_sem_taxas_absolutas,AE,AE:c_sem_taxas_absolutas,q990,2649,1766,883,877,6,1747,19,0.76,0.010758776896942242,0.9932049830124575,0.33422256097560976,0.02121719709659408,0.5019818799546999,0.019325517063098145,0.006795016987542479,0.009437523593808984
teste_final_2025,sensitivity,insertion,c_sem_taxas_absolutas,AE,AE:c_sem_taxas_absolutas,q995,2649,1766,883,879,4,1754,12,0.75,0.006795016987542469,0.9954699886749717,0.33383972654766425,0.013468013468013467,0.5011325028312571,0.013780328565534931,0.0045300113250282825,0.00604001510003775
teste_final_2025,sensitivity,insertion,c_sem_taxas_absolutas,AE,AE:c_sem_taxas_absolutas,q999,2649,1766,883,880,3,1760,6,0.6666666666666666,0.0033975084937712344,0.9966024915062288,0.3333333333333333,0.0067605633802816905,0.5,0.0,0.003397508493771184,0.0033975084937712344
teste_final_2025,sensitivity,displacement,c_sem_taxas_absolutas,AE,AE:c_sem_taxas_absolutas,q990,748,374,374,366,8,366,8,0.5,0.0213903743315508,0.9786096256684492,0.5,0.041025641025641026,0.5,0.0,0.021390374331550777,0.0213903743315508
teste_final_2025,sensitivity,displacement,c_sem_taxas_absolutas,AE,AE:c_sem_taxas_absolutas,q995,748,374,374,374,0,374,0,0.0,0.0,1.0,0.5,0.0,0.5,0.0,0.0,0.0
teste_final_2025,sensitivity,displacement,c_sem_taxas_absolutas,AE,AE:c_sem_taxas_absolutas,q999,748,374,374,374,0,374,0,0.0,0.0,1.0,0.5,0.0,0.5,0.0,0.0,0.0
teste_final_2025,strict,all,c_sem_taxas_absolutas,IF,IF:c_sem_taxas_absolutas,q990,2753,1818,935,932,3,1790,28,0.9032258064516129,0.015401540154015401,0.9967914438502674,0.3423952975753123,0.03028664142779881,0.5060964920021414,0.05472526100910416,0.0032085561497325887,0.011260443152924083
teste_final_2025,strict,all,c_sem_taxas_absolutas,IF,IF:c_sem_taxas_absolutas,q995,2753,1818,935,932,3,1799,19,0.8636363636363636,0.010451045104510451,0.9967914438502674,0.3412669351885756,0.02065217391304348,0.503621244477389,0.03852284878532693,0.0032085561497325887,0.007991282237559027
teste_final_2025,strict,all,c_sem_taxas_absolutas,IF,IF:c_sem_taxas_absolutas,q999,2753,1818,935,935,0,1817,1,1.0,0.00055005500550055,1.0,0.3397529069767442,0.0010995052226498074,0.5002750275027503,0.013670507931891956,0.0,0.0003632401017072285
teste_final_2025,strict,insertion,c_sem_taxas_absolutas,IF,IF:c_sem_taxas_absolutas,q990,2649,1766,883,882,1,1738,28,0.9655172413793104,0.015855039637599093,0.9988674971687429,0.3366412213740458,0.03119777158774373,0.507361268403171,0.06669736943263961,0.0011325028312570984,0.010947527368818422
teste_final_2025,strict,insertion,c_sem_taxas_absolutas,IF,IF:c_sem_taxas_absolutas,q995,2649,1766,883,882,1,1747,19,0.95,0.010758776896942242,0.9988674971687429,0.33548877900342333,0.02127659574468085,0.5048131370328426,0.05242321269594966,0.0011325028312570984,0.007550018875047188
teste_final_2025,strict,insertion,c_sem_taxas_absolutas,IF,IF:c_sem_taxas_absolutas,q999,2649,1766,883,883,0,1765,1,1.0,0.0005662514156285391,1.0,0.33345921450151056,0.0011318619128466328,0.5002831257078143,0.013741242748232818,0.0,0.00037750094375235937
teste_final_2025,strict,displacement,c_sem_taxas_absolutas,IF,IF:c_sem_taxas_absolutas,q990,104,52,52,50,2,52,0,0.0,0.0,0.9615384615384616,0.49019607843137253,0.0,0.4807692307692308,-0.14002800840280097,0.038461538461538436,0.019230769230769232
teste_final_2025,strict,displacement,c_sem_taxas_absolutas,IF,IF:c_sem_taxas_absolutas,q995,104,52,52,50,2,52,0,0.0,0.0,0.9615384615384616,0.49019607843137253,0.0,0.4807692307692308,-0.14002800840280097,0.038461538461538436,0.019230769230769232
teste_final_2025,strict,displacement,c_sem_taxas_absolutas,IF,IF:c_sem_taxas_absolutas,q999,104,52,52,52,0,52,0,0.0,0.0,1.0,0.5,0.0,0.5,0.0,0.0,0.0
teste_final_2025,sensitivity,all,c_sem_taxas_absolutas,IF,IF:c_sem_taxas_absolutas,q990,3397,2140,1257,1254,3,2112,28,0.9032258064516129,0.013084112149532711,0.9976133651551312,0.37254901960784315,0.025794564716720408,0.505348738652332,0.054314776469840016,0.0023866348448687846,0.009125699146305564
teste_final_2025,sensitivity,all,c_sem_taxas_absolutas,IF,IF:c_sem_taxas_absolutas,q995,3397,2140,1257,1254,3,2121,19,0.8636363636363636,0.008878504672897197,0.9976133651551312,0.37155555555555553,0.01757631822386679,0.5032459349140143,0.03907474022943887,0.0023866348448687846,0.006476302619958787
teste_final_2025,sensitivity,all,c_sem_taxas_absolutas,IF,IF:c_sem_taxas_absolutas,q999,3397,2140,1257,1257,0,2139,1,1.0,0.00046728971962616824,1.0,0.37014134275618377,0.0009341429238673519,0.500233644859813,0.013151549120867493,0.0,0.00029437739181630853
teste_final_2025,sensitivity,insertion,c_sem_taxas_absolutas,IF,IF:c_sem_taxas_absolutas,q990,2649,1766,883,882,1,1738,28,0.9655172413793104,0.015855039637599093,0.9988674971687429,0.3366412213740458,0.03119777158774373,0.507361268403171,0.06669736943263961,0.0011325028312570984,0.010947527368818422
teste_final_2025,sensitivity,insertion,c_sem_taxas_absolutas,IF,IF:c_sem_taxas_absolutas,q995,2649,1766,883,882,1,1747,19,0.95,0.010758776896942242,0.9988674971687429,0.33548877900342333,0.02127659574468085,0.5048131370328426,0.05242321269594966,0.0011325028312570984,0.007550018875047188
teste_final_2025,sensitivity,insertion,c_sem_taxas_absolutas,IF,IF:c_sem_taxas_absolutas,q999,2649,1766,883,883,0,1765,1,1.0,0.0005662514156285391,1.0,0.33345921450151056,0.0011318619128466328,0.5002831257078143,0.013741242748232818,0.0,0.00037750094375235937
teste_final_2025,sensitivity,displacement,c_sem_taxas_absolutas,IF,IF:c_sem_taxas_absolutas,q990,748,374,374,372,2,374,0,0.0,0.0,0.9946524064171123,0.49865951742627346,0.0,0.49732620320855614,-0.05177803730784978,0.005347593582887722,0.00267379679144385
teste_final_2025,sensitivity,displacement,c_sem_taxas_absolutas,IF,IF:c_sem_taxas_absolutas,q995,748,374,374,372,2,374,0,0.0,0.0,0.9946524064171123,0.49865951742627346,0.0,0.49732620320855614,-0.05177803730784978,0.005347593582887722,0.00267379679144385
teste_final_2025,sensitivity,displacement,c_sem_taxas_absolutas,IF,IF:c_sem_taxas_absolutas,q999,748,374,374,374,0,374,0,0.0,0.0,1.0,0.5,0.0,0.5,0.0,0.0,0.0
estresse_fusaka_2025,strict,all,a_completa,AE,AE:a_completa,q990,566,374,192,128,64,344,30,0.3191489361702128,0.08021390374331551,0.6666666666666666,0.2711864406779661,0.12820512820512822,0.37344028520499106,-0.32201564517178133,0.33333333333333337,0.16607773851590105
estresse_fusaka_2025,strict,all,a_completa,AE,AE:a_completa,q995,566,374,192,152,40,360,14,0.25925925925925924,0.0374331550802139,0.7916666666666666,0.296875,0.06542056074766354,0.4145499108734403,-0.27542101265706925,0.20833333333333337,0.09540636042402827
estresse_fusaka_2025,strict,all,a_completa,AE,AE:a_completa,q999,566,374,192,187,5,374,0,0.0,0.0,0.9739583333333334,0.3333333333333333,0.0,0.4869791666666667,-0.13176156917368248,0.02604166666666663,0.0088339222614841
estresse_fusaka_2025,strict,insertion,a_completa,AE,AE:a_completa,q990,548,365,183,126,57,338,27,0.32142857142857145,0.07397260273972603,0.6885245901639344,0.27155172413793105,0.1202672605790646,0.38124859645183024,-0.31091529770417875,0.3114754098360656,0.15328467153284672
estresse_fusaka_2025,strict,insertion,a_completa,AE,AE:a_completa,q995,548,365,183,148,35,352,13,0.2708333333333333,0.03561643835616438,0.8087431693989071,0.296,0.06295399515738498,0.42217980387753573,-0.25965020683109075,0.1912568306010929,0.08759124087591241
estresse_fusaka_2025,strict,insertion,a_completa,AE,AE:a_completa,q999,548,365,183,181,2,365,0,0.0,0.0,0.9890710382513661,0.3315018315018315,0.0,0.49453551912568305,-0.08547508942696866,0.010928961748633892,0.0036496350364963502
estresse_fusaka_2025,strict,displacement,a_completa,AE,AE:a_completa,q990,18,9,9,2,7,6,3,0.3,0.3333333333333333,0.2222222222222222,0.25,0.3157894736842105,0.2777777777777778,-0.4472135954999579,0.7777777777777778,0.5555555555555556
estresse_fusaka_2025,strict,displacement,a_completa,AE,AE:a_completa,q995,18,9,9,4,5,8,1,0.16666666666666666,0.1111111111111111,0.4444444444444444,0.3333333333333333,0.13333333333333333,0.2777777777777778,-0.4714045207910316,0.5555555555555556,0.3333333333333333
estresse_fusaka_2025,strict,displacement,a_completa,AE,AE:a_completa,q999,18,9,9,6,3,9,0,0.0,0.0,0.6666666666666666,0.4,0.0,0.3333333333333333,-0.4472135954999579,0.33333333333333337,0.16666666666666666
estresse_fusaka_2025,sensitivity,all,a_completa,AE,AE:a_completa,q990,620,401,219,148,71,364,37,0.3425925925925926,0.09226932668329177,0.6757990867579908,0.2890625,0.14538310412573674,0.3840342067206413,-0.2922855090075864,0.32420091324200917,0.17419354838709677
estresse_fusaka_2025,sensitivity,all,a_completa,AE,AE:a_completa,q995,620,401,219,173,46,381,20,0.30303030303030304,0.04987531172069826,0.7899543378995434,0.31227436823104693,0.08565310492505354,0.4199148248101208,-0.24822728615832287,0.2100456621004566,0.1064516129032258
estresse_fusaka_2025,sensitivity,all,a_completa,AE,AE:a_completa,q999,620,401,219,209,10,400,1,0.09090909090909091,0.0024937655860349127,0.954337899543379,0.34318555008210183,0.0048543689320388345,0.47841583256470693,-0.1562984070384322,0.045662100456621,0.017741935483870968
estresse_fusaka_2025,sensitivity,insertion,a_completa,AE,AE:a_completa,q990,548,365,183,126,57,338,27,0.32142857142857145,0.07397260273972603,0.6885245901639344,0.27155172413793105,0.1202672605790646,0.38124859645183024,-0.31091529770417875,0.3114754098360656,0.15328467153284672
estresse_fusaka_2025,sensitivity,insertion,a_completa,AE,AE:a_completa,q995,548,365,183,148,35,352,13,0.2708333333333333,0.03561643835616438,0.8087431693989071,0.296,0.06295399515738498,0.42217980387753573,-0.25965020683109075,0.1912568306010929,0.08759124087591241
estresse_fusaka_2025,sensitivity,insertion,a_completa,AE,AE:a_completa,q999,548,365,183,181,2,365,0,0.0,0.0,0.9890710382513661,0.3315018315018315,0.0,0.49453551912568305,-0.08547508942696866,0.010928961748633892,0.0036496350364963502
estresse_fusaka_2025,sensitivity,displacement,a_completa,AE,AE:a_completa,q990,72,36,36,22,14,26,10,0.4166666666666667,0.2777777777777778,0.6111111111111112,0.4583333333333333,0.33333333333333337,0.4444444444444445,-0.1178511301977579,0.38888888888888884,0.3333333333333333
estresse_fusaka_2025,sensitivity,displacement,a_completa,AE,AE:a_completa,q995,72,36,36,25,11,29,7,0.3888888888888889,0.19444444444444445,0.6944444444444444,0.46296296296296297,0.25925925925925924,0.4444444444444444,-0.12830005981991682,0.3055555555555556,0.25
estresse_fusaka_2025,sensitivity,displacement,a_completa,AE,AE:a_completa,q999,72,36,36,28,8,35,1,0.1111111111111111,0.027777777777777776,0.7777777777777778,0.4444444444444444,0.04444444444444444,0.4027777777777778,-0.2939723678960656,0.2222222222222222,0.125
estresse_fusaka_2025,strict,all,a_completa,IF,IF:a_completa,q990,566,374,192,166,26,205,169,0.8666666666666667,0.45187165775401067,0.8645833333333334,0.4474393530997305,0.59402460456942,0.658227495543672,0.3152783178172205,0.13541666666666663,0.34452296819787986
estresse_fusaka_2025,strict,all,a_completa,IF,IF:a_completa,q995,566,374,192,176,16,210,164,0.9111111111111111,0.4385026737967914,0.9166666666666666,0.45595854922279794,0.592057761732852,0.677584670231729,0.3610704767284914,0.08333333333333337,0.31802120141342755
estresse_fusaka_2025,strict,all,a_completa,IF,IF:a_completa,q999,566,374,192,184,8,279,95,0.9223300970873787,0.2540106951871658,0.9583333333333334,0.39740820734341253,0.3983228511530399,0.6061720142602496,0.26056576834869916,0.04166666666666663,0.18197879858657243
estresse_fusaka_2025,strict,insertion,a_completa,IF,IF:a_completa,q990,548,365,183,165,18,198,167,0.9027027027027027,0.4575342465753425,0.9016393442622951,0.45454545454545453,0.6072727272727274,0.6795867954188188,0.35820958035617867,0.09836065573770492,0.3375912408759124
estresse_fusaka_2025,strict,insertion,a_completa,IF,IF:a_completa,q995,548,365,183,175,8,203,162,0.9529411764705882,0.4438356164383562,0.9562841530054644,0.46296296296296297,0.6056074766355141,0.7000598847219103,0.4079356179360698,0.04371584699453557,0.3102189781021898
estresse_fusaka_2025,strict,insertion,a_completa,IF,IF:a_completa,q999,548,365,183,183,0,271,94,1.0,0.25753424657534246,1.0,0.40308370044052866,0.4095860566448801,0.6287671232876713,0.3221922672873335,0.0,0.17153284671532848
estresse_fusaka_2025,strict,displacement,a_completa,IF,IF:a_completa,q990,18,9,9,1,8,7,2,0.2,0.2222222222222222,0.1111111111111111,0.125,0.2105263157894737,0.16666666666666666,-0.6708203932499369,0.8888888888888888,0.5555555555555556
estresse_fusaka_2025,strict,displacement,a_completa,IF,IF:a_completa,q995,18,9,9,1,8,7,2,0.2,0.2222222222222222,0.1111111111111111,0.125,0.2105263157894737,0.16666666666666666,-0.6708203932499369,0.8888888888888888,0.5555555555555556
estresse_fusaka_2025,strict,displacement,a_completa,IF,IF:a_completa,q999,18,9,9,1,8,8,1,0.1111111111111111,0.1111111111111111,0.1111111111111111,0.1111111111111111,0.1111111111111111,0.1111111111111111,-0.7777777777777778,0.8888888888888888,0.5
estresse_fusaka_2025,sensitivity,all,a_completa,IF,IF:a_completa,q990,620,401,219,187,32,226,175,0.8454106280193237,0.43640897755610975,0.8538812785388128,0.45278450363196127,0.5756578947368421,0.6451451280474613,0.2942161469622472,0.1461187214611872,0.3338709677419355
estresse_fusaka_2025,sensitivity,all,a_completa,IF,IF:a_completa,q995,620,401,219,201,18,233,168,0.9032258064516129,0.41895261845386533,0.9178082191780822,0.4631336405529954,0.5724020442930153,0.6683804188159738,0.3512485078226653,0.0821917808219178,0.3
estresse_fusaka_2025,sensitivity,all,a_completa,IF,IF:a_completa,q999,620,401,219,211,8,306,95,0.9223300970873787,0.23690773067331672,0.9634703196347032,0.4081237911025145,0.376984126984127,0.60018902515401,0.2573241260204631,0.0365296803652968,0.16612903225806452
estresse_fusaka_2025,sensitivity,insertion,a_completa,IF,IF:a_completa,q990,548,365,183,165,18,198,167,0.9027027027027027,0.4575342465753425,0.9016393442622951,0.45454545454545453,0.6072727272727274,0.6795867954188188,0.35820958035617867,0.09836065573770492,0.3375912408759124
estresse_fusaka_2025,sensitivity,insertion,a_completa,IF,IF:a_completa,q995,548,365,183,175,8,203,162,0.9529411764705882,0.4438356164383562,0.9562841530054644,0.46296296296296297,0.6056074766355141,0.7000598847219103,0.4079356179360698,0.04371584699453557,0.3102189781021898
estresse_fusaka_2025,sensitivity,insertion,a_completa,IF,IF:a_completa,q999,548,365,183,183,0,271,94,1.0,0.25753424657534246,1.0,0.40308370044052866,0.4095860566448801,0.6287671232876713,0.3221922672873335,0.0,0.17153284671532848
estresse_fusaka_2025,sensitivity,displacement,a_completa,IF,IF:a_completa,q990,72,36,36,22,14,28,8,0.36363636363636365,0.2222222222222222,0.6111111111111112,0.44,0.27586206896551724,0.4166666666666667,-0.18090680674665816,0.38888888888888884,0.3055555555555556
estresse_fusaka_2025,sensitivity,displacement,a_completa,IF,IF:a_completa,q995,72,36,36,26,10,30,6,0.375,0.16666666666666666,0.7222222222222222,0.4642857142857143,0.23076923076923078,0.4444444444444444,-0.1336306209562122,0.2777777777777778,0.2222222222222222
estresse_fusaka_2025,sensitivity,displacement,a_completa,IF,IF:a_completa,q999,72,36,36,28,8,35,1,0.1111111111111111,0.027777777777777776,0.7777777777777778,0.4444444444444444,0.04444444444444444,0.4027777777777778,-0.2939723678960656,0.2222222222222222,0.125
estresse_fusaka_2025,strict,all,b_completa,AE,AE:b_completa,q990,566,374,192,151,41,319,55,0.5729166666666666,0.14705882352941177,0.7864583333333334,0.32127659574468087,0.23404255319148934,0.4667585784313726,-0.08387092903963253,0.21354166666666663,0.1696113074204947
estresse_fusaka_2025,strict,all,b_completa,AE,AE:b_completa,q995,566,374,192,170,22,366,8,0.26666666666666666,0.0213903743315508,0.8854166666666666,0.31716417910447764,0.039603960396039604,0.4534035204991087,-0.19693662667938705,0.11458333333333337,0.053003533568904596
estresse_fusaka_2025,strict,all,b_completa,AE,AE:b_completa,q999,566,374,192,180,12,372,2,0.14285714285714285,0.0053475935828877,0.9375,0.32608695652173914,0.010309278350515464,0.47142379679144386,-0.1742157359784234,0.0625,0.024734982332155476
estresse_fusaka_2025,strict,insertion,b_completa,AE,AE:b_completa,q990,548,365,183,143,40,311,54,0.574468085106383,0.14794520547945206,0.7814207650273224,0.31497797356828194,0.23529411764705882,0.46468298525338725,-0.08836781287417972,0.21857923497267762,0.17153284671532848
estresse_fusaka_2025,strict,insertion,b_completa,AE,AE:b_completa,q995,548,365,183,161,22,357,8,0.26666666666666666,0.021917808219178082,0.8797814207650273,0.3108108108108108,0.04050632911392405,0.4508496144921027,-0.2037996313429011,0.1202185792349727,0.05474452554744526
estresse_fusaka_2025,strict,insertion,b_completa,AE,AE:b_completa,q999,548,365,183,171,12,363,2,0.14285714285714285,0.005479452054794521,0.9344262295081968,0.3202247191011236,0.010554089709762533,0.46995284078149563,-0.17962663934418457,0.06557377049180324,0.025547445255474453
estresse_fusaka_2025,strict,displacement,b_completa,AE,AE:b_completa,q990,18,9,9,8,1,8,1,0.5,0.1111111111111111,0.8888888888888888,0.5,0.1818181818181818,0.5,0.0,0.11111111111111116,0.1111111111111111
estresse_fusaka_2025,strict,displacement,b_completa,AE,AE:b_completa,q995,18,9,9,9,0,9,0,0.0,0.0,1.0,0.5,0.0,0.5,0.0,0.0,0.0
estresse_fusaka_2025,strict,displacement,b_completa,AE,AE:b_completa,q999,18,9,9,9,0,9,0,0.0,0.0,1.0,0.5,0.0,0.5,0.0,0.0,0.0
estresse_fusaka_2025,sensitivity,all,b_completa,AE,AE:b_completa,q990,620,401,219,169,50,339,62,0.5535714285714286,0.1546134663341646,0.771689497716895,0.33267716535433073,0.24171539961013644,0.4631514820255298,-0.09155949684601723,0.228310502283105,0.18064516129032257
estresse_fusaka_2025,sensitivity,all,b_completa,AE,AE:b_completa,q995,620,401,219,197,22,393,8,0.26666666666666666,0.0199501246882793,0.8995433789954338,0.3338983050847458,0.03712296983758701,0.45974675184185654,-0.17932404922455566,0.1004566210045662,0.04838709677419355
estresse_fusaka_2025,sensitivity,all,b_completa,AE,AE:b_completa,q999,620,401,219,207,12,399,2,0.14285714285714285,0.004987531172069825,0.9452054794520548,0.3415841584158416,0.00963855421686747,0.4750965053120623,-0.1602448958005733,0.0547945205479452,0.02258064516129032
estresse_fusaka_2025,sensitivity,insertion,b_completa,AE,AE:b_completa,q990,548,365,183,143,40,311,54,0.574468085106383,0.14794520547945206,0.7814207650273224,0.31497797356828194,0.23529411764705882,0.46468298525338725,-0.08836781287417972,0.21857923497267762,0.17153284671532848
estresse_fusaka_2025,sensitivity,insertion,b_completa,AE,AE:b_completa,q995,548,365,183,161,22,357,8,0.26666666666666666,0.021917808219178082,0.8797814207650273,0.3108108108108108,0.04050632911392405,0.4508496144921027,-0.2037996313429011,0.1202185792349727,0.05474452554744526
estresse_fusaka_2025,sensitivity,insertion,b_completa,AE,AE:b_completa,q999,548,365,183,171,12,363,2,0.14285714285714285,0.005479452054794521,0.9344262295081968,0.3202247191011236,0.010554089709762533,0.46995284078149563,-0.17962663934418457,0.06557377049180324,0.025547445255474453
estresse_fusaka_2025,sensitivity,displacement,b_completa,AE,AE:b_completa,q990,72,36,36,26,10,28,8,0.4444444444444444,0.2222222222222222,0.7222222222222222,0.48148148148148145,0.2962962962962963,0.4722222222222222,-0.06415002990995841,0.2777777777777778,0.25
estresse_fusaka_2025,sensitivity,displacement,b_completa,AE,AE:b_completa,q995,72,36,36,36,0,36,0,0.0,0.0,1.0,0.5,0.0,0.5,0.0,0.0,0.0
estresse_fusaka_2025,sensitivity,displacement,b_completa,AE,AE:b_completa,q999,72,36,36,36,0,36,0,0.0,0.0,1.0,0.5,0.0,0.5,0.0,0.0,0.0
estresse_fusaka_2025,strict,all,b_completa,IF,IF:b_completa,q990,566,374,192,186,6,332,42,0.875,0.11229946524064172,0.96875,0.3590733590733591,0.1990521327014218,0.5405247326203209,0.13773714306597354,0.03125,0.08480565371024736
estresse_fusaka_2025,strict,all,b_completa,IF,IF:b_completa,q995,566,374,192,188,4,369,5,0.5555555555555556,0.013368983957219251,0.9791666666666666,0.3375224416517056,0.026109660574412528,0.49626782531194297,-0.028250720076466167,0.02083333333333337,0.015901060070671377
estresse_fusaka_2025,strict,all,b_completa,IF,IF:b_completa,q999,566,374,192,191,1,374,0,0.0,0.0,0.9947916666666666,0.3380530973451327,0.0,0.4973958333333333,-0.05871660853620635,0.00520833333333337,0.0017667844522968198
estresse_fusaka_2025,strict,insertion,b_completa,IF,IF:b_completa,q990,548,365,183,183,0,323,42,1.0,0.11506849315068493,1.0,0.3616600790513834,0.2063882063882064,0.5575342465753425,0.20399921649163333,0.0,0.07664233576642336
estresse_fusaka_2025,strict,insertion,b_completa,IF,IF:b_completa,q995,548,365,183,183,0,360,5,1.0,0.0136986301369863,1.0,0.3370165745856354,0.027027027027027025,0.5068493150684932,0.0679460477532187,0.0,0.009124087591240875
estresse_fusaka_2025,strict,insertion,b_completa,IF,IF:b_completa,q999,548,365,183,183,0,365,0,0.0,0.0,1.0,0.33394160583941607,0.0,0.5,0.0,0.0,0.0
estresse_fusaka_2025,strict,displacement,b_completa,IF,IF:b_completa,q990,18,9,9,3,6,9,0,0.0,0.0,0.3333333333333333,0.25,0.0,0.16666666666666666,-0.7071067811865475,0.6666666666666667,0.3333333333333333
estresse_fusaka_2025,strict,displacement,b_completa,IF,IF:b_completa,q995,18,9,9,5,4,9,0,0.0,0.0,0.5555555555555556,0.35714285714285715,0.0,0.2777777777777778,-0.5345224838248488,0.4444444444444444,0.2222222222222222
estresse_fusaka_2025,strict,displacement,b_completa,IF,IF:b_completa,q999,18,9,9,8,1,9,0,0.0,0.0,0.8888888888888888,0.47058823529411764,0.0,0.4444444444444444,-0.24253562503633297,0.11111111111111116,0.05555555555555555
estresse_fusaka_2025,sensitivity,all,b_completa,IF,IF:b_completa,q990,620,401,219,213,6,359,42,0.875,0.10473815461346633,0.9726027397260274,0.3723776223776224,0.18708240534521156,0.5386704471697469,0.1383199427207186,0.0273972602739726,0.07741935483870968
estresse_fusaka_2025,sensitivity,all,b_completa,IF,IF:b_completa,q995,620,401,219,215,4,396,5,0.5555555555555556,0.012468827930174564,0.9817351598173516,0.3518821603927987,0.024390243902439025,0.4971019938737631,-0.0231622998098268,0.0182648401826484,0.014516129032258065
estresse_fusaka_2025,sensitivity,all,b_completa,IF,IF:b_completa,q999,620,401,219,218,1,401,0,0.0,0.0,0.9954337899543378,0.35218093699515346,0.0,0.4977168949771689,-0.05438821483799721,0.004566210045662156,0.0016129032258064516
estresse_fusaka_2025,sensitivity,insertion,b_completa,IF,IF:b_completa,q990,548,365,183,183,0,323,42,1.0,0.11506849315068493,1.0,0.3616600790513834,0.2063882063882064,0.5575342465753425,0.20399921649163333,0.0,0.07664233576642336
estresse_fusaka_2025,sensitivity,insertion,b_completa,IF,IF:b_completa,q995,548,365,183,183,0,360,5,1.0,0.0136986301369863,1.0,0.3370165745856354,0.027027027027027025,0.5068493150684932,0.0679460477532187,0.0,0.009124087591240875
estresse_fusaka_2025,sensitivity,insertion,b_completa,IF,IF:b_completa,q999,548,365,183,183,0,365,0,0.0,0.0,1.0,0.33394160583941607,0.0,0.5,0.0,0.0,0.0
estresse_fusaka_2025,sensitivity,displacement,b_completa,IF,IF:b_completa,q990,72,36,36,30,6,36,0,0.0,0.0,0.8333333333333334,0.45454545454545453,0.0,0.4166666666666667,-0.30151134457776363,0.16666666666666663,0.08333333333333333
estresse_fusaka_2025,sensitivity,displacement,b_completa,IF,IF:b_completa,q995,72,36,36,32,4,36,0,0.0,0.0,0.8888888888888888,0.47058823529411764,0.0,0.4444444444444444,-0.24253562503633297,0.11111111111111116,0.05555555555555555
estresse_fusaka_2025,sensitivity,displacement,b_completa,IF,IF:b_completa,q999,72,36,36,35,1,36,0,0.0,0.0,0.9722222222222222,0.49295774647887325,0.0,0.4861111111111111,-0.11867816581938534,0.02777777777777779,0.013888888888888888
estresse_fusaka_2025,strict,all,c_completa,AE,AE:c_completa,q990,566,374,192,139,53,289,85,0.6159420289855072,0.22727272727272727,0.7239583333333334,0.3247663551401869,0.33203124999999994,0.47561553030303033,-0.05377349924584373,0.27604166666666663,0.24381625441696114
estresse_fusaka_2025,strict,all,c_completa,AE,AE:c_completa,q995,566,374,192,169,23,326,48,0.676056338028169,0.12834224598930483,0.8802083333333334,0.3414141414141414,0.2157303370786517,0.5042752896613191,0.012222222395129061,0.11979166666666663,0.1254416961130742
estresse_fusaka_2025,strict,all,c_completa,AE,AE:c_completa,q999,566,374,192,191,1,374,0,0.0,0.0,0.9947916666666666,0.3380530973451327,0.0,0.4973958333333333,-0.05871660853620635,0.00520833333333337,0.0017667844522968198
estresse_fusaka_2025,strict,insertion,c_completa,AE,AE:c_completa,q990,548,365,183,133,50,281,84,0.6268656716417911,0.23013698630136986,0.726775956284153,0.321256038647343,0.33667334669338683,0.4784564712927615,-0.04727877798057983,0.27322404371584696,0.24452554744525548
estresse_fusaka_2025,strict,insertion,c_completa,AE,AE:c_completa,q995,548,365,183,162,21,318,47,0.6911764705882353,0.12876712328767123,0.8852459016393442,0.3375,0.21709006928406466,0.5070065124635077,0.020046049415577322,0.11475409836065575,0.12408759124087591
estresse_fusaka_2025,strict,insertion,c_completa,AE,AE:c_completa,q999,548,365,183,182,1,365,0,0.0,0.0,0.994535519125683,0.3327239488117002,0.0,0.4972677595628415,-0.06038474326854587,0.005464480874316946,0.0018248175182481751
estresse_fusaka_2025,strict,displacement,c_completa,AE,AE:c_completa,q990,18,9,9,6,3,8,1,0.25,0.1111111111111111,0.6666666666666666,0.42857142857142855,0.15384615384615383,0.38888888888888884,-0.2672612419124244,0.33333333333333337,0.2222222222222222
estresse_fusaka_2025,strict,displacement,c_completa,AE,AE:c_completa,q995,18,9,9,7,2,8,1,0.3333333333333333,0.1111111111111111,0.7777777777777778,0.4666666666666667,0.16666666666666666,0.4444444444444444,-0.14907119849998599,0.2222222222222222,0.16666666666666666
estresse_fusaka_2025,strict,displacement,c_completa,AE,AE:c_completa,q999,18,9,9,9,0,9,0,0.0,0.0,1.0,0.5,0.0,0.5,0.0,0.0,0.0
estresse_fusaka_2025,sensitivity,all,c_completa,AE,AE:c_completa,q990,620,401,219,152,67,302,99,0.5963855421686747,0.24688279301745636,0.6940639269406392,0.33480176211453744,0.3492063492063492,0.4704733599790478,-0.06374649316316802,0.30593607305936077,0.267741935483871
estresse_fusaka_2025,sensitivity,all,c_completa,AE,AE:c_completa,q995,620,401,219,192,27,351,50,0.6493506493506493,0.12468827930174564,0.8767123287671232,0.35359116022099446,0.2092050209205021,0.5007003040344344,0.0020298576854351573,0.12328767123287676,0.12419354838709677
estresse_fusaka_2025,sensitivity,all,c_completa,AE,AE:c_completa,q999,620,401,219,218,1,401,0,0.0,0.0,0.9954337899543378,0.35218093699515346,0.0,0.4977168949771689,-0.05438821483799721,0.004566210045662156,0.0016129032258064516
estresse_fusaka_2025,sensitivity,insertion,c_completa,AE,AE:c_completa,q990,548,365,183,133,50,281,84,0.6268656716417911,0.23013698630136986,0.726775956284153,0.321256038647343,0.33667334669338683,0.4784564712927615,-0.04727877798057983,0.27322404371584696,0.24452554744525548
estresse_fusaka_2025,sensitivity,insertion,c_completa,AE,AE:c_completa,q995,548,365,183,162,21,318,47,0.6911764705882353,0.12876712328767123,0.8852459016393442,0.3375,0.21709006928406466,0.5070065124635077,0.020046049415577322,0.11475409836065575,0.12408759124087591
estresse_fusaka_2025,sensitivity,insertion,c_completa,AE,AE:c_completa,q999,548,365,183,182,1,365,0,0.0,0.0,0.994535519125683,0.3327239488117002,0.0,0.4972677595628415,-0.06038474326854587,0.005464480874316946,0.0018248175182481751
estresse_fusaka_2025,sensitivity,displacement,c_completa,AE,AE:c_completa,q990,72,36,36,19,17,21,15,0.46875,0.4166666666666667,0.5277777777777778,0.475,0.4411764705882353,0.4722222222222222,-0.05590169943749474,0.4722222222222222,0.4444444444444444
estresse_fusaka_2025,sensitivity,displacement,c_completa,AE,AE:c_completa,q995,72,36,36,30,6,33,3,0.3333333333333333,0.08333333333333333,0.8333333333333334,0.47619047619047616,0.13333333333333333,0.45833333333333337,-0.12598815766974242,0.16666666666666663,0.125
estresse_fusaka_2025,sensitivity,displacement,c_completa,AE,AE:c_completa,q999,72,36,36,36,0,36,0,0.0,0.0,1.0,0.5,0.0,0.5,0.0,0.0,0.0
estresse_fusaka_2025,strict,all,c_completa,IF,IF:c_completa,q990,566,374,192,183,9,253,121,0.9307692307692308,0.3235294117647059,0.953125,0.4197247706422018,0.48015873015873023,0.6383272058823529,0.3113931787749017,0.046875,0.22968197879858657
estresse_fusaka_2025,strict,all,c_completa,IF,IF:c_completa,q995,566,374,192,186,6,312,62,0.9117647058823529,0.1657754010695187,0.96875,0.37349397590361444,0.2805429864253393,0.5672627005347594,0.1958942025069131,0.03125,0.12014134275618374
estresse_fusaka_2025,strict,all,c_completa,IF,IF:c_completa,q999,566,374,192,192,0,369,5,1.0,0.013368983957219251,1.0,0.3422459893048128,0.02638522427440633,0.5066844919786097,0.06764230289130223,0.0,0.0088339222614841
estresse_fusaka_2025,strict,insertion,c_completa,IF,IF:c_completa,q990,548,365,183,181,2,244,121,0.983739837398374,0.3315068493150685,0.9890710382513661,0.4258823529411765,0.49590163934426235,0.6602889437832173,0.3623752426413663,0.010928961748633892,0.22445255474452555
estresse_fusaka_2025,strict,insertion,c_completa,IF,IF:c_completa,q995,548,365,183,183,0,303,62,1.0,0.16986301369863013,1.0,0.3765432098765432,0.2903981264637002,0.584931506849315,0.25290465479580526,0.0,0.11313868613138686
estresse_fusaka_2025,strict,insertion,c_completa,IF,IF:c_completa,q999,548,365,183,183,0,360,5,1.0,0.0136986301369863,1.0,0.3370165745856354,0.027027027027027025,0.5068493150684932,0.0679460477532187,0.0,0.009124087591240875
estresse_fusaka_2025,strict,displacement,c_completa,IF,IF:c_completa,q990,18,9,9,2,7,9,0,0.0,0.0,0.2222222222222222,0.18181818181818182,0.0,0.1111111111111111,-0.7977240352174656,0.7777777777777778,0.3888888888888889
estresse_fusaka_2025,strict,displacement,c_completa,IF,IF:c_completa,q995,18,9,9,3,6,9,0,0.0,0.0,0.3333333333333333,0.25,0.0,0.16666666666666666,-0.7071067811865475,0.6666666666666667,0.3333333333333333
estresse_fusaka_2025,strict,displacement,c_completa,IF,IF:c_completa,q999,18,9,9,9,0,9,0,0.0,0.0,1.0,0.5,0.0,0.5,0.0,0.0,0.0
estresse_fusaka_2025,sensitivity,all,c_completa,IF,IF:c_completa,q990,620,401,219,208,11,277,124,0.9185185185185185,0.3092269326683292,0.9497716894977168,0.4288659793814433,0.4626865671641791,0.629499311083023,0.2999535069272134,0.05022831050228316,0.21774193548387097
estresse_fusaka_2025,sensitivity,all,c_completa,IF,IF:c_completa,q995,620,401,219,213,6,339,62,0.9117647058823529,0.1546134663341646,0.9726027397260274,0.3858695652173913,0.2643923240938166,0.563608103030096,0.19458649172745807,0.0273972602739726,0.10967741935483871
estresse_fusaka_2025,sensitivity,all,c_completa,IF,IF:c_completa,q999,620,401,219,219,0,396,5,1.0,0.012468827930174564,1.0,0.35609756097560974,0.024630541871921183,0.5062344139650873,0.0666342195434127,0.0,0.008064516129032258
estresse_fusaka_2025,sensitivity,insertion,c_completa,IF,IF:c_completa,q990,548,365,183,181,2,244,121,0.983739837398374,0.3315068493150685,0.9890710382513661,0.4258823529411765,0.49590163934426235,0.6602889437832173,0.3623752426413663,0.010928961748633892,0.22445255474452555
estresse_fusaka_2025,sensitivity,insertion,c_completa,IF,IF:c_completa,q995,548,365,183,183,0,303,62,1.0,0.16986301369863013,1.0,0.3765432098765432,0.2903981264637002,0.584931506849315,0.25290465479580526,0.0,0.11313868613138686
estresse_fusaka_2025,sensitivity,insertion,c_completa,IF,IF:c_completa,q999,548,365,183,183,0,360,5,1.0,0.0136986301369863,1.0,0.3370165745856354,0.027027027027027025,0.5068493150684932,0.0679460477532187,0.0,0.009124087591240875
estresse_fusaka_2025,sensitivity,displacement,c_completa,IF,IF:c_completa,q990,72,36,36,27,9,33,3,0.25,0.08333333333333333,0.75,0.45,0.125,0.4166666666666667,-0.22360679774997896,0.25,0.16666666666666666
estresse_fusaka_2025,sensitivity,displacement,c_completa,IF,IF:c_completa,q995,72,36,36,30,6,36,0,0.0,0.0,0.8333333333333334,0.45454545454545453,0.0,0.4166666666666667,-0.30151134457776363,0.16666666666666663,0.08333333333333333
estresse_fusaka_2025,sensitivity,displacement,c_completa,IF,IF:c_completa,q999,72,36,36,36,0,36,0,0.0,0.0,1.0,0.5,0.0,0.5,0.0,0.0,0.0
estresse_fusaka_2025,strict,all,b_sem_taxas_absolutas,AE,AE:b_sem_taxas_absolutas,q990,566,374,192,192,0,370,4,1.0,0.0106951871657754,1.0,0.3416370106761566,0.021164021164021163,0.5053475935828877,0.060447264387542825,0.0,0.007067137809187279
estresse_fusaka_2025,strict,all,b_sem_taxas_absolutas,AE,AE:b_sem_taxas_absolutas,q995,566,374,192,192,0,374,0,0.0,0.0,1.0,0.3392226148409894,0.0,0.5,0.0,0.0,0.0
estresse_fusaka_2025,strict,all,b_sem_taxas_absolutas,AE,AE:b_sem_taxas_absolutas,q999,566,374,192,192,0,374,0,0.0,0.0,1.0,0.3392226148409894,0.0,0.5,0.0,0.0,0.0
estresse_fusaka_2025,strict,insertion,b_sem_taxas_absolutas,AE,AE:b_sem_taxas_absolutas,q990,548,365,183,183,0,361,4,1.0,0.010958904109589041,1.0,0.33639705882352944,0.02168021680216802,0.5054794520547945,0.06071690959193199,0.0,0.0072992700729927005
estresse_fusaka_2025,strict,insertion,b_sem_taxas_absolutas,AE,AE:b_sem_taxas_absolutas,q995,548,365,183,183,0,365,0,0.0,0.0,1.0,0.33394160583941607,0.0,0.5,0.0,0.0,0.0
estresse_fusaka_2025,strict,insertion,b_sem_taxas_absolutas,AE,AE:b_sem_taxas_absolutas,q999,548,365,183,183,0,365,0,0.0,0.0,1.0,0.33394160583941607,0.0,0.5,0.0,0.0,0.0
estresse_fusaka_2025,strict,displacement,b_sem_taxas_absolutas,AE,AE:b_sem_taxas_absolutas,q990,18,9,9,9,0,9,0,0.0,0.0,1.0,0.5,0.0,0.5,0.0,0.0,0.0
estresse_fusaka_2025,strict,displacement,b_sem_taxas_absolutas,AE,AE:b_sem_taxas_absolutas,q995,18,9,9,9,0,9,0,0.0,0.0,1.0,0.5,0.0,0.5,0.0,0.0,0.0
estresse_fusaka_2025,strict,displacement,b_sem_taxas_absolutas,AE,AE:b_sem_taxas_absolutas,q999,18,9,9,9,0,9,0,0.0,0.0,1.0,0.5,0.0,0.5,0.0,0.0,0.0
estresse_fusaka_2025,sensitivity,all,b_sem_taxas_absolutas,AE,AE:b_sem_taxas_absolutas,q990,620,401,219,219,0,397,4,1.0,0.00997506234413965,1.0,0.3555194805194805,0.019753086419753086,0.5049875311720698,0.05955106197825493,0.0,0.0064516129032258064
estresse_fusaka_2025,sensitivity,all,b_sem_taxas_absolutas,AE,AE:b_sem_taxas_absolutas,q995,620,401,219,219,0,401,0,0.0,0.0,1.0,0.3532258064516129,0.0,0.5,0.0,0.0,0.0
estresse_fusaka_2025,sensitivity,all,b_sem_taxas_absolutas,AE,AE:b_sem_taxas_absolutas,q999,620,401,219,219,0,401,0,0.0,0.0,1.0,0.3532258064516129,0.0,0.5,0.0,0.0,0.0
estresse_fusaka_2025,sensitivity,insertion,b_sem_taxas_absolutas,AE,AE:b_sem_taxas_absolutas,q990,548,365,183,183,0,361,4,1.0,0.010958904109589041,1.0,0.33639705882352944,0.02168021680216802,0.5054794520547945,0.06071690959193199,0.0,0.0072992700729927005
estresse_fusaka_2025,sensitivity,insertion,b_sem_taxas_absolutas,AE,AE:b_sem_taxas_absolutas,q995,548,365,183,183,0,365,0,0.0,0.0,1.0,0.33394160583941607,0.0,0.5,0.0,0.0,0.0
estresse_fusaka_2025,sensitivity,insertion,b_sem_taxas_absolutas,AE,AE:b_sem_taxas_absolutas,q999,548,365,183,183,0,365,0,0.0,0.0,1.0,0.33394160583941607,0.0,0.5,0.0,0.0,0.0
estresse_fusaka_2025,sensitivity,displacement,b_sem_taxas_absolutas,AE,AE:b_sem_taxas_absolutas,q990,72,36,36,36,0,36,0,0.0,0.0,1.0,0.5,0.0,0.5,0.0,0.0,0.0
estresse_fusaka_2025,sensitivity,displacement,b_sem_taxas_absolutas,AE,AE:b_sem_taxas_absolutas,q995,72,36,36,36,0,36,0,0.0,0.0,1.0,0.5,0.0,0.5,0.0,0.0,0.0
estresse_fusaka_2025,sensitivity,displacement,b_sem_taxas_absolutas,AE,AE:b_sem_taxas_absolutas,q999,72,36,36,36,0,36,0,0.0,0.0,1.0,0.5,0.0,0.5,0.0,0.0,0.0
estresse_fusaka_2025,strict,all,b_sem_taxas_absolutas,IF,IF:b_sem_taxas_absolutas,q990,566,374,192,191,1,374,0,0.0,0.0,0.9947916666666666,0.3380530973451327,0.0,0.4973958333333333,-0.05871660853620635,0.00520833333333337,0.0017667844522968198
estresse_fusaka_2025,strict,all,b_sem_taxas_absolutas,IF,IF:b_sem_taxas_absolutas,q995,566,374,192,192,0,374,0,0.0,0.0,1.0,0.3392226148409894,0.0,0.5,0.0,0.0,0.0
estresse_fusaka_2025,strict,all,b_sem_taxas_absolutas,IF,IF:b_sem_taxas_absolutas,q999,566,374,192,192,0,374,0,0.0,0.0,1.0,0.3392226148409894,0.0,0.5,0.0,0.0,0.0
estresse_fusaka_2025,strict,insertion,b_sem_taxas_absolutas,IF,IF:b_sem_taxas_absolutas,q990,548,365,183,183,0,365,0,0.0,0.0,1.0,0.33394160583941607,0.0,0.5,0.0,0.0,0.0
estresse_fusaka_2025,strict,insertion,b_sem_taxas_absolutas,IF,IF:b_sem_taxas_absolutas,q995,548,365,183,183,0,365,0,0.0,0.0,1.0,0.33394160583941607,0.0,0.5,0.0,0.0,0.0
estresse_fusaka_2025,strict,insertion,b_sem_taxas_absolutas,IF,IF:b_sem_taxas_absolutas,q999,548,365,183,183,0,365,0,0.0,0.0,1.0,0.33394160583941607,0.0,0.5,0.0,0.0,0.0
estresse_fusaka_2025,strict,displacement,b_sem_taxas_absolutas,IF,IF:b_sem_taxas_absolutas,q990,18,9,9,8,1,9,0,0.0,0.0,0.8888888888888888,0.47058823529411764,0.0,0.4444444444444444,-0.24253562503633297,0.11111111111111116,0.05555555555555555
estresse_fusaka_2025,strict,displacement,b_sem_taxas_absolutas,IF,IF:b_sem_taxas_absolutas,q995,18,9,9,9,0,9,0,0.0,0.0,1.0,0.5,0.0,0.5,0.0,0.0,0.0
estresse_fusaka_2025,strict,displacement,b_sem_taxas_absolutas,IF,IF:b_sem_taxas_absolutas,q999,18,9,9,9,0,9,0,0.0,0.0,1.0,0.5,0.0,0.5,0.0,0.0,0.0
estresse_fusaka_2025,sensitivity,all,b_sem_taxas_absolutas,IF,IF:b_sem_taxas_absolutas,q990,620,401,219,218,1,401,0,0.0,0.0,0.9954337899543378,0.35218093699515346,0.0,0.4977168949771689,-0.05438821483799721,0.004566210045662156,0.0016129032258064516
estresse_fusaka_2025,sensitivity,all,b_sem_taxas_absolutas,IF,IF:b_sem_taxas_absolutas,q995,620,401,219,219,0,401,0,0.0,0.0,1.0,0.3532258064516129,0.0,0.5,0.0,0.0,0.0
estresse_fusaka_2025,sensitivity,all,b_sem_taxas_absolutas,IF,IF:b_sem_taxas_absolutas,q999,620,401,219,219,0,401,0,0.0,0.0,1.0,0.3532258064516129,0.0,0.5,0.0,0.0,0.0
estresse_fusaka_2025,sensitivity,insertion,b_sem_taxas_absolutas,IF,IF:b_sem_taxas_absolutas,q990,548,365,183,183,0,365,0,0.0,0.0,1.0,0.33394160583941607,0.0,0.5,0.0,0.0,0.0
estresse_fusaka_2025,sensitivity,insertion,b_sem_taxas_absolutas,IF,IF:b_sem_taxas_absolutas,q995,548,365,183,183,0,365,0,0.0,0.0,1.0,0.33394160583941607,0.0,0.5,0.0,0.0,0.0
estresse_fusaka_2025,sensitivity,insertion,b_sem_taxas_absolutas,IF,IF:b_sem_taxas_absolutas,q999,548,365,183,183,0,365,0,0.0,0.0,1.0,0.33394160583941607,0.0,0.5,0.0,0.0,0.0
estresse_fusaka_2025,sensitivity,displacement,b_sem_taxas_absolutas,IF,IF:b_sem_taxas_absolutas,q990,72,36,36,35,1,36,0,0.0,0.0,0.9722222222222222,0.49295774647887325,0.0,0.4861111111111111,-0.11867816581938534,0.02777777777777779,0.013888888888888888
estresse_fusaka_2025,sensitivity,displacement,b_sem_taxas_absolutas,IF,IF:b_sem_taxas_absolutas,q995,72,36,36,36,0,36,0,0.0,0.0,1.0,0.5,0.0,0.5,0.0,0.0,0.0
estresse_fusaka_2025,sensitivity,displacement,b_sem_taxas_absolutas,IF,IF:b_sem_taxas_absolutas,q999,72,36,36,36,0,36,0,0.0,0.0,1.0,0.5,0.0,0.5,0.0,0.0,0.0
estresse_fusaka_2025,strict,all,c_sem_taxas_absolutas,AE,AE:c_sem_taxas_absolutas,q990,566,374,192,190,2,370,4,0.6666666666666666,0.0106951871657754,0.9895833333333334,0.3392857142857143,0.021052631578947368,0.5001392602495544,0.0012875791679514182,0.01041666666666663,0.01060070671378092
estresse_fusaka_2025,strict,all,c_sem_taxas_absolutas,AE,AE:c_sem_taxas_absolutas,q995,566,374,192,192,0,370,4,1.0,0.0106951871657754,1.0,0.3416370106761566,0.021164021164021163,0.5053475935828877,0.060447264387542825,0.0,0.007067137809187279
estresse_fusaka_2025,strict,all,c_sem_taxas_absolutas,AE,AE:c_sem_taxas_absolutas,q999,566,374,192,192,0,374,0,0.0,0.0,1.0,0.3392226148409894,0.0,0.5,0.0,0.0,0.0
estresse_fusaka_2025,strict,insertion,c_sem_taxas_absolutas,AE,AE:c_sem_taxas_absolutas,q990,548,365,183,181,2,361,4,0.6666666666666666,0.010958904109589041,0.9890710382513661,0.3339483394833948,0.0215633423180593,0.5000149711804776,0.00013570090690480133,0.010928961748633892,0.010948905109489052
estresse_fusaka_2025,strict,insertion,c_sem_taxas_absolutas,AE,AE:c_sem_taxas_absolutas,q995,548,365,183,183,0,361,4,1.0,0.010958904109589041,1.0,0.33639705882352944,0.02168021680216802,0.5054794520547945,0.06071690959193199,0.0,0.0072992700729927005
estresse_fusaka_2025,strict,insertion,c_sem_taxas_absolutas,AE,AE:c_sem_taxas_absolutas,q999,548,365,183,183,0,365,0,0.0,0.0,1.0,0.33394160583941607,0.0,0.5,0.0,0.0,0.0
estresse_fusaka_2025,strict,displacement,c_sem_taxas_absolutas,AE,AE:c_sem_taxas_absolutas,q990,18,9,9,9,0,9,0,0.0,0.0,1.0,0.5,0.0,0.5,0.0,0.0,0.0
estresse_fusaka_2025,strict,displacement,c_sem_taxas_absolutas,AE,AE:c_sem_taxas_absolutas,q995,18,9,9,9,0,9,0,0.0,0.0,1.0,0.5,0.0,0.5,0.0,0.0,0.0
estresse_fusaka_2025,strict,displacement,c_sem_taxas_absolutas,AE,AE:c_sem_taxas_absolutas,q999,18,9,9,9,0,9,0,0.0,0.0,1.0,0.5,0.0,0.5,0.0,0.0,0.0
estresse_fusaka_2025,sensitivity,all,c_sem_taxas_absolutas,AE,AE:c_sem_taxas_absolutas,q990,620,401,219,217,2,397,4,0.6666666666666666,0.00997506234413965,0.9908675799086758,0.3534201954397394,0.019656019656019652,0.5004213211264077,0.004114126728400004,0.0091324200913242,0.00967741935483871
estresse_fusaka_2025,sensitivity,all,c_sem_taxas_absolutas,AE,AE:c_sem_taxas_absolutas,q995,620,401,219,219,0,397,4,1.0,0.00997506234413965,1.0,0.3555194805194805,0.019753086419753086,0.5049875311720698,0.05955106197825493,0.0,0.0064516129032258064
estresse_fusaka_2025,sensitivity,all,c_sem_taxas_absolutas,AE,AE:c_sem_taxas_absolutas,q999,620,401,219,219,0,401,0,0.0,0.0,1.0,0.3532258064516129,0.0,0.5,0.0,0.0,0.0
estresse_fusaka_2025,sensitivity,insertion,c_sem_taxas_absolutas,AE,AE:c_sem_taxas_absolutas,q990,548,365,183,181,2,361,4,0.6666666666666666,0.010958904109589041,0.9890710382513661,0.3339483394833948,0.0215633423180593,0.5000149711804776,0.00013570090690480133,0.010928961748633892,0.010948905109489052
estresse_fusaka_2025,sensitivity,insertion,c_sem_taxas_absolutas,AE,AE:c_sem_taxas_absolutas,q995,548,365,183,183,0,361,4,1.0,0.010958904109589041,1.0,0.33639705882352944,0.02168021680216802,0.5054794520547945,0.06071690959193199,0.0,0.0072992700729927005
estresse_fusaka_2025,sensitivity,insertion,c_sem_taxas_absolutas,AE,AE:c_sem_taxas_absolutas,q999,548,365,183,183,0,365,0,0.0,0.0,1.0,0.33394160583941607,0.0,0.5,0.0,0.0,0.0
estresse_fusaka_2025,sensitivity,displacement,c_sem_taxas_absolutas,AE,AE:c_sem_taxas_absolutas,q990,72,36,36,36,0,36,0,0.0,0.0,1.0,0.5,0.0,0.5,0.0,0.0,0.0
estresse_fusaka_2025,sensitivity,displacement,c_sem_taxas_absolutas,AE,AE:c_sem_taxas_absolutas,q995,72,36,36,36,0,36,0,0.0,0.0,1.0,0.5,0.0,0.5,0.0,0.0,0.0
estresse_fusaka_2025,sensitivity,displacement,c_sem_taxas_absolutas,AE,AE:c_sem_taxas_absolutas,q999,72,36,36,36,0,36,0,0.0,0.0,1.0,0.5,0.0,0.5,0.0,0.0,0.0
estresse_fusaka_2025,strict,all,c_sem_taxas_absolutas,IF,IF:c_sem_taxas_absolutas,q990,566,374,192,192,0,372,2,1.0,0.0053475935828877,1.0,0.3404255319148936,0.010638297872340425,0.5026737967914439,0.042666818371179464,0.0,0.0035335689045936395
estresse_fusaka_2025,strict,all,c_sem_taxas_absolutas,IF,IF:c_sem_taxas_absolutas,q995,566,374,192,192,0,372,2,1.0,0.0053475935828877,1.0,0.3404255319148936,0.010638297872340425,0.5026737967914439,0.042666818371179464,0.0,0.0035335689045936395
estresse_fusaka_2025,strict,all,c_sem_taxas_absolutas,IF,IF:c_sem_taxas_absolutas,q999,566,374,192,192,0,374,0,0.0,0.0,1.0,0.3392226148409894,0.0,0.5,0.0,0.0,0.0
estresse_fusaka_2025,strict,insertion,c_sem_taxas_absolutas,IF,IF:c_sem_taxas_absolutas,q990,548,365,183,183,0,363,2,1.0,0.005479452054794521,1.0,0.33516483516483514,0.010899182561307902,0.5027397260273972,0.042854633877082916,0.0,0.0036496350364963502
estresse_fusaka_2025,strict,insertion,c_sem_taxas_absolutas,IF,IF:c_sem_taxas_absolutas,q995,548,365,183,183,0,363,2,1.0,0.005479452054794521,1.0,0.33516483516483514,0.010899182561307902,0.5027397260273972,0.042854633877082916,0.0,0.0036496350364963502
estresse_fusaka_2025,strict,insertion,c_sem_taxas_absolutas,IF,IF:c_sem_taxas_absolutas,q999,548,365,183,183,0,365,0,0.0,0.0,1.0,0.33394160583941607,0.0,0.5,0.0,0.0,0.0
estresse_fusaka_2025,strict,displacement,c_sem_taxas_absolutas,IF,IF:c_sem_taxas_absolutas,q990,18,9,9,9,0,9,0,0.0,0.0,1.0,0.5,0.0,0.5,0.0,0.0,0.0
estresse_fusaka_2025,strict,displacement,c_sem_taxas_absolutas,IF,IF:c_sem_taxas_absolutas,q995,18,9,9,9,0,9,0,0.0,0.0,1.0,0.5,0.0,0.5,0.0,0.0,0.0
estresse_fusaka_2025,strict,displacement,c_sem_taxas_absolutas,IF,IF:c_sem_taxas_absolutas,q999,18,9,9,9,0,9,0,0.0,0.0,1.0,0.5,0.0,0.5,0.0,0.0,0.0
estresse_fusaka_2025,sensitivity,all,c_sem_taxas_absolutas,IF,IF:c_sem_taxas_absolutas,q990,620,401,219,219,0,399,2,1.0,0.004987531172069825,1.0,0.35436893203883496,0.009925558312655087,0.5024937655860349,0.04204076705956711,0.0,0.0032258064516129032
estresse_fusaka_2025,sensitivity,all,c_sem_taxas_absolutas,IF,IF:c_sem_taxas_absolutas,q995,620,401,219,219,0,399,2,1.0,0.004987531172069825,1.0,0.35436893203883496,0.009925558312655087,0.5024937655860349,0.04204076705956711,0.0,0.0032258064516129032
estresse_fusaka_2025,sensitivity,all,c_sem_taxas_absolutas,IF,IF:c_sem_taxas_absolutas,q999,620,401,219,219,0,401,0,0.0,0.0,1.0,0.3532258064516129,0.0,0.5,0.0,0.0,0.0
estresse_fusaka_2025,sensitivity,insertion,c_sem_taxas_absolutas,IF,IF:c_sem_taxas_absolutas,q990,548,365,183,183,0,363,2,1.0,0.005479452054794521,1.0,0.33516483516483514,0.010899182561307902,0.5027397260273972,0.042854633877082916,0.0,0.0036496350364963502
estresse_fusaka_2025,sensitivity,insertion,c_sem_taxas_absolutas,IF,IF:c_sem_taxas_absolutas,q995,548,365,183,183,0,363,2,1.0,0.005479452054794521,1.0,0.33516483516483514,0.010899182561307902,0.5027397260273972,0.042854633877082916,0.0,0.0036496350364963502
estresse_fusaka_2025,sensitivity,insertion,c_sem_taxas_absolutas,IF,IF:c_sem_taxas_absolutas,q999,548,365,183,183,0,365,0,0.0,0.0,1.0,0.33394160583941607,0.0,0.5,0.0,0.0,0.0
estresse_fusaka_2025,sensitivity,displacement,c_sem_taxas_absolutas,IF,IF:c_sem_taxas_absolutas,q990,72,36,36,36,0,36,0,0.0,0.0,1.0,0.5,0.0,0.5,0.0,0.0,0.0
estresse_fusaka_2025,sensitivity,displacement,c_sem_taxas_absolutas,IF,IF:c_sem_taxas_absolutas,q995,72,36,36,36,0,36,0,0.0,0.0,1.0,0.5,0.0,0.5,0.0,0.0,0.0
estresse_fusaka_2025,sensitivity,displacement,c_sem_taxas_absolutas,IF,IF:c_sem_taxas_absolutas,q999,72,36,36,36,0,36,0,0.0,0.0,1.0,0.5,0.0,0.5,0.0,0.0,0.0
