split,policy,attack_scope,configuration,method,model,top_fraction,top_n,positives_in_top,precision_at_top,recall_at_top,lift_at_top
estresse_pre_dencun_2024,strict,all,a_completa,AE,AE:a_completa,0.01,5,5,1.0,0.018656716417910446,1.541044776119403
estresse_pre_dencun_2024,strict,all,a_completa,AE,AE:a_completa,0.05,21,16,0.7619047619047619,0.05970149253731343,1.1741293532338308
estresse_pre_dencun_2024,strict,all,a_completa,AE,AE:a_completa,0.1,42,25,0.5952380952380952,0.09328358208955224,0.9172885572139303
estresse_pre_dencun_2024,strict,insertion,a_completa,AE,AE:a_completa,0.01,4,4,1.0,0.016194331983805668,1.5020242914979758
estresse_pre_dencun_2024,strict,insertion,a_completa,AE,AE:a_completa,0.05,19,19,1.0,0.07692307692307693,1.5020242914979758
estresse_pre_dencun_2024,strict,insertion,a_completa,AE,AE:a_completa,0.1,38,26,0.6842105263157895,0.10526315789473684,1.027700831024931
estresse_pre_dencun_2024,strict,displacement,a_completa,AE,AE:a_completa,0.01,1,0,0.0,0.0,0.0
estresse_pre_dencun_2024,strict,displacement,a_completa,AE,AE:a_completa,0.05,3,0,0.0,0.0,0.0
estresse_pre_dencun_2024,strict,displacement,a_completa,AE,AE:a_completa,0.1,5,0,0.0,0.0,0.0
estresse_pre_dencun_2024,sensitivity,all,a_completa,AE,AE:a_completa,0.01,12,9,0.75,0.014705882352941176,1.349264705882353
estresse_pre_dencun_2024,sensitivity,all,a_completa,AE,AE:a_completa,0.05,56,43,0.7678571428571429,0.07026143790849673,1.381390056022409
estresse_pre_dencun_2024,sensitivity,all,a_completa,AE,AE:a_completa,0.1,111,81,0.7297297297297297,0.1323529411764706,1.312798092209857
estresse_pre_dencun_2024,sensitivity,insertion,a_completa,AE,AE:a_completa,0.01,4,4,1.0,0.016194331983805668,1.5020242914979758
estresse_pre_dencun_2024,sensitivity,insertion,a_completa,AE,AE:a_completa,0.05,19,19,1.0,0.07692307692307693,1.5020242914979758
estresse_pre_dencun_2024,sensitivity,insertion,a_completa,AE,AE:a_completa,0.1,38,26,0.6842105263157895,0.10526315789473684,1.027700831024931
estresse_pre_dencun_2024,sensitivity,displacement,a_completa,AE,AE:a_completa,0.01,8,4,0.5,0.010958904109589041,1.0
estresse_pre_dencun_2024,sensitivity,displacement,a_completa,AE,AE:a_completa,0.05,37,24,0.6486486486486487,0.06575342465753424,1.2972972972972974
estresse_pre_dencun_2024,sensitivity,displacement,a_completa,AE,AE:a_completa,0.1,73,49,0.6712328767123288,0.13424657534246576,1.3424657534246576
estresse_pre_dencun_2024,strict,all,a_completa,IF,IF:a_completa,0.01,5,3,0.6,0.011194029850746268,0.9246268656716418
estresse_pre_dencun_2024,strict,all,a_completa,IF,IF:a_completa,0.05,21,12,0.5714285714285714,0.04477611940298507,0.8805970149253731
estresse_pre_dencun_2024,strict,all,a_completa,IF,IF:a_completa,0.1,42,25,0.5952380952380952,0.09328358208955224,0.9172885572139303
estresse_pre_dencun_2024,strict,insertion,a_completa,IF,IF:a_completa,0.01,4,4,1.0,0.016194331983805668,1.5020242914979758
estresse_pre_dencun_2024,strict,insertion,a_completa,IF,IF:a_completa,0.05,19,19,1.0,0.07692307692307693,1.5020242914979758
estresse_pre_dencun_2024,strict,insertion,a_completa,IF,IF:a_completa,0.1,38,38,1.0,0.15384615384615385,1.5020242914979758
estresse_pre_dencun_2024,strict,displacement,a_completa,IF,IF:a_completa,0.01,1,0,0.0,0.0,0.0
estresse_pre_dencun_2024,strict,displacement,a_completa,IF,IF:a_completa,0.05,3,0,0.0,0.0,0.0
estresse_pre_dencun_2024,strict,displacement,a_completa,IF,IF:a_completa,0.1,5,0,0.0,0.0,0.0
estresse_pre_dencun_2024,sensitivity,all,a_completa,IF,IF:a_completa,0.01,12,7,0.5833333333333334,0.011437908496732025,1.0494281045751634
estresse_pre_dencun_2024,sensitivity,all,a_completa,IF,IF:a_completa,0.05,56,36,0.6428571428571429,0.058823529411764705,1.156512605042017
estresse_pre_dencun_2024,sensitivity,all,a_completa,IF,IF:a_completa,0.1,111,76,0.6846846846846847,0.12418300653594772,1.2317611729376436
estresse_pre_dencun_2024,sensitivity,insertion,a_completa,IF,IF:a_completa,0.01,4,4,1.0,0.016194331983805668,1.5020242914979758
estresse_pre_dencun_2024,sensitivity,insertion,a_completa,IF,IF:a_completa,0.05,19,19,1.0,0.07692307692307693,1.5020242914979758
estresse_pre_dencun_2024,sensitivity,insertion,a_completa,IF,IF:a_completa,0.1,38,38,1.0,0.15384615384615385,1.5020242914979758
estresse_pre_dencun_2024,sensitivity,displacement,a_completa,IF,IF:a_completa,0.01,8,0,0.0,0.0,0.0
estresse_pre_dencun_2024,sensitivity,displacement,a_completa,IF,IF:a_completa,0.05,37,12,0.32432432432432434,0.03287671232876712,0.6486486486486487
estresse_pre_dencun_2024,sensitivity,displacement,a_completa,IF,IF:a_completa,0.1,73,32,0.4383561643835616,0.08767123287671233,0.8767123287671232
estresse_pre_dencun_2024,strict,all,b_completa,AE,AE:b_completa,0.01,5,4,0.8,0.014925373134328358,1.2328358208955223
estresse_pre_dencun_2024,strict,all,b_completa,AE,AE:b_completa,0.05,21,13,0.6190476190476191,0.048507462686567165,0.9539800995024876
estresse_pre_dencun_2024,strict,all,b_completa,AE,AE:b_completa,0.1,42,27,0.6428571428571429,0.10074626865671642,0.9906716417910448
estresse_pre_dencun_2024,strict,insertion,b_completa,AE,AE:b_completa,0.01,4,3,0.75,0.012145748987854251,1.126518218623482
estresse_pre_dencun_2024,strict,insertion,b_completa,AE,AE:b_completa,0.05,19,12,0.631578947368421,0.048582995951417005,0.9486469209460899
estresse_pre_dencun_2024,strict,insertion,b_completa,AE,AE:b_completa,0.1,38,25,0.6578947368421053,0.10121457489878542,0.9881738759855104
estresse_pre_dencun_2024,strict,displacement,b_completa,AE,AE:b_completa,0.01,1,0,0.0,0.0,0.0
estresse_pre_dencun_2024,strict,displacement,b_completa,AE,AE:b_completa,0.05,3,2,0.6666666666666666,0.09523809523809523,1.3333333333333333
estresse_pre_dencun_2024,strict,displacement,b_completa,AE,AE:b_completa,0.1,5,2,0.4,0.09523809523809523,0.8
estresse_pre_dencun_2024,sensitivity,all,b_completa,AE,AE:b_completa,0.01,12,7,0.5833333333333334,0.011437908496732025,1.0494281045751634
estresse_pre_dencun_2024,sensitivity,all,b_completa,AE,AE:b_completa,0.05,56,30,0.5357142857142857,0.049019607843137254,0.9637605042016807
estresse_pre_dencun_2024,sensitivity,all,b_completa,AE,AE:b_completa,0.1,111,64,0.5765765765765766,0.10457516339869281,1.0372725666843314
estresse_pre_dencun_2024,sensitivity,insertion,b_completa,AE,AE:b_completa,0.01,4,3,0.75,0.012145748987854251,1.126518218623482
estresse_pre_dencun_2024,sensitivity,insertion,b_completa,AE,AE:b_completa,0.05,19,12,0.631578947368421,0.048582995951417005,0.9486469209460899
estresse_pre_dencun_2024,sensitivity,insertion,b_completa,AE,AE:b_completa,0.1,38,25,0.6578947368421053,0.10121457489878542,0.9881738759855104
estresse_pre_dencun_2024,sensitivity,displacement,b_completa,AE,AE:b_completa,0.01,8,4,0.5,0.010958904109589041,1.0
estresse_pre_dencun_2024,sensitivity,displacement,b_completa,AE,AE:b_completa,0.05,37,18,0.4864864864864865,0.049315068493150684,0.972972972972973
estresse_pre_dencun_2024,sensitivity,displacement,b_completa,AE,AE:b_completa,0.1,73,38,0.5205479452054794,0.10410958904109589,1.0410958904109588
estresse_pre_dencun_2024,strict,all,b_completa,IF,IF:b_completa,0.01,5,0,0.0,0.0,0.0
estresse_pre_dencun_2024,strict,all,b_completa,IF,IF:b_completa,0.05,21,8,0.38095238095238093,0.029850746268656716,0.5870646766169154
estresse_pre_dencun_2024,strict,all,b_completa,IF,IF:b_completa,0.1,42,25,0.5952380952380952,0.09328358208955224,0.9172885572139303
estresse_pre_dencun_2024,strict,insertion,b_completa,IF,IF:b_completa,0.01,4,4,1.0,0.016194331983805668,1.5020242914979758
estresse_pre_dencun_2024,strict,insertion,b_completa,IF,IF:b_completa,0.05,19,19,1.0,0.07692307692307693,1.5020242914979758
estresse_pre_dencun_2024,strict,insertion,b_completa,IF,IF:b_completa,0.1,38,38,1.0,0.15384615384615385,1.5020242914979758
estresse_pre_dencun_2024,strict,displacement,b_completa,IF,IF:b_completa,0.01,1,0,0.0,0.0,0.0
estresse_pre_dencun_2024,strict,displacement,b_completa,IF,IF:b_completa,0.05,3,0,0.0,0.0,0.0
estresse_pre_dencun_2024,strict,displacement,b_completa,IF,IF:b_completa,0.1,5,0,0.0,0.0,0.0
estresse_pre_dencun_2024,sensitivity,all,b_completa,IF,IF:b_completa,0.01,12,3,0.25,0.004901960784313725,0.4497549019607843
estresse_pre_dencun_2024,sensitivity,all,b_completa,IF,IF:b_completa,0.05,56,34,0.6071428571428571,0.05555555555555555,1.0922619047619047
estresse_pre_dencun_2024,sensitivity,all,b_completa,IF,IF:b_completa,0.1,111,78,0.7027027027027027,0.12745098039215685,1.264175940646529
estresse_pre_dencun_2024,sensitivity,insertion,b_completa,IF,IF:b_completa,0.01,4,4,1.0,0.016194331983805668,1.5020242914979758
estresse_pre_dencun_2024,sensitivity,insertion,b_completa,IF,IF:b_completa,0.05,19,19,1.0,0.07692307692307693,1.5020242914979758
estresse_pre_dencun_2024,sensitivity,insertion,b_completa,IF,IF:b_completa,0.1,38,38,1.0,0.15384615384615385,1.5020242914979758
estresse_pre_dencun_2024,sensitivity,displacement,b_completa,IF,IF:b_completa,0.01,8,0,0.0,0.0,0.0
estresse_pre_dencun_2024,sensitivity,displacement,b_completa,IF,IF:b_completa,0.05,37,11,0.2972972972972973,0.030136986301369864,0.5945945945945946
estresse_pre_dencun_2024,sensitivity,displacement,b_completa,IF,IF:b_completa,0.1,73,31,0.4246575342465753,0.08493150684931507,0.8493150684931506
estresse_pre_dencun_2024,strict,all,c_completa,AE,AE:c_completa,0.01,5,3,0.6,0.011194029850746268,0.9246268656716418
estresse_pre_dencun_2024,strict,all,c_completa,AE,AE:c_completa,0.05,21,16,0.7619047619047619,0.05970149253731343,1.1741293532338308
estresse_pre_dencun_2024,strict,all,c_completa,AE,AE:c_completa,0.1,42,29,0.6904761904761905,0.10820895522388059,1.0640547263681592
estresse_pre_dencun_2024,strict,insertion,c_completa,AE,AE:c_completa,0.01,4,3,0.75,0.012145748987854251,1.126518218623482
estresse_pre_dencun_2024,strict,insertion,c_completa,AE,AE:c_completa,0.05,19,16,0.8421052631578947,0.06477732793522267,1.2648625612614532
estresse_pre_dencun_2024,strict,insertion,c_completa,AE,AE:c_completa,0.1,38,27,0.7105263157894737,0.10931174089068826,1.0672277860643513
estresse_pre_dencun_2024,strict,displacement,c_completa,AE,AE:c_completa,0.01,1,0,0.0,0.0,0.0
estresse_pre_dencun_2024,strict,displacement,c_completa,AE,AE:c_completa,0.05,3,2,0.6666666666666666,0.09523809523809523,1.3333333333333333
estresse_pre_dencun_2024,strict,displacement,c_completa,AE,AE:c_completa,0.1,5,2,0.4,0.09523809523809523,0.8
estresse_pre_dencun_2024,sensitivity,all,c_completa,AE,AE:c_completa,0.01,12,2,0.16666666666666666,0.0032679738562091504,0.29983660130718953
estresse_pre_dencun_2024,sensitivity,all,c_completa,AE,AE:c_completa,0.05,56,25,0.44642857142857145,0.04084967320261438,0.8031337535014006
estresse_pre_dencun_2024,sensitivity,all,c_completa,AE,AE:c_completa,0.1,111,43,0.38738738738738737,0.07026143790849673,0.6969175057410352
estresse_pre_dencun_2024,sensitivity,insertion,c_completa,AE,AE:c_completa,0.01,4,3,0.75,0.012145748987854251,1.126518218623482
estresse_pre_dencun_2024,sensitivity,insertion,c_completa,AE,AE:c_completa,0.05,19,16,0.8421052631578947,0.06477732793522267,1.2648625612614532
estresse_pre_dencun_2024,sensitivity,insertion,c_completa,AE,AE:c_completa,0.1,38,27,0.7105263157894737,0.10931174089068826,1.0672277860643513
estresse_pre_dencun_2024,sensitivity,displacement,c_completa,AE,AE:c_completa,0.01,8,1,0.125,0.0027397260273972603,0.25
estresse_pre_dencun_2024,sensitivity,displacement,c_completa,AE,AE:c_completa,0.05,37,12,0.32432432432432434,0.03287671232876712,0.6486486486486487
estresse_pre_dencun_2024,sensitivity,displacement,c_completa,AE,AE:c_completa,0.1,73,22,0.3013698630136986,0.06027397260273973,0.6027397260273972
estresse_pre_dencun_2024,strict,all,c_completa,IF,IF:c_completa,0.01,5,3,0.6,0.011194029850746268,0.9246268656716418
estresse_pre_dencun_2024,strict,all,c_completa,IF,IF:c_completa,0.05,21,11,0.5238095238095238,0.041044776119402986,0.8072139303482587
estresse_pre_dencun_2024,strict,all,c_completa,IF,IF:c_completa,0.1,42,29,0.6904761904761905,0.10820895522388059,1.0640547263681592
estresse_pre_dencun_2024,strict,insertion,c_completa,IF,IF:c_completa,0.01,4,4,1.0,0.016194331983805668,1.5020242914979758
estresse_pre_dencun_2024,strict,insertion,c_completa,IF,IF:c_completa,0.05,19,19,1.0,0.07692307692307693,1.5020242914979758
estresse_pre_dencun_2024,strict,insertion,c_completa,IF,IF:c_completa,0.1,38,38,1.0,0.15384615384615385,1.5020242914979758
estresse_pre_dencun_2024,strict,displacement,c_completa,IF,IF:c_completa,0.01,1,0,0.0,0.0,0.0
estresse_pre_dencun_2024,strict,displacement,c_completa,IF,IF:c_completa,0.05,3,0,0.0,0.0,0.0
estresse_pre_dencun_2024,strict,displacement,c_completa,IF,IF:c_completa,0.1,5,0,0.0,0.0,0.0
estresse_pre_dencun_2024,sensitivity,all,c_completa,IF,IF:c_completa,0.01,12,7,0.5833333333333334,0.011437908496732025,1.0494281045751634
estresse_pre_dencun_2024,sensitivity,all,c_completa,IF,IF:c_completa,0.05,56,37,0.6607142857142857,0.06045751633986928,1.1886379551820727
estresse_pre_dencun_2024,sensitivity,all,c_completa,IF,IF:c_completa,0.1,111,72,0.6486486486486487,0.11764705882352941,1.1669316375198728
estresse_pre_dencun_2024,sensitivity,insertion,c_completa,IF,IF:c_completa,0.01,4,4,1.0,0.016194331983805668,1.5020242914979758
estresse_pre_dencun_2024,sensitivity,insertion,c_completa,IF,IF:c_completa,0.05,19,19,1.0,0.07692307692307693,1.5020242914979758
estresse_pre_dencun_2024,sensitivity,insertion,c_completa,IF,IF:c_completa,0.1,38,38,1.0,0.15384615384615385,1.5020242914979758
estresse_pre_dencun_2024,sensitivity,displacement,c_completa,IF,IF:c_completa,0.01,8,3,0.375,0.00821917808219178,0.75
estresse_pre_dencun_2024,sensitivity,displacement,c_completa,IF,IF:c_completa,0.05,37,15,0.40540540540540543,0.0410958904109589,0.8108108108108109
estresse_pre_dencun_2024,sensitivity,displacement,c_completa,IF,IF:c_completa,0.1,73,30,0.410958904109589,0.0821917808219178,0.821917808219178
estresse_pre_dencun_2024,strict,all,b_sem_taxas_absolutas,AE,AE:b_sem_taxas_absolutas,0.01,5,2,0.4,0.007462686567164179,0.6164179104477612
estresse_pre_dencun_2024,strict,all,b_sem_taxas_absolutas,AE,AE:b_sem_taxas_absolutas,0.05,21,6,0.2857142857142857,0.022388059701492536,0.44029850746268656
estresse_pre_dencun_2024,strict,all,b_sem_taxas_absolutas,AE,AE:b_sem_taxas_absolutas,0.1,42,19,0.4523809523809524,0.0708955223880597,0.697139303482587
estresse_pre_dencun_2024,strict,insertion,b_sem_taxas_absolutas,AE,AE:b_sem_taxas_absolutas,0.01,4,3,0.75,0.012145748987854251,1.126518218623482
estresse_pre_dencun_2024,strict,insertion,b_sem_taxas_absolutas,AE,AE:b_sem_taxas_absolutas,0.05,19,12,0.631578947368421,0.048582995951417005,0.9486469209460899
estresse_pre_dencun_2024,strict,insertion,b_sem_taxas_absolutas,AE,AE:b_sem_taxas_absolutas,0.1,38,26,0.6842105263157895,0.10526315789473684,1.027700831024931
estresse_pre_dencun_2024,strict,displacement,b_sem_taxas_absolutas,AE,AE:b_sem_taxas_absolutas,0.01,1,0,0.0,0.0,0.0
estresse_pre_dencun_2024,strict,displacement,b_sem_taxas_absolutas,AE,AE:b_sem_taxas_absolutas,0.05,3,0,0.0,0.0,0.0
estresse_pre_dencun_2024,strict,displacement,b_sem_taxas_absolutas,AE,AE:b_sem_taxas_absolutas,0.1,5,0,0.0,0.0,0.0
estresse_pre_dencun_2024,sensitivity,all,b_sem_taxas_absolutas,AE,AE:b_sem_taxas_absolutas,0.01,12,5,0.4166666666666667,0.008169934640522876,0.7495915032679739
estresse_pre_dencun_2024,sensitivity,all,b_sem_taxas_absolutas,AE,AE:b_sem_taxas_absolutas,0.05,56,27,0.48214285714285715,0.04411764705882353,0.8673844537815126
estresse_pre_dencun_2024,sensitivity,all,b_sem_taxas_absolutas,AE,AE:b_sem_taxas_absolutas,0.1,111,52,0.46846846846846846,0.08496732026143791,0.8427839604310192
estresse_pre_dencun_2024,sensitivity,insertion,b_sem_taxas_absolutas,AE,AE:b_sem_taxas_absolutas,0.01,4,3,0.75,0.012145748987854251,1.126518218623482
estresse_pre_dencun_2024,sensitivity,insertion,b_sem_taxas_absolutas,AE,AE:b_sem_taxas_absolutas,0.05,19,12,0.631578947368421,0.048582995951417005,0.9486469209460899
estresse_pre_dencun_2024,sensitivity,insertion,b_sem_taxas_absolutas,AE,AE:b_sem_taxas_absolutas,0.1,38,26,0.6842105263157895,0.10526315789473684,1.027700831024931
estresse_pre_dencun_2024,sensitivity,displacement,b_sem_taxas_absolutas,AE,AE:b_sem_taxas_absolutas,0.01,8,3,0.375,0.00821917808219178,0.75
estresse_pre_dencun_2024,sensitivity,displacement,b_sem_taxas_absolutas,AE,AE:b_sem_taxas_absolutas,0.05,37,13,0.35135135135135137,0.03561643835616438,0.7027027027027027
estresse_pre_dencun_2024,sensitivity,displacement,b_sem_taxas_absolutas,AE,AE:b_sem_taxas_absolutas,0.1,73,30,0.410958904109589,0.0821917808219178,0.821917808219178
estresse_pre_dencun_2024,strict,all,b_sem_taxas_absolutas,IF,IF:b_sem_taxas_absolutas,0.01,5,0,0.0,0.0,0.0
estresse_pre_dencun_2024,strict,all,b_sem_taxas_absolutas,IF,IF:b_sem_taxas_absolutas,0.05,21,7,0.3333333333333333,0.026119402985074626,0.513681592039801
estresse_pre_dencun_2024,strict,all,b_sem_taxas_absolutas,IF,IF:b_sem_taxas_absolutas,0.1,42,21,0.5,0.07835820895522388,0.7705223880597015
estresse_pre_dencun_2024,strict,insertion,b_sem_taxas_absolutas,IF,IF:b_sem_taxas_absolutas,0.01,4,4,1.0,0.016194331983805668,1.5020242914979758
estresse_pre_dencun_2024,strict,insertion,b_sem_taxas_absolutas,IF,IF:b_sem_taxas_absolutas,0.05,19,19,1.0,0.07692307692307693,1.5020242914979758
estresse_pre_dencun_2024,strict,insertion,b_sem_taxas_absolutas,IF,IF:b_sem_taxas_absolutas,0.1,38,34,0.8947368421052632,0.13765182186234817,1.3439164713402942
estresse_pre_dencun_2024,strict,displacement,b_sem_taxas_absolutas,IF,IF:b_sem_taxas_absolutas,0.01,1,0,0.0,0.0,0.0
estresse_pre_dencun_2024,strict,displacement,b_sem_taxas_absolutas,IF,IF:b_sem_taxas_absolutas,0.05,3,0,0.0,0.0,0.0
estresse_pre_dencun_2024,strict,displacement,b_sem_taxas_absolutas,IF,IF:b_sem_taxas_absolutas,0.1,5,0,0.0,0.0,0.0
estresse_pre_dencun_2024,sensitivity,all,b_sem_taxas_absolutas,IF,IF:b_sem_taxas_absolutas,0.01,12,2,0.16666666666666666,0.0032679738562091504,0.29983660130718953
estresse_pre_dencun_2024,sensitivity,all,b_sem_taxas_absolutas,IF,IF:b_sem_taxas_absolutas,0.05,56,25,0.44642857142857145,0.04084967320261438,0.8031337535014006
estresse_pre_dencun_2024,sensitivity,all,b_sem_taxas_absolutas,IF,IF:b_sem_taxas_absolutas,0.1,111,55,0.4954954954954955,0.08986928104575163,0.8914061119943473
estresse_pre_dencun_2024,sensitivity,insertion,b_sem_taxas_absolutas,IF,IF:b_sem_taxas_absolutas,0.01,4,4,1.0,0.016194331983805668,1.5020242914979758
estresse_pre_dencun_2024,sensitivity,insertion,b_sem_taxas_absolutas,IF,IF:b_sem_taxas_absolutas,0.05,19,19,1.0,0.07692307692307693,1.5020242914979758
estresse_pre_dencun_2024,sensitivity,insertion,b_sem_taxas_absolutas,IF,IF:b_sem_taxas_absolutas,0.1,38,34,0.8947368421052632,0.13765182186234817,1.3439164713402942
estresse_pre_dencun_2024,sensitivity,displacement,b_sem_taxas_absolutas,IF,IF:b_sem_taxas_absolutas,0.01,8,0,0.0,0.0,0.0
estresse_pre_dencun_2024,sensitivity,displacement,b_sem_taxas_absolutas,IF,IF:b_sem_taxas_absolutas,0.05,37,11,0.2972972972972973,0.030136986301369864,0.5945945945945946
estresse_pre_dencun_2024,sensitivity,displacement,b_sem_taxas_absolutas,IF,IF:b_sem_taxas_absolutas,0.1,73,31,0.4246575342465753,0.08493150684931507,0.8493150684931506
estresse_pre_dencun_2024,strict,all,c_sem_taxas_absolutas,AE,AE:c_sem_taxas_absolutas,0.01,5,2,0.4,0.007462686567164179,0.6164179104477612
estresse_pre_dencun_2024,strict,all,c_sem_taxas_absolutas,AE,AE:c_sem_taxas_absolutas,0.05,21,4,0.19047619047619047,0.014925373134328358,0.2935323383084577
estresse_pre_dencun_2024,strict,all,c_sem_taxas_absolutas,AE,AE:c_sem_taxas_absolutas,0.1,42,16,0.38095238095238093,0.05970149253731343,0.5870646766169154
estresse_pre_dencun_2024,strict,insertion,c_sem_taxas_absolutas,AE,AE:c_sem_taxas_absolutas,0.01,4,0,0.0,0.0,0.0
estresse_pre_dencun_2024,strict,insertion,c_sem_taxas_absolutas,AE,AE:c_sem_taxas_absolutas,0.05,19,10,0.5263157894736842,0.04048582995951417,0.7905391007884083
estresse_pre_dencun_2024,strict,insertion,c_sem_taxas_absolutas,AE,AE:c_sem_taxas_absolutas,0.1,38,23,0.6052631578947368,0.0931174089068826,0.9091199659066695
estresse_pre_dencun_2024,strict,displacement,c_sem_taxas_absolutas,AE,AE:c_sem_taxas_absolutas,0.01,1,0,0.0,0.0,0.0
estresse_pre_dencun_2024,strict,displacement,c_sem_taxas_absolutas,AE,AE:c_sem_taxas_absolutas,0.05,3,1,0.3333333333333333,0.047619047619047616,0.6666666666666666
estresse_pre_dencun_2024,strict,displacement,c_sem_taxas_absolutas,AE,AE:c_sem_taxas_absolutas,0.1,5,2,0.4,0.09523809523809523,0.8
estresse_pre_dencun_2024,sensitivity,all,c_sem_taxas_absolutas,AE,AE:c_sem_taxas_absolutas,0.01,12,6,0.5,0.00980392156862745,0.8995098039215687
estresse_pre_dencun_2024,sensitivity,all,c_sem_taxas_absolutas,AE,AE:c_sem_taxas_absolutas,0.05,56,24,0.42857142857142855,0.0392156862745098,0.7710084033613445
estresse_pre_dencun_2024,sensitivity,all,c_sem_taxas_absolutas,AE,AE:c_sem_taxas_absolutas,0.1,111,41,0.36936936936936937,0.06699346405228758,0.6645027380321498
estresse_pre_dencun_2024,sensitivity,insertion,c_sem_taxas_absolutas,AE,AE:c_sem_taxas_absolutas,0.01,4,0,0.0,0.0,0.0
estresse_pre_dencun_2024,sensitivity,insertion,c_sem_taxas_absolutas,AE,AE:c_sem_taxas_absolutas,0.05,19,10,0.5263157894736842,0.04048582995951417,0.7905391007884083
estresse_pre_dencun_2024,sensitivity,insertion,c_sem_taxas_absolutas,AE,AE:c_sem_taxas_absolutas,0.1,38,23,0.6052631578947368,0.0931174089068826,0.9091199659066695
estresse_pre_dencun_2024,sensitivity,displacement,c_sem_taxas_absolutas,AE,AE:c_sem_taxas_absolutas,0.01,8,4,0.5,0.010958904109589041,1.0
estresse_pre_dencun_2024,sensitivity,displacement,c_sem_taxas_absolutas,AE,AE:c_sem_taxas_absolutas,0.05,37,21,0.5675675675675675,0.057534246575342465,1.135135135135135
estresse_pre_dencun_2024,sensitivity,displacement,c_sem_taxas_absolutas,AE,AE:c_sem_taxas_absolutas,0.1,73,33,0.4520547945205479,0.09041095890410959,0.9041095890410958
estresse_pre_dencun_2024,strict,all,c_sem_taxas_absolutas,IF,IF:c_sem_taxas_absolutas,0.01,5,2,0.4,0.007462686567164179,0.6164179104477612
estresse_pre_dencun_2024,strict,all,c_sem_taxas_absolutas,IF,IF:c_sem_taxas_absolutas,0.05,21,8,0.38095238095238093,0.029850746268656716,0.5870646766169154
estresse_pre_dencun_2024,strict,all,c_sem_taxas_absolutas,IF,IF:c_sem_taxas_absolutas,0.1,42,21,0.5,0.07835820895522388,0.7705223880597015
estresse_pre_dencun_2024,strict,insertion,c_sem_taxas_absolutas,IF,IF:c_sem_taxas_absolutas,0.01,4,4,1.0,0.016194331983805668,1.5020242914979758
estresse_pre_dencun_2024,strict,insertion,c_sem_taxas_absolutas,IF,IF:c_sem_taxas_absolutas,0.05,19,18,0.9473684210526315,0.0728744939271255,1.422970381419135
estresse_pre_dencun_2024,strict,insertion,c_sem_taxas_absolutas,IF,IF:c_sem_taxas_absolutas,0.1,38,32,0.8421052631578947,0.12955465587044535,1.2648625612614532
estresse_pre_dencun_2024,strict,displacement,c_sem_taxas_absolutas,IF,IF:c_sem_taxas_absolutas,0.01,1,0,0.0,0.0,0.0
estresse_pre_dencun_2024,strict,displacement,c_sem_taxas_absolutas,IF,IF:c_sem_taxas_absolutas,0.05,3,0,0.0,0.0,0.0
estresse_pre_dencun_2024,strict,displacement,c_sem_taxas_absolutas,IF,IF:c_sem_taxas_absolutas,0.1,5,0,0.0,0.0,0.0
estresse_pre_dencun_2024,sensitivity,all,c_sem_taxas_absolutas,IF,IF:c_sem_taxas_absolutas,0.01,12,4,0.3333333333333333,0.006535947712418301,0.5996732026143791
estresse_pre_dencun_2024,sensitivity,all,c_sem_taxas_absolutas,IF,IF:c_sem_taxas_absolutas,0.05,56,27,0.48214285714285715,0.04411764705882353,0.8673844537815126
estresse_pre_dencun_2024,sensitivity,all,c_sem_taxas_absolutas,IF,IF:c_sem_taxas_absolutas,0.1,111,56,0.5045045045045045,0.0915032679738562,0.9076134958487899
estresse_pre_dencun_2024,sensitivity,insertion,c_sem_taxas_absolutas,IF,IF:c_sem_taxas_absolutas,0.01,4,4,1.0,0.016194331983805668,1.5020242914979758
estresse_pre_dencun_2024,sensitivity,insertion,c_sem_taxas_absolutas,IF,IF:c_sem_taxas_absolutas,0.05,19,18,0.9473684210526315,0.0728744939271255,1.422970381419135
estresse_pre_dencun_2024,sensitivity,insertion,c_sem_taxas_absolutas,IF,IF:c_sem_taxas_absolutas,0.1,38,32,0.8421052631578947,0.12955465587044535,1.2648625612614532
estresse_pre_dencun_2024,sensitivity,displacement,c_sem_taxas_absolutas,IF,IF:c_sem_taxas_absolutas,0.01,8,1,0.125,0.0027397260273972603,0.25
estresse_pre_dencun_2024,sensitivity,displacement,c_sem_taxas_absolutas,IF,IF:c_sem_taxas_absolutas,0.05,37,11,0.2972972972972973,0.030136986301369864,0.5945945945945946
estresse_pre_dencun_2024,sensitivity,displacement,c_sem_taxas_absolutas,IF,IF:c_sem_taxas_absolutas,0.1,73,31,0.4246575342465753,0.08493150684931507,0.8493150684931506
transicao_dencun_2024,strict,all,a_completa,AE,AE:a_completa,0.01,2,2,1.0,0.023255813953488372,1.5116279069767442
transicao_dencun_2024,strict,all,a_completa,AE,AE:a_completa,0.05,7,6,0.8571428571428571,0.06976744186046512,1.2956810631229236
transicao_dencun_2024,strict,all,a_completa,AE,AE:a_completa,0.1,13,10,0.7692307692307693,0.11627906976744186,1.1627906976744187
transicao_dencun_2024,strict,insertion,a_completa,AE,AE:a_completa,0.01,2,2,1.0,0.023529411764705882,1.5058823529411764
transicao_dencun_2024,strict,insertion,a_completa,AE,AE:a_completa,0.05,7,6,0.8571428571428571,0.07058823529411765,1.2907563025210083
transicao_dencun_2024,strict,insertion,a_completa,AE,AE:a_completa,0.1,13,11,0.8461538461538461,0.12941176470588237,1.27420814479638
transicao_dencun_2024,strict,displacement,a_completa,AE,AE:a_completa,0.01,1,0,0.0,0.0,0.0
transicao_dencun_2024,strict,displacement,a_completa,AE,AE:a_completa,0.05,1,0,0.0,0.0,0.0
transicao_dencun_2024,strict,displacement,a_completa,AE,AE:a_completa,0.1,1,0,0.0,0.0,0.0
transicao_dencun_2024,sensitivity,all,a_completa,AE,AE:a_completa,0.01,3,3,1.0,0.02054794520547945,1.7123287671232879
transicao_dencun_2024,sensitivity,all,a_completa,AE,AE:a_completa,0.05,13,9,0.6923076923076923,0.06164383561643835,1.1854583772391991
transicao_dencun_2024,sensitivity,all,a_completa,AE,AE:a_completa,0.1,25,20,0.8,0.136986301369863,1.3698630136986303
transicao_dencun_2024,sensitivity,insertion,a_completa,AE,AE:a_completa,0.01,2,2,1.0,0.023529411764705882,1.5058823529411764
transicao_dencun_2024,sensitivity,insertion,a_completa,AE,AE:a_completa,0.05,7,6,0.8571428571428571,0.07058823529411765,1.2907563025210083
transicao_dencun_2024,sensitivity,insertion,a_completa,AE,AE:a_completa,0.1,13,11,0.8461538461538461,0.12941176470588237,1.27420814479638
transicao_dencun_2024,sensitivity,displacement,a_completa,AE,AE:a_completa,0.01,2,1,0.5,0.01639344262295082,1.0
transicao_dencun_2024,sensitivity,displacement,a_completa,AE,AE:a_completa,0.05,7,4,0.5714285714285714,0.06557377049180328,1.1428571428571428
transicao_dencun_2024,sensitivity,displacement,a_completa,AE,AE:a_completa,0.1,13,9,0.6923076923076923,0.14754098360655737,1.3846153846153846
transicao_dencun_2024,strict,all,a_completa,IF,IF:a_completa,0.01,2,2,1.0,0.023255813953488372,1.5116279069767442
transicao_dencun_2024,strict,all,a_completa,IF,IF:a_completa,0.05,7,7,1.0,0.08139534883720931,1.5116279069767442
transicao_dencun_2024,strict,all,a_completa,IF,IF:a_completa,0.1,13,13,1.0,0.1511627906976744,1.5116279069767442
transicao_dencun_2024,strict,insertion,a_completa,IF,IF:a_completa,0.01,2,2,1.0,0.023529411764705882,1.5058823529411764
transicao_dencun_2024,strict,insertion,a_completa,IF,IF:a_completa,0.05,7,7,1.0,0.08235294117647059,1.5058823529411764
transicao_dencun_2024,strict,insertion,a_completa,IF,IF:a_completa,0.1,13,13,1.0,0.15294117647058825,1.5058823529411764
transicao_dencun_2024,strict,displacement,a_completa,IF,IF:a_completa,0.01,1,0,0.0,0.0,0.0
transicao_dencun_2024,strict,displacement,a_completa,IF,IF:a_completa,0.05,1,0,0.0,0.0,0.0
transicao_dencun_2024,strict,displacement,a_completa,IF,IF:a_completa,0.1,1,0,0.0,0.0,0.0
transicao_dencun_2024,sensitivity,all,a_completa,IF,IF:a_completa,0.01,3,3,1.0,0.02054794520547945,1.7123287671232879
transicao_dencun_2024,sensitivity,all,a_completa,IF,IF:a_completa,0.05,13,13,1.0,0.08904109589041095,1.7123287671232879
transicao_dencun_2024,sensitivity,all,a_completa,IF,IF:a_completa,0.1,25,24,0.96,0.1643835616438356,1.6438356164383563
transicao_dencun_2024,sensitivity,insertion,a_completa,IF,IF:a_completa,0.01,2,2,1.0,0.023529411764705882,1.5058823529411764
transicao_dencun_2024,sensitivity,insertion,a_completa,IF,IF:a_completa,0.05,7,7,1.0,0.08235294117647059,1.5058823529411764
transicao_dencun_2024,sensitivity,insertion,a_completa,IF,IF:a_completa,0.1,13,13,1.0,0.15294117647058825,1.5058823529411764
transicao_dencun_2024,sensitivity,displacement,a_completa,IF,IF:a_completa,0.01,2,0,0.0,0.0,0.0
transicao_dencun_2024,sensitivity,displacement,a_completa,IF,IF:a_completa,0.05,7,3,0.42857142857142855,0.04918032786885246,0.8571428571428571
transicao_dencun_2024,sensitivity,displacement,a_completa,IF,IF:a_completa,0.1,13,7,0.5384615384615384,0.11475409836065574,1.0769230769230769
transicao_dencun_2024,strict,all,b_completa,AE,AE:b_completa,0.01,2,1,0.5,0.011627906976744186,0.7558139534883721
transicao_dencun_2024,strict,all,b_completa,AE,AE:b_completa,0.05,7,6,0.8571428571428571,0.06976744186046512,1.2956810631229236
transicao_dencun_2024,strict,all,b_completa,AE,AE:b_completa,0.1,13,8,0.6153846153846154,0.09302325581395349,0.930232558139535
transicao_dencun_2024,strict,insertion,b_completa,AE,AE:b_completa,0.01,2,1,0.5,0.011764705882352941,0.7529411764705882
transicao_dencun_2024,strict,insertion,b_completa,AE,AE:b_completa,0.05,7,6,0.8571428571428571,0.07058823529411765,1.2907563025210083
transicao_dencun_2024,strict,insertion,b_completa,AE,AE:b_completa,0.1,13,9,0.6923076923076923,0.10588235294117647,1.0425339366515838
transicao_dencun_2024,strict,displacement,b_completa,AE,AE:b_completa,0.01,1,0,0.0,0.0,0.0
transicao_dencun_2024,strict,displacement,b_completa,AE,AE:b_completa,0.05,1,0,0.0,0.0,0.0
transicao_dencun_2024,strict,displacement,b_completa,AE,AE:b_completa,0.1,1,0,0.0,0.0,0.0
transicao_dencun_2024,sensitivity,all,b_completa,AE,AE:b_completa,0.01,3,2,0.6666666666666666,0.0136986301369863,1.1415525114155252
transicao_dencun_2024,sensitivity,all,b_completa,AE,AE:b_completa,0.05,13,8,0.6153846153846154,0.0547945205479452,1.0537407797681773
transicao_dencun_2024,sensitivity,all,b_completa,AE,AE:b_completa,0.1,25,14,0.56,0.0958904109589041,0.9589041095890413
transicao_dencun_2024,sensitivity,insertion,b_completa,AE,AE:b_completa,0.01,2,1,0.5,0.011764705882352941,0.7529411764705882
transicao_dencun_2024,sensitivity,insertion,b_completa,AE,AE:b_completa,0.05,7,6,0.8571428571428571,0.07058823529411765,1.2907563025210083
transicao_dencun_2024,sensitivity,insertion,b_completa,AE,AE:b_completa,0.1,13,9,0.6923076923076923,0.10588235294117647,1.0425339366515838
transicao_dencun_2024,sensitivity,displacement,b_completa,AE,AE:b_completa,0.01,2,1,0.5,0.01639344262295082,1.0
transicao_dencun_2024,sensitivity,displacement,b_completa,AE,AE:b_completa,0.05,7,3,0.42857142857142855,0.04918032786885246,0.8571428571428571
transicao_dencun_2024,sensitivity,displacement,b_completa,AE,AE:b_completa,0.1,13,6,0.46153846153846156,0.09836065573770492,0.9230769230769231
transicao_dencun_2024,strict,all,b_completa,IF,IF:b_completa,0.01,2,1,0.5,0.011627906976744186,0.7558139534883721
transicao_dencun_2024,strict,all,b_completa,IF,IF:b_completa,0.05,7,6,0.8571428571428571,0.06976744186046512,1.2956810631229236
transicao_dencun_2024,strict,all,b_completa,IF,IF:b_completa,0.1,13,12,0.9230769230769231,0.13953488372093023,1.3953488372093024
transicao_dencun_2024,strict,insertion,b_completa,IF,IF:b_completa,0.01,2,2,1.0,0.023529411764705882,1.5058823529411764
transicao_dencun_2024,strict,insertion,b_completa,IF,IF:b_completa,0.05,7,7,1.0,0.08235294117647059,1.5058823529411764
transicao_dencun_2024,strict,insertion,b_completa,IF,IF:b_completa,0.1,13,13,1.0,0.15294117647058825,1.5058823529411764
transicao_dencun_2024,strict,displacement,b_completa,IF,IF:b_completa,0.01,1,0,0.0,0.0,0.0
transicao_dencun_2024,strict,displacement,b_completa,IF,IF:b_completa,0.05,1,0,0.0,0.0,0.0
transicao_dencun_2024,strict,displacement,b_completa,IF,IF:b_completa,0.1,1,0,0.0,0.0,0.0
transicao_dencun_2024,sensitivity,all,b_completa,IF,IF:b_completa,0.01,3,2,0.6666666666666666,0.0136986301369863,1.1415525114155252
transicao_dencun_2024,sensitivity,all,b_completa,IF,IF:b_completa,0.05,13,12,0.9230769230769231,0.0821917808219178,1.5806111696522658
transicao_dencun_2024,sensitivity,all,b_completa,IF,IF:b_completa,0.1,25,24,0.96,0.1643835616438356,1.6438356164383563
transicao_dencun_2024,sensitivity,insertion,b_completa,IF,IF:b_completa,0.01,2,2,1.0,0.023529411764705882,1.5058823529411764
transicao_dencun_2024,sensitivity,insertion,b_completa,IF,IF:b_completa,0.05,7,7,1.0,0.08235294117647059,1.5058823529411764
transicao_dencun_2024,sensitivity,insertion,b_completa,IF,IF:b_completa,0.1,13,13,1.0,0.15294117647058825,1.5058823529411764
transicao_dencun_2024,sensitivity,displacement,b_completa,IF,IF:b_completa,0.01,2,1,0.5,0.01639344262295082,1.0
transicao_dencun_2024,sensitivity,displacement,b_completa,IF,IF:b_completa,0.05,7,3,0.42857142857142855,0.04918032786885246,0.8571428571428571
transicao_dencun_2024,sensitivity,displacement,b_completa,IF,IF:b_completa,0.1,13,5,0.38461538461538464,0.08196721311475409,0.7692307692307693
transicao_dencun_2024,strict,all,c_completa,AE,AE:c_completa,0.01,2,0,0.0,0.0,0.0
transicao_dencun_2024,strict,all,c_completa,AE,AE:c_completa,0.05,7,4,0.5714285714285714,0.046511627906976744,0.8637873754152824
transicao_dencun_2024,strict,all,c_completa,AE,AE:c_completa,0.1,13,8,0.6153846153846154,0.09302325581395349,0.930232558139535
transicao_dencun_2024,strict,insertion,c_completa,AE,AE:c_completa,0.01,2,0,0.0,0.0,0.0
transicao_dencun_2024,strict,insertion,c_completa,AE,AE:c_completa,0.05,7,5,0.7142857142857143,0.058823529411764705,1.0756302521008403
transicao_dencun_2024,strict,insertion,c_completa,AE,AE:c_completa,0.1,13,9,0.6923076923076923,0.10588235294117647,1.0425339366515838
transicao_dencun_2024,strict,displacement,c_completa,AE,AE:c_completa,0.01,1,0,0.0,0.0,0.0
transicao_dencun_2024,strict,displacement,c_completa,AE,AE:c_completa,0.05,1,0,0.0,0.0,0.0
transicao_dencun_2024,strict,displacement,c_completa,AE,AE:c_completa,0.1,1,0,0.0,0.0,0.0
transicao_dencun_2024,sensitivity,all,c_completa,AE,AE:c_completa,0.01,3,1,0.3333333333333333,0.00684931506849315,0.5707762557077626
transicao_dencun_2024,sensitivity,all,c_completa,AE,AE:c_completa,0.05,13,2,0.15384615384615385,0.0136986301369863,0.2634351949420443
transicao_dencun_2024,sensitivity,all,c_completa,AE,AE:c_completa,0.1,25,8,0.32,0.0547945205479452,0.5479452054794521
transicao_dencun_2024,sensitivity,insertion,c_completa,AE,AE:c_completa,0.01,2,0,0.0,0.0,0.0
transicao_dencun_2024,sensitivity,insertion,c_completa,AE,AE:c_completa,0.05,7,5,0.7142857142857143,0.058823529411764705,1.0756302521008403
transicao_dencun_2024,sensitivity,insertion,c_completa,AE,AE:c_completa,0.1,13,9,0.6923076923076923,0.10588235294117647,1.0425339366515838
transicao_dencun_2024,sensitivity,displacement,c_completa,AE,AE:c_completa,0.01,2,1,0.5,0.01639344262295082,1.0
transicao_dencun_2024,sensitivity,displacement,c_completa,AE,AE:c_completa,0.05,7,1,0.14285714285714285,0.01639344262295082,0.2857142857142857
transicao_dencun_2024,sensitivity,displacement,c_completa,AE,AE:c_completa,0.1,13,1,0.07692307692307693,0.01639344262295082,0.15384615384615385
transicao_dencun_2024,strict,all,c_completa,IF,IF:c_completa,0.01,2,2,1.0,0.023255813953488372,1.5116279069767442
transicao_dencun_2024,strict,all,c_completa,IF,IF:c_completa,0.05,7,7,1.0,0.08139534883720931,1.5116279069767442
transicao_dencun_2024,strict,all,c_completa,IF,IF:c_completa,0.1,13,13,1.0,0.1511627906976744,1.5116279069767442
transicao_dencun_2024,strict,insertion,c_completa,IF,IF:c_completa,0.01,2,2,1.0,0.023529411764705882,1.5058823529411764
transicao_dencun_2024,strict,insertion,c_completa,IF,IF:c_completa,0.05,7,7,1.0,0.08235294117647059,1.5058823529411764
transicao_dencun_2024,strict,insertion,c_completa,IF,IF:c_completa,0.1,13,13,1.0,0.15294117647058825,1.5058823529411764
transicao_dencun_2024,strict,displacement,c_completa,IF,IF:c_completa,0.01,1,0,0.0,0.0,0.0
transicao_dencun_2024,strict,displacement,c_completa,IF,IF:c_completa,0.05,1,0,0.0,0.0,0.0
transicao_dencun_2024,strict,displacement,c_completa,IF,IF:c_completa,0.1,1,0,0.0,0.0,0.0
transicao_dencun_2024,sensitivity,all,c_completa,IF,IF:c_completa,0.01,3,3,1.0,0.02054794520547945,1.7123287671232879
transicao_dencun_2024,sensitivity,all,c_completa,IF,IF:c_completa,0.05,13,13,1.0,0.08904109589041095,1.7123287671232879
transicao_dencun_2024,sensitivity,all,c_completa,IF,IF:c_completa,0.1,25,23,0.92,0.15753424657534246,1.5753424657534247
transicao_dencun_2024,sensitivity,insertion,c_completa,IF,IF:c_completa,0.01,2,2,1.0,0.023529411764705882,1.5058823529411764
transicao_dencun_2024,sensitivity,insertion,c_completa,IF,IF:c_completa,0.05,7,7,1.0,0.08235294117647059,1.5058823529411764
transicao_dencun_2024,sensitivity,insertion,c_completa,IF,IF:c_completa,0.1,13,13,1.0,0.15294117647058825,1.5058823529411764
transicao_dencun_2024,sensitivity,displacement,c_completa,IF,IF:c_completa,0.01,2,1,0.5,0.01639344262295082,1.0
transicao_dencun_2024,sensitivity,displacement,c_completa,IF,IF:c_completa,0.05,7,3,0.42857142857142855,0.04918032786885246,0.8571428571428571
transicao_dencun_2024,sensitivity,displacement,c_completa,IF,IF:c_completa,0.1,13,4,0.3076923076923077,0.06557377049180328,0.6153846153846154
transicao_dencun_2024,strict,all,b_sem_taxas_absolutas,AE,AE:b_sem_taxas_absolutas,0.01,2,1,0.5,0.011627906976744186,0.7558139534883721
transicao_dencun_2024,strict,all,b_sem_taxas_absolutas,AE,AE:b_sem_taxas_absolutas,0.05,7,5,0.7142857142857143,0.05813953488372093,1.079734219269103
transicao_dencun_2024,strict,all,b_sem_taxas_absolutas,AE,AE:b_sem_taxas_absolutas,0.1,13,9,0.6923076923076923,0.10465116279069768,1.0465116279069768
transicao_dencun_2024,strict,insertion,b_sem_taxas_absolutas,AE,AE:b_sem_taxas_absolutas,0.01,2,2,1.0,0.023529411764705882,1.5058823529411764
transicao_dencun_2024,strict,insertion,b_sem_taxas_absolutas,AE,AE:b_sem_taxas_absolutas,0.05,7,6,0.8571428571428571,0.07058823529411765,1.2907563025210083
transicao_dencun_2024,strict,insertion,b_sem_taxas_absolutas,AE,AE:b_sem_taxas_absolutas,0.1,13,9,0.6923076923076923,0.10588235294117647,1.0425339366515838
transicao_dencun_2024,strict,displacement,b_sem_taxas_absolutas,AE,AE:b_sem_taxas_absolutas,0.01,1,0,0.0,0.0,0.0
transicao_dencun_2024,strict,displacement,b_sem_taxas_absolutas,AE,AE:b_sem_taxas_absolutas,0.05,1,0,0.0,0.0,0.0
transicao_dencun_2024,strict,displacement,b_sem_taxas_absolutas,AE,AE:b_sem_taxas_absolutas,0.1,1,0,0.0,0.0,0.0
transicao_dencun_2024,sensitivity,all,b_sem_taxas_absolutas,AE,AE:b_sem_taxas_absolutas,0.01,3,2,0.6666666666666666,0.0136986301369863,1.1415525114155252
transicao_dencun_2024,sensitivity,all,b_sem_taxas_absolutas,AE,AE:b_sem_taxas_absolutas,0.05,13,7,0.5384615384615384,0.04794520547945205,0.922023182297155
transicao_dencun_2024,sensitivity,all,b_sem_taxas_absolutas,AE,AE:b_sem_taxas_absolutas,0.1,25,12,0.48,0.0821917808219178,0.8219178082191781
transicao_dencun_2024,sensitivity,insertion,b_sem_taxas_absolutas,AE,AE:b_sem_taxas_absolutas,0.01,2,2,1.0,0.023529411764705882,1.5058823529411764
transicao_dencun_2024,sensitivity,insertion,b_sem_taxas_absolutas,AE,AE:b_sem_taxas_absolutas,0.05,7,6,0.8571428571428571,0.07058823529411765,1.2907563025210083
transicao_dencun_2024,sensitivity,insertion,b_sem_taxas_absolutas,AE,AE:b_sem_taxas_absolutas,0.1,13,9,0.6923076923076923,0.10588235294117647,1.0425339366515838
transicao_dencun_2024,sensitivity,displacement,b_sem_taxas_absolutas,AE,AE:b_sem_taxas_absolutas,0.01,2,1,0.5,0.01639344262295082,1.0
transicao_dencun_2024,sensitivity,displacement,b_sem_taxas_absolutas,AE,AE:b_sem_taxas_absolutas,0.05,7,3,0.42857142857142855,0.04918032786885246,0.8571428571428571
transicao_dencun_2024,sensitivity,displacement,b_sem_taxas_absolutas,AE,AE:b_sem_taxas_absolutas,0.1,13,6,0.46153846153846156,0.09836065573770492,0.9230769230769231
transicao_dencun_2024,strict,all,b_sem_taxas_absolutas,IF,IF:b_sem_taxas_absolutas,0.01,2,1,0.5,0.011627906976744186,0.7558139534883721
transicao_dencun_2024,strict,all,b_sem_taxas_absolutas,IF,IF:b_sem_taxas_absolutas,0.05,7,6,0.8571428571428571,0.06976744186046512,1.2956810631229236
transicao_dencun_2024,strict,all,b_sem_taxas_absolutas,IF,IF:b_sem_taxas_absolutas,0.1,13,11,0.8461538461538461,0.12790697674418605,1.2790697674418605
transicao_dencun_2024,strict,insertion,b_sem_taxas_absolutas,IF,IF:b_sem_taxas_absolutas,0.01,2,2,1.0,0.023529411764705882,1.5058823529411764
transicao_dencun_2024,strict,insertion,b_sem_taxas_absolutas,IF,IF:b_sem_taxas_absolutas,0.05,7,7,1.0,0.08235294117647059,1.5058823529411764
transicao_dencun_2024,strict,insertion,b_sem_taxas_absolutas,IF,IF:b_sem_taxas_absolutas,0.1,13,12,0.9230769230769231,0.1411764705882353,1.3900452488687784
transicao_dencun_2024,strict,displacement,b_sem_taxas_absolutas,IF,IF:b_sem_taxas_absolutas,0.01,1,0,0.0,0.0,0.0
transicao_dencun_2024,strict,displacement,b_sem_taxas_absolutas,IF,IF:b_sem_taxas_absolutas,0.05,1,0,0.0,0.0,0.0
transicao_dencun_2024,strict,displacement,b_sem_taxas_absolutas,IF,IF:b_sem_taxas_absolutas,0.1,1,0,0.0,0.0,0.0
transicao_dencun_2024,sensitivity,all,b_sem_taxas_absolutas,IF,IF:b_sem_taxas_absolutas,0.01,3,2,0.6666666666666666,0.0136986301369863,1.1415525114155252
transicao_dencun_2024,sensitivity,all,b_sem_taxas_absolutas,IF,IF:b_sem_taxas_absolutas,0.05,13,10,0.7692307692307693,0.0684931506849315,1.3171759747102214
transicao_dencun_2024,sensitivity,all,b_sem_taxas_absolutas,IF,IF:b_sem_taxas_absolutas,0.1,25,16,0.64,0.1095890410958904,1.0958904109589043
transicao_dencun_2024,sensitivity,insertion,b_sem_taxas_absolutas,IF,IF:b_sem_taxas_absolutas,0.01,2,2,1.0,0.023529411764705882,1.5058823529411764
transicao_dencun_2024,sensitivity,insertion,b_sem_taxas_absolutas,IF,IF:b_sem_taxas_absolutas,0.05,7,7,1.0,0.08235294117647059,1.5058823529411764
transicao_dencun_2024,sensitivity,insertion,b_sem_taxas_absolutas,IF,IF:b_sem_taxas_absolutas,0.1,13,12,0.9230769230769231,0.1411764705882353,1.3900452488687784
transicao_dencun_2024,sensitivity,displacement,b_sem_taxas_absolutas,IF,IF:b_sem_taxas_absolutas,0.01,2,0,0.0,0.0,0.0
transicao_dencun_2024,sensitivity,displacement,b_sem_taxas_absolutas,IF,IF:b_sem_taxas_absolutas,0.05,7,2,0.2857142857142857,0.03278688524590164,0.5714285714285714
transicao_dencun_2024,sensitivity,displacement,b_sem_taxas_absolutas,IF,IF:b_sem_taxas_absolutas,0.1,13,4,0.3076923076923077,0.06557377049180328,0.6153846153846154
transicao_dencun_2024,strict,all,c_sem_taxas_absolutas,AE,AE:c_sem_taxas_absolutas,0.01,2,0,0.0,0.0,0.0
transicao_dencun_2024,strict,all,c_sem_taxas_absolutas,AE,AE:c_sem_taxas_absolutas,0.05,7,3,0.42857142857142855,0.03488372093023256,0.6478405315614618
transicao_dencun_2024,strict,all,c_sem_taxas_absolutas,AE,AE:c_sem_taxas_absolutas,0.1,13,7,0.5384615384615384,0.08139534883720931,0.813953488372093
transicao_dencun_2024,strict,insertion,c_sem_taxas_absolutas,AE,AE:c_sem_taxas_absolutas,0.01,2,0,0.0,0.0,0.0
transicao_dencun_2024,strict,insertion,c_sem_taxas_absolutas,AE,AE:c_sem_taxas_absolutas,0.05,7,4,0.5714285714285714,0.047058823529411764,0.8605042016806722
transicao_dencun_2024,strict,insertion,c_sem_taxas_absolutas,AE,AE:c_sem_taxas_absolutas,0.1,13,8,0.6153846153846154,0.09411764705882353,0.9266968325791856
transicao_dencun_2024,strict,displacement,c_sem_taxas_absolutas,AE,AE:c_sem_taxas_absolutas,0.01,1,0,0.0,0.0,0.0
transicao_dencun_2024,strict,displacement,c_sem_taxas_absolutas,AE,AE:c_sem_taxas_absolutas,0.05,1,0,0.0,0.0,0.0
transicao_dencun_2024,strict,displacement,c_sem_taxas_absolutas,AE,AE:c_sem_taxas_absolutas,0.1,1,0,0.0,0.0,0.0
transicao_dencun_2024,sensitivity,all,c_sem_taxas_absolutas,AE,AE:c_sem_taxas_absolutas,0.01,3,0,0.0,0.0,0.0
transicao_dencun_2024,sensitivity,all,c_sem_taxas_absolutas,AE,AE:c_sem_taxas_absolutas,0.05,13,6,0.46153846153846156,0.0410958904109589,0.7903055848261329
transicao_dencun_2024,sensitivity,all,c_sem_taxas_absolutas,AE,AE:c_sem_taxas_absolutas,0.1,25,13,0.52,0.08904109589041095,0.8904109589041097
transicao_dencun_2024,sensitivity,insertion,c_sem_taxas_absolutas,AE,AE:c_sem_taxas_absolutas,0.01,2,0,0.0,0.0,0.0
transicao_dencun_2024,sensitivity,insertion,c_sem_taxas_absolutas,AE,AE:c_sem_taxas_absolutas,0.05,7,4,0.5714285714285714,0.047058823529411764,0.8605042016806722
transicao_dencun_2024,sensitivity,insertion,c_sem_taxas_absolutas,AE,AE:c_sem_taxas_absolutas,0.1,13,8,0.6153846153846154,0.09411764705882353,0.9266968325791856
transicao_dencun_2024,sensitivity,displacement,c_sem_taxas_absolutas,AE,AE:c_sem_taxas_absolutas,0.01,2,0,0.0,0.0,0.0
transicao_dencun_2024,sensitivity,displacement,c_sem_taxas_absolutas,AE,AE:c_sem_taxas_absolutas,0.05,7,3,0.42857142857142855,0.04918032786885246,0.8571428571428571
transicao_dencun_2024,sensitivity,displacement,c_sem_taxas_absolutas,AE,AE:c_sem_taxas_absolutas,0.1,13,6,0.46153846153846156,0.09836065573770492,0.9230769230769231
transicao_dencun_2024,strict,all,c_sem_taxas_absolutas,IF,IF:c_sem_taxas_absolutas,0.01,2,1,0.5,0.011627906976744186,0.7558139534883721
transicao_dencun_2024,strict,all,c_sem_taxas_absolutas,IF,IF:c_sem_taxas_absolutas,0.05,7,6,0.8571428571428571,0.06976744186046512,1.2956810631229236
transicao_dencun_2024,strict,all,c_sem_taxas_absolutas,IF,IF:c_sem_taxas_absolutas,0.1,13,12,0.9230769230769231,0.13953488372093023,1.3953488372093024
transicao_dencun_2024,strict,insertion,c_sem_taxas_absolutas,IF,IF:c_sem_taxas_absolutas,0.01,2,2,1.0,0.023529411764705882,1.5058823529411764
transicao_dencun_2024,strict,insertion,c_sem_taxas_absolutas,IF,IF:c_sem_taxas_absolutas,0.05,7,7,1.0,0.08235294117647059,1.5058823529411764
transicao_dencun_2024,strict,insertion,c_sem_taxas_absolutas,IF,IF:c_sem_taxas_absolutas,0.1,13,13,1.0,0.15294117647058825,1.5058823529411764
transicao_dencun_2024,strict,displacement,c_sem_taxas_absolutas,IF,IF:c_sem_taxas_absolutas,0.01,1,0,0.0,0.0,0.0
transicao_dencun_2024,strict,displacement,c_sem_taxas_absolutas,IF,IF:c_sem_taxas_absolutas,0.05,1,0,0.0,0.0,0.0
transicao_dencun_2024,strict,displacement,c_sem_taxas_absolutas,IF,IF:c_sem_taxas_absolutas,0.1,1,0,0.0,0.0,0.0
transicao_dencun_2024,sensitivity,all,c_sem_taxas_absolutas,IF,IF:c_sem_taxas_absolutas,0.01,3,2,0.6666666666666666,0.0136986301369863,1.1415525114155252
transicao_dencun_2024,sensitivity,all,c_sem_taxas_absolutas,IF,IF:c_sem_taxas_absolutas,0.05,13,6,0.46153846153846156,0.0410958904109589,0.7903055848261329
transicao_dencun_2024,sensitivity,all,c_sem_taxas_absolutas,IF,IF:c_sem_taxas_absolutas,0.1,25,10,0.4,0.0684931506849315,0.6849315068493151
transicao_dencun_2024,sensitivity,insertion,c_sem_taxas_absolutas,IF,IF:c_sem_taxas_absolutas,0.01,2,2,1.0,0.023529411764705882,1.5058823529411764
transicao_dencun_2024,sensitivity,insertion,c_sem_taxas_absolutas,IF,IF:c_sem_taxas_absolutas,0.05,7,7,1.0,0.08235294117647059,1.5058823529411764
transicao_dencun_2024,sensitivity,insertion,c_sem_taxas_absolutas,IF,IF:c_sem_taxas_absolutas,0.1,13,13,1.0,0.15294117647058825,1.5058823529411764
transicao_dencun_2024,sensitivity,displacement,c_sem_taxas_absolutas,IF,IF:c_sem_taxas_absolutas,0.01,2,0,0.0,0.0,0.0
transicao_dencun_2024,sensitivity,displacement,c_sem_taxas_absolutas,IF,IF:c_sem_taxas_absolutas,0.05,7,1,0.14285714285714285,0.01639344262295082,0.2857142857142857
transicao_dencun_2024,sensitivity,displacement,c_sem_taxas_absolutas,IF,IF:c_sem_taxas_absolutas,0.1,13,3,0.23076923076923078,0.04918032786885246,0.46153846153846156
treino_2024_pos_dencun,strict,all,a_completa,AE,AE:a_completa,0.01,19,18,0.9473684210526315,0.014975041597337771,1.437603993344426
treino_2024_pos_dencun,strict,all,a_completa,AE,AE:a_completa,0.05,92,50,0.5434782608695652,0.04159733777038269,0.8247124357954134
treino_2024_pos_dencun,strict,all,a_completa,AE,AE:a_completa,0.1,183,95,0.5191256830601093,0.07903494176372712,0.7877581080712475
treino_2024_pos_dencun,strict,insertion,a_completa,AE,AE:a_completa,0.01,18,18,1.0,0.015503875968992248,1.5004306632213609
treino_2024_pos_dencun,strict,insertion,a_completa,AE,AE:a_completa,0.05,88,60,0.6818181818181818,0.05167958656330749,1.023020906741837
treino_2024_pos_dencun,strict,insertion,a_completa,AE,AE:a_completa,0.1,175,108,0.6171428571428571,0.09302325581395349,0.9259800664451827
treino_2024_pos_dencun,strict,displacement,a_completa,AE,AE:a_completa,0.01,1,0,0.0,0.0,0.0
treino_2024_pos_dencun,strict,displacement,a_completa,AE,AE:a_completa,0.05,5,0,0.0,0.0,0.0
treino_2024_pos_dencun,strict,displacement,a_completa,AE,AE:a_completa,0.1,9,0,0.0,0.0,0.0
treino_2024_pos_dencun,sensitivity,all,a_completa,AE,AE:a_completa,0.01,41,31,0.7560975609756098,0.01333907056798623,1.3234960748919022
treino_2024_pos_dencun,sensitivity,all,a_completa,AE,AE:a_completa,0.05,204,116,0.5686274509803921,0.04991394148020654,0.9953427153994128
treino_2024_pos_dencun,sensitivity,all,a_completa,AE,AE:a_completa,0.1,407,241,0.5921375921375921,0.10370051635111877,1.0364955786642533
treino_2024_pos_dencun,sensitivity,insertion,a_completa,AE,AE:a_completa,0.01,18,18,1.0,0.015503875968992248,1.5004306632213609
treino_2024_pos_dencun,sensitivity,insertion,a_completa,AE,AE:a_completa,0.05,88,60,0.6818181818181818,0.05167958656330749,1.023020906741837
treino_2024_pos_dencun,sensitivity,insertion,a_completa,AE,AE:a_completa,0.1,175,108,0.6171428571428571,0.09302325581395349,0.9259800664451827
treino_2024_pos_dencun,sensitivity,displacement,a_completa,AE,AE:a_completa,0.01,24,13,0.5416666666666666,0.01117798796216681,1.0833333333333333
treino_2024_pos_dencun,sensitivity,displacement,a_completa,AE,AE:a_completa,0.05,117,56,0.47863247863247865,0.04815133276010318,0.9572649572649573
treino_2024_pos_dencun,sensitivity,displacement,a_completa,AE,AE:a_completa,0.1,233,126,0.5407725321888412,0.10834049871023216,1.0815450643776825
treino_2024_pos_dencun,strict,all,a_completa,IF,IF:a_completa,0.01,19,19,1.0,0.015806988352745424,1.5174708818635607
treino_2024_pos_dencun,strict,all,a_completa,IF,IF:a_completa,0.05,92,84,0.9130434782608695,0.06988352745424292,1.3855168921362946
treino_2024_pos_dencun,strict,all,a_completa,IF,IF:a_completa,0.1,183,160,0.8743169398907104,0.13311148086522462,1.3267504978042062
treino_2024_pos_dencun,strict,insertion,a_completa,IF,IF:a_completa,0.01,18,18,1.0,0.015503875968992248,1.5004306632213609
treino_2024_pos_dencun,strict,insertion,a_completa,IF,IF:a_completa,0.05,88,88,1.0,0.07579672695951765,1.5004306632213609
treino_2024_pos_dencun,strict,insertion,a_completa,IF,IF:a_completa,0.1,175,175,1.0,0.1507321274763135,1.5004306632213609
treino_2024_pos_dencun,strict,displacement,a_completa,IF,IF:a_completa,0.01,1,0,0.0,0.0,0.0
treino_2024_pos_dencun,strict,displacement,a_completa,IF,IF:a_completa,0.05,5,0,0.0,0.0,0.0
treino_2024_pos_dencun,strict,displacement,a_completa,IF,IF:a_completa,0.1,9,0,0.0,0.0,0.0
treino_2024_pos_dencun,sensitivity,all,a_completa,IF,IF:a_completa,0.01,41,38,0.926829268292683,0.016351118760757316,1.6223500272868479
treino_2024_pos_dencun,sensitivity,all,a_completa,IF,IF:a_completa,0.05,204,175,0.8578431372549019,0.07530120481927711,1.501594613749114
treino_2024_pos_dencun,sensitivity,all,a_completa,IF,IF:a_completa,0.1,407,352,0.8648648648648649,0.1514629948364888,1.513885658463972
treino_2024_pos_dencun,sensitivity,insertion,a_completa,IF,IF:a_completa,0.01,18,18,1.0,0.015503875968992248,1.5004306632213609
treino_2024_pos_dencun,sensitivity,insertion,a_completa,IF,IF:a_completa,0.05,88,88,1.0,0.07579672695951765,1.5004306632213609
treino_2024_pos_dencun,sensitivity,insertion,a_completa,IF,IF:a_completa,0.1,175,175,1.0,0.1507321274763135,1.5004306632213609
treino_2024_pos_dencun,sensitivity,displacement,a_completa,IF,IF:a_completa,0.01,24,9,0.375,0.007738607050730868,0.75
treino_2024_pos_dencun,sensitivity,displacement,a_completa,IF,IF:a_completa,0.05,117,49,0.4188034188034188,0.04213241616509028,0.8376068376068376
treino_2024_pos_dencun,sensitivity,displacement,a_completa,IF,IF:a_completa,0.1,233,107,0.4592274678111588,0.09200343938091143,0.9184549356223176
treino_2024_pos_dencun,strict,all,b_completa,AE,AE:b_completa,0.01,19,11,0.5789473684210527,0.009151414309484194,0.8785357737104826
treino_2024_pos_dencun,strict,all,b_completa,AE,AE:b_completa,0.05,92,63,0.6847826086956522,0.0524126455906822,1.0391376691022212
treino_2024_pos_dencun,strict,all,b_completa,AE,AE:b_completa,0.1,183,122,0.6666666666666666,0.10149750415973377,1.0116472545757071
treino_2024_pos_dencun,strict,insertion,b_completa,AE,AE:b_completa,0.01,18,11,0.6111111111111112,0.009474590869939707,0.9169298497463874
treino_2024_pos_dencun,strict,insertion,b_completa,AE,AE:b_completa,0.05,88,62,0.7045454545454546,0.053402239448751075,1.0571216036332316
treino_2024_pos_dencun,strict,insertion,b_completa,AE,AE:b_completa,0.1,175,121,0.6914285714285714,0.10422049956933678,1.0374406299987695
treino_2024_pos_dencun,strict,displacement,b_completa,AE,AE:b_completa,0.01,1,0,0.0,0.0,0.0
treino_2024_pos_dencun,strict,displacement,b_completa,AE,AE:b_completa,0.05,5,0,0.0,0.0,0.0
treino_2024_pos_dencun,strict,displacement,b_completa,AE,AE:b_completa,0.1,9,1,0.1111111111111111,0.024390243902439025,0.2222222222222222
treino_2024_pos_dencun,sensitivity,all,b_completa,AE,AE:b_completa,0.01,41,21,0.5121951219512195,0.009036144578313253,0.8965618571848369
treino_2024_pos_dencun,sensitivity,all,b_completa,AE,AE:b_completa,0.05,204,127,0.6225490196078431,0.05464716006884682,1.0897286625493572
treino_2024_pos_dencun,sensitivity,all,b_completa,AE,AE:b_completa,0.1,407,239,0.5872235872235873,0.10283993115318417,1.027893955604799
treino_2024_pos_dencun,sensitivity,insertion,b_completa,AE,AE:b_completa,0.01,18,11,0.6111111111111112,0.009474590869939707,0.9169298497463874
treino_2024_pos_dencun,sensitivity,insertion,b_completa,AE,AE:b_completa,0.05,88,62,0.7045454545454546,0.053402239448751075,1.0571216036332316
treino_2024_pos_dencun,sensitivity,insertion,b_completa,AE,AE:b_completa,0.1,175,121,0.6914285714285714,0.10422049956933678,1.0374406299987695
treino_2024_pos_dencun,sensitivity,displacement,b_completa,AE,AE:b_completa,0.01,24,12,0.5,0.010318142734307825,1.0
treino_2024_pos_dencun,sensitivity,displacement,b_completa,AE,AE:b_completa,0.05,117,55,0.4700854700854701,0.04729148753224419,0.9401709401709402
treino_2024_pos_dencun,sensitivity,displacement,b_completa,AE,AE:b_completa,0.1,233,115,0.49356223175965663,0.09888220120378331,0.9871244635193133
treino_2024_pos_dencun,strict,all,b_completa,IF,IF:b_completa,0.01,19,14,0.7368421052631579,0.011647254575707155,1.1181364392678868
treino_2024_pos_dencun,strict,all,b_completa,IF,IF:b_completa,0.05,92,73,0.7934782608695652,0.06073211314475874,1.2040801562613037
treino_2024_pos_dencun,strict,all,b_completa,IF,IF:b_completa,0.1,183,155,0.8469945355191257,0.12895174708818635,1.2852895447478248
treino_2024_pos_dencun,strict,insertion,b_completa,IF,IF:b_completa,0.01,18,18,1.0,0.015503875968992248,1.5004306632213609
treino_2024_pos_dencun,strict,insertion,b_completa,IF,IF:b_completa,0.05,88,88,1.0,0.07579672695951765,1.5004306632213609
treino_2024_pos_dencun,strict,insertion,b_completa,IF,IF:b_completa,0.1,175,175,1.0,0.1507321274763135,1.5004306632213609
treino_2024_pos_dencun,strict,displacement,b_completa,IF,IF:b_completa,0.01,1,0,0.0,0.0,0.0
treino_2024_pos_dencun,strict,displacement,b_completa,IF,IF:b_completa,0.05,5,0,0.0,0.0,0.0
treino_2024_pos_dencun,strict,displacement,b_completa,IF,IF:b_completa,0.1,9,0,0.0,0.0,0.0
treino_2024_pos_dencun,sensitivity,all,b_completa,IF,IF:b_completa,0.01,41,33,0.8048780487804879,0.014199655765920827,1.4088829184333154
treino_2024_pos_dencun,sensitivity,all,b_completa,IF,IF:b_completa,0.05,204,173,0.8480392156862745,0.07444061962134252,1.4844335324491242
treino_2024_pos_dencun,sensitivity,all,b_completa,IF,IF:b_completa,0.1,407,356,0.8746928746928747,0.153184165232358,1.5310889045828806
treino_2024_pos_dencun,sensitivity,insertion,b_completa,IF,IF:b_completa,0.01,18,18,1.0,0.015503875968992248,1.5004306632213609
treino_2024_pos_dencun,sensitivity,insertion,b_completa,IF,IF:b_completa,0.05,88,88,1.0,0.07579672695951765,1.5004306632213609
treino_2024_pos_dencun,sensitivity,insertion,b_completa,IF,IF:b_completa,0.1,175,175,1.0,0.1507321274763135,1.5004306632213609
treino_2024_pos_dencun,sensitivity,displacement,b_completa,IF,IF:b_completa,0.01,24,3,0.125,0.0025795356835769563,0.25
treino_2024_pos_dencun,sensitivity,displacement,b_completa,IF,IF:b_completa,0.05,117,45,0.38461538461538464,0.03869303525365434,0.7692307692307693
treino_2024_pos_dencun,sensitivity,displacement,b_completa,IF,IF:b_completa,0.1,233,96,0.41201716738197425,0.0825451418744626,0.8240343347639485
treino_2024_pos_dencun,strict,all,c_completa,AE,AE:c_completa,0.01,19,16,0.8421052631578947,0.013311148086522463,1.2778702163061564
treino_2024_pos_dencun,strict,all,c_completa,AE,AE:c_completa,0.05,92,60,0.6521739130434783,0.04991680532445923,0.9896549229544962
treino_2024_pos_dencun,strict,all,c_completa,AE,AE:c_completa,0.1,183,111,0.6065573770491803,0.09234608985024959,0.920433157851668
treino_2024_pos_dencun,strict,insertion,c_completa,AE,AE:c_completa,0.01,18,16,0.8888888888888888,0.013781223083548665,1.333716145085654
treino_2024_pos_dencun,strict,insertion,c_completa,AE,AE:c_completa,0.05,88,70,0.7954545454545454,0.06029285099052541,1.1935243911988098
treino_2024_pos_dencun,strict,insertion,c_completa,AE,AE:c_completa,0.1,175,121,0.6914285714285714,0.10422049956933678,1.0374406299987695
treino_2024_pos_dencun,strict,displacement,c_completa,AE,AE:c_completa,0.01,1,0,0.0,0.0,0.0
treino_2024_pos_dencun,strict,displacement,c_completa,AE,AE:c_completa,0.05,5,0,0.0,0.0,0.0
treino_2024_pos_dencun,strict,displacement,c_completa,AE,AE:c_completa,0.1,9,0,0.0,0.0,0.0
treino_2024_pos_dencun,sensitivity,all,c_completa,AE,AE:c_completa,0.01,41,16,0.3902439024390244,0.0068846815834767644,0.6830947483313043
treino_2024_pos_dencun,sensitivity,all,c_completa,AE,AE:c_completa,0.05,204,63,0.3088235294117647,0.02710843373493976,0.5405740609496811
treino_2024_pos_dencun,sensitivity,all,c_completa,AE,AE:c_completa,0.1,407,118,0.28992628992628994,0.050774526678141134,0.5074957605078088
treino_2024_pos_dencun,sensitivity,insertion,c_completa,AE,AE:c_completa,0.01,18,16,0.8888888888888888,0.013781223083548665,1.333716145085654
treino_2024_pos_dencun,sensitivity,insertion,c_completa,AE,AE:c_completa,0.05,88,70,0.7954545454545454,0.06029285099052541,1.1935243911988098
treino_2024_pos_dencun,sensitivity,insertion,c_completa,AE,AE:c_completa,0.1,175,121,0.6914285714285714,0.10422049956933678,1.0374406299987695
treino_2024_pos_dencun,sensitivity,displacement,c_completa,AE,AE:c_completa,0.01,24,3,0.125,0.0025795356835769563,0.25
treino_2024_pos_dencun,sensitivity,displacement,c_completa,AE,AE:c_completa,0.05,117,22,0.18803418803418803,0.018916595012897677,0.37606837606837606
treino_2024_pos_dencun,sensitivity,displacement,c_completa,AE,AE:c_completa,0.1,233,43,0.18454935622317598,0.03697334479793637,0.36909871244635195
treino_2024_pos_dencun,strict,all,c_completa,IF,IF:c_completa,0.01,19,19,1.0,0.015806988352745424,1.5174708818635607
treino_2024_pos_dencun,strict,all,c_completa,IF,IF:c_completa,0.05,92,87,0.9456521739130435,0.0723793677204659,1.4349996382840193
treino_2024_pos_dencun,strict,all,c_completa,IF,IF:c_completa,0.1,183,164,0.8961748633879781,0.13643926788685523,1.3599192602493113
treino_2024_pos_dencun,strict,insertion,c_completa,IF,IF:c_completa,0.01,18,18,1.0,0.015503875968992248,1.5004306632213609
treino_2024_pos_dencun,strict,insertion,c_completa,IF,IF:c_completa,0.05,88,88,1.0,0.07579672695951765,1.5004306632213609
treino_2024_pos_dencun,strict,insertion,c_completa,IF,IF:c_completa,0.1,175,174,0.9942857142857143,0.14987080103359174,1.491856773717239
treino_2024_pos_dencun,strict,displacement,c_completa,IF,IF:c_completa,0.01,1,0,0.0,0.0,0.0
treino_2024_pos_dencun,strict,displacement,c_completa,IF,IF:c_completa,0.05,5,0,0.0,0.0,0.0
treino_2024_pos_dencun,strict,displacement,c_completa,IF,IF:c_completa,0.1,9,0,0.0,0.0,0.0
treino_2024_pos_dencun,sensitivity,all,c_completa,IF,IF:c_completa,0.01,41,40,0.975609756097561,0.01721170395869191,1.7077368708282608
treino_2024_pos_dencun,sensitivity,all,c_completa,IF,IF:c_completa,0.05,204,180,0.8823529411764706,0.0774526678141136,1.5444973169990888
treino_2024_pos_dencun,sensitivity,all,c_completa,IF,IF:c_completa,0.1,407,352,0.8648648648648649,0.1514629948364888,1.513885658463972
treino_2024_pos_dencun,sensitivity,insertion,c_completa,IF,IF:c_completa,0.01,18,18,1.0,0.015503875968992248,1.5004306632213609
treino_2024_pos_dencun,sensitivity,insertion,c_completa,IF,IF:c_completa,0.05,88,88,1.0,0.07579672695951765,1.5004306632213609
treino_2024_pos_dencun,sensitivity,insertion,c_completa,IF,IF:c_completa,0.1,175,174,0.9942857142857143,0.14987080103359174,1.491856773717239
treino_2024_pos_dencun,sensitivity,displacement,c_completa,IF,IF:c_completa,0.01,24,13,0.5416666666666666,0.01117798796216681,1.0833333333333333
treino_2024_pos_dencun,sensitivity,displacement,c_completa,IF,IF:c_completa,0.05,117,59,0.5042735042735043,0.05073086844368014,1.0085470085470085
treino_2024_pos_dencun,sensitivity,displacement,c_completa,IF,IF:c_completa,0.1,233,113,0.48497854077253216,0.09716251074806535,0.9699570815450643
treino_2024_pos_dencun,strict,all,b_sem_taxas_absolutas,AE,AE:b_sem_taxas_absolutas,0.01,19,11,0.5789473684210527,0.009151414309484194,0.8785357737104826
treino_2024_pos_dencun,strict,all,b_sem_taxas_absolutas,AE,AE:b_sem_taxas_absolutas,0.05,92,57,0.6195652173913043,0.04742096505823627,0.9401721768067713
treino_2024_pos_dencun,strict,all,b_sem_taxas_absolutas,AE,AE:b_sem_taxas_absolutas,0.1,183,120,0.6557377049180327,0.09983361064891846,0.9950628733531546
treino_2024_pos_dencun,strict,insertion,b_sem_taxas_absolutas,AE,AE:b_sem_taxas_absolutas,0.01,18,13,0.7222222222222222,0.01119724375538329,1.083644367882094
treino_2024_pos_dencun,strict,insertion,b_sem_taxas_absolutas,AE,AE:b_sem_taxas_absolutas,0.05,88,64,0.7272727272727273,0.05512489233419466,1.0912223005246262
treino_2024_pos_dencun,strict,insertion,b_sem_taxas_absolutas,AE,AE:b_sem_taxas_absolutas,0.1,175,132,0.7542857142857143,0.11369509043927649,1.1317534145441124
treino_2024_pos_dencun,strict,displacement,b_sem_taxas_absolutas,AE,AE:b_sem_taxas_absolutas,0.01,1,0,0.0,0.0,0.0
treino_2024_pos_dencun,strict,displacement,b_sem_taxas_absolutas,AE,AE:b_sem_taxas_absolutas,0.05,5,0,0.0,0.0,0.0
treino_2024_pos_dencun,strict,displacement,b_sem_taxas_absolutas,AE,AE:b_sem_taxas_absolutas,0.1,9,1,0.1111111111111111,0.024390243902439025,0.2222222222222222
treino_2024_pos_dencun,sensitivity,all,b_sem_taxas_absolutas,AE,AE:b_sem_taxas_absolutas,0.01,41,23,0.5609756097560976,0.009896729776247849,0.9819487007262501
treino_2024_pos_dencun,sensitivity,all,b_sem_taxas_absolutas,AE,AE:b_sem_taxas_absolutas,0.05,204,112,0.5490196078431373,0.04819277108433735,0.9610205527994331
treino_2024_pos_dencun,sensitivity,all,b_sem_taxas_absolutas,AE,AE:b_sem_taxas_absolutas,0.1,407,224,0.5503685503685504,0.0963855421686747,0.9633817826588911
treino_2024_pos_dencun,sensitivity,insertion,b_sem_taxas_absolutas,AE,AE:b_sem_taxas_absolutas,0.01,18,13,0.7222222222222222,0.01119724375538329,1.083644367882094
treino_2024_pos_dencun,sensitivity,insertion,b_sem_taxas_absolutas,AE,AE:b_sem_taxas_absolutas,0.05,88,64,0.7272727272727273,0.05512489233419466,1.0912223005246262
treino_2024_pos_dencun,sensitivity,insertion,b_sem_taxas_absolutas,AE,AE:b_sem_taxas_absolutas,0.1,175,132,0.7542857142857143,0.11369509043927649,1.1317534145441124
treino_2024_pos_dencun,sensitivity,displacement,b_sem_taxas_absolutas,AE,AE:b_sem_taxas_absolutas,0.01,24,9,0.375,0.007738607050730868,0.75
treino_2024_pos_dencun,sensitivity,displacement,b_sem_taxas_absolutas,AE,AE:b_sem_taxas_absolutas,0.05,117,49,0.4188034188034188,0.04213241616509028,0.8376068376068376
treino_2024_pos_dencun,sensitivity,displacement,b_sem_taxas_absolutas,AE,AE:b_sem_taxas_absolutas,0.1,233,103,0.44206008583690987,0.0885640584694755,0.8841201716738197
treino_2024_pos_dencun,strict,all,b_sem_taxas_absolutas,IF,IF:b_sem_taxas_absolutas,0.01,19,6,0.3157894736842105,0.004991680532445923,0.47920133111480867
treino_2024_pos_dencun,strict,all,b_sem_taxas_absolutas,IF,IF:b_sem_taxas_absolutas,0.05,92,46,0.5,0.03826955074875208,0.7587354409317804
treino_2024_pos_dencun,strict,all,b_sem_taxas_absolutas,IF,IF:b_sem_taxas_absolutas,0.1,183,122,0.6666666666666666,0.10149750415973377,1.0116472545757071
treino_2024_pos_dencun,strict,insertion,b_sem_taxas_absolutas,IF,IF:b_sem_taxas_absolutas,0.01,18,16,0.8888888888888888,0.013781223083548665,1.333716145085654
treino_2024_pos_dencun,strict,insertion,b_sem_taxas_absolutas,IF,IF:b_sem_taxas_absolutas,0.05,88,71,0.8068181818181818,0.0611541774332472,1.210574739644507
treino_2024_pos_dencun,strict,insertion,b_sem_taxas_absolutas,IF,IF:b_sem_taxas_absolutas,0.1,175,153,0.8742857142857143,0.13178294573643412,1.3118050941306756
treino_2024_pos_dencun,strict,displacement,b_sem_taxas_absolutas,IF,IF:b_sem_taxas_absolutas,0.01,1,0,0.0,0.0,0.0
treino_2024_pos_dencun,strict,displacement,b_sem_taxas_absolutas,IF,IF:b_sem_taxas_absolutas,0.05,5,0,0.0,0.0,0.0
treino_2024_pos_dencun,strict,displacement,b_sem_taxas_absolutas,IF,IF:b_sem_taxas_absolutas,0.1,9,0,0.0,0.0,0.0
treino_2024_pos_dencun,sensitivity,all,b_sem_taxas_absolutas,IF,IF:b_sem_taxas_absolutas,0.01,41,10,0.24390243902439024,0.004302925989672977,0.4269342177070652
treino_2024_pos_dencun,sensitivity,all,b_sem_taxas_absolutas,IF,IF:b_sem_taxas_absolutas,0.05,204,110,0.5392156862745098,0.047332185886402756,0.9438594714994432
treino_2024_pos_dencun,sensitivity,all,b_sem_taxas_absolutas,IF,IF:b_sem_taxas_absolutas,0.1,407,222,0.5454545454545454,0.09552495697074011,0.9547801595994366
treino_2024_pos_dencun,sensitivity,insertion,b_sem_taxas_absolutas,IF,IF:b_sem_taxas_absolutas,0.01,18,16,0.8888888888888888,0.013781223083548665,1.333716145085654
treino_2024_pos_dencun,sensitivity,insertion,b_sem_taxas_absolutas,IF,IF:b_sem_taxas_absolutas,0.05,88,71,0.8068181818181818,0.0611541774332472,1.210574739644507
treino_2024_pos_dencun,sensitivity,insertion,b_sem_taxas_absolutas,IF,IF:b_sem_taxas_absolutas,0.1,175,153,0.8742857142857143,0.13178294573643412,1.3118050941306756
treino_2024_pos_dencun,sensitivity,displacement,b_sem_taxas_absolutas,IF,IF:b_sem_taxas_absolutas,0.01,24,0,0.0,0.0,0.0
treino_2024_pos_dencun,sensitivity,displacement,b_sem_taxas_absolutas,IF,IF:b_sem_taxas_absolutas,0.05,117,25,0.21367521367521367,0.021496130696474634,0.42735042735042733
treino_2024_pos_dencun,sensitivity,displacement,b_sem_taxas_absolutas,IF,IF:b_sem_taxas_absolutas,0.1,233,65,0.27896995708154504,0.05588993981083405,0.5579399141630901
treino_2024_pos_dencun,strict,all,c_sem_taxas_absolutas,AE,AE:c_sem_taxas_absolutas,0.01,19,12,0.631578947368421,0.009983361064891847,0.9584026622296173
treino_2024_pos_dencun,strict,all,c_sem_taxas_absolutas,AE,AE:c_sem_taxas_absolutas,0.05,92,54,0.5869565217391305,0.04492512479201331,0.8906894306590466
treino_2024_pos_dencun,strict,all,c_sem_taxas_absolutas,AE,AE:c_sem_taxas_absolutas,0.1,183,105,0.5737704918032787,0.08735440931780367,0.8706800141840103
treino_2024_pos_dencun,strict,insertion,c_sem_taxas_absolutas,AE,AE:c_sem_taxas_absolutas,0.01,18,12,0.6666666666666666,0.0103359173126615,1.0002871088142407
treino_2024_pos_dencun,strict,insertion,c_sem_taxas_absolutas,AE,AE:c_sem_taxas_absolutas,0.05,88,57,0.6477272727272727,0.04909560723514212,0.9718698614047451
treino_2024_pos_dencun,strict,insertion,c_sem_taxas_absolutas,AE,AE:c_sem_taxas_absolutas,0.1,175,110,0.6285714285714286,0.09474590869939707,0.9431278454534269
treino_2024_pos_dencun,strict,displacement,c_sem_taxas_absolutas,AE,AE:c_sem_taxas_absolutas,0.01,1,0,0.0,0.0,0.0
treino_2024_pos_dencun,strict,displacement,c_sem_taxas_absolutas,AE,AE:c_sem_taxas_absolutas,0.05,5,0,0.0,0.0,0.0
treino_2024_pos_dencun,strict,displacement,c_sem_taxas_absolutas,AE,AE:c_sem_taxas_absolutas,0.1,9,0,0.0,0.0,0.0
treino_2024_pos_dencun,sensitivity,all,c_sem_taxas_absolutas,AE,AE:c_sem_taxas_absolutas,0.01,41,23,0.5609756097560976,0.009896729776247849,0.9819487007262501
treino_2024_pos_dencun,sensitivity,all,c_sem_taxas_absolutas,AE,AE:c_sem_taxas_absolutas,0.05,204,112,0.5490196078431373,0.04819277108433735,0.9610205527994331
treino_2024_pos_dencun,sensitivity,all,c_sem_taxas_absolutas,AE,AE:c_sem_taxas_absolutas,0.1,407,211,0.5184275184275184,0.09079173838209983,0.9074712327724377
treino_2024_pos_dencun,sensitivity,insertion,c_sem_taxas_absolutas,AE,AE:c_sem_taxas_absolutas,0.01,18,12,0.6666666666666666,0.0103359173126615,1.0002871088142407
treino_2024_pos_dencun,sensitivity,insertion,c_sem_taxas_absolutas,AE,AE:c_sem_taxas_absolutas,0.05,88,57,0.6477272727272727,0.04909560723514212,0.9718698614047451
treino_2024_pos_dencun,sensitivity,insertion,c_sem_taxas_absolutas,AE,AE:c_sem_taxas_absolutas,0.1,175,110,0.6285714285714286,0.09474590869939707,0.9431278454534269
treino_2024_pos_dencun,sensitivity,displacement,c_sem_taxas_absolutas,AE,AE:c_sem_taxas_absolutas,0.01,24,13,0.5416666666666666,0.01117798796216681,1.0833333333333333
treino_2024_pos_dencun,sensitivity,displacement,c_sem_taxas_absolutas,AE,AE:c_sem_taxas_absolutas,0.05,117,54,0.46153846153846156,0.046431642304385214,0.9230769230769231
treino_2024_pos_dencun,sensitivity,displacement,c_sem_taxas_absolutas,AE,AE:c_sem_taxas_absolutas,0.1,233,108,0.463519313304721,0.09286328460877043,0.927038626609442
treino_2024_pos_dencun,strict,all,c_sem_taxas_absolutas,IF,IF:c_sem_taxas_absolutas,0.01,19,8,0.42105263157894735,0.0066555740432612314,0.6389351081530782
treino_2024_pos_dencun,strict,all,c_sem_taxas_absolutas,IF,IF:c_sem_taxas_absolutas,0.05,92,47,0.5108695652173914,0.039101497504159734,0.7752296896476888
treino_2024_pos_dencun,strict,all,c_sem_taxas_absolutas,IF,IF:c_sem_taxas_absolutas,0.1,183,120,0.6557377049180327,0.09983361064891846,0.9950628733531546
treino_2024_pos_dencun,strict,insertion,c_sem_taxas_absolutas,IF,IF:c_sem_taxas_absolutas,0.01,18,17,0.9444444444444444,0.014642549526270457,1.4170734041535076
treino_2024_pos_dencun,strict,insertion,c_sem_taxas_absolutas,IF,IF:c_sem_taxas_absolutas,0.05,88,72,0.8181818181818182,0.06201550387596899,1.2276250880902044
treino_2024_pos_dencun,strict,insertion,c_sem_taxas_absolutas,IF,IF:c_sem_taxas_absolutas,0.1,175,148,0.8457142857142858,0.12747631352282515,1.2689356466100652
treino_2024_pos_dencun,strict,displacement,c_sem_taxas_absolutas,IF,IF:c_sem_taxas_absolutas,0.01,1,0,0.0,0.0,0.0
treino_2024_pos_dencun,strict,displacement,c_sem_taxas_absolutas,IF,IF:c_sem_taxas_absolutas,0.05,5,0,0.0,0.0,0.0
treino_2024_pos_dencun,strict,displacement,c_sem_taxas_absolutas,IF,IF:c_sem_taxas_absolutas,0.1,9,0,0.0,0.0,0.0
treino_2024_pos_dencun,sensitivity,all,c_sem_taxas_absolutas,IF,IF:c_sem_taxas_absolutas,0.01,41,17,0.4146341463414634,0.007314974182444062,0.7257881701020108
treino_2024_pos_dencun,sensitivity,all,c_sem_taxas_absolutas,IF,IF:c_sem_taxas_absolutas,0.05,204,119,0.5833333333333334,0.05120481927710843,1.0210843373493976
treino_2024_pos_dencun,sensitivity,all,c_sem_taxas_absolutas,IF,IF:c_sem_taxas_absolutas,0.1,407,237,0.5823095823095823,0.10197934595524957,1.0192923325453447
treino_2024_pos_dencun,sensitivity,insertion,c_sem_taxas_absolutas,IF,IF:c_sem_taxas_absolutas,0.01,18,17,0.9444444444444444,0.014642549526270457,1.4170734041535076
treino_2024_pos_dencun,sensitivity,insertion,c_sem_taxas_absolutas,IF,IF:c_sem_taxas_absolutas,0.05,88,72,0.8181818181818182,0.06201550387596899,1.2276250880902044
treino_2024_pos_dencun,sensitivity,insertion,c_sem_taxas_absolutas,IF,IF:c_sem_taxas_absolutas,0.1,175,148,0.8457142857142858,0.12747631352282515,1.2689356466100652
treino_2024_pos_dencun,sensitivity,displacement,c_sem_taxas_absolutas,IF,IF:c_sem_taxas_absolutas,0.01,24,1,0.041666666666666664,0.0008598452278589854,0.08333333333333333
treino_2024_pos_dencun,sensitivity,displacement,c_sem_taxas_absolutas,IF,IF:c_sem_taxas_absolutas,0.05,117,30,0.2564102564102564,0.025795356835769563,0.5128205128205128
treino_2024_pos_dencun,sensitivity,displacement,c_sem_taxas_absolutas,IF,IF:c_sem_taxas_absolutas,0.1,233,79,0.33905579399141633,0.06792777300085985,0.6781115879828327
validacao_2025_pre_pectra,strict,all,a_completa,AE,AE:a_completa,0.01,11,6,0.5454545454545454,0.008759124087591242,0.8233576642335766
validacao_2025_pre_pectra,strict,all,a_completa,AE,AE:a_completa,0.05,52,19,0.36538461538461536,0.027737226277372264,0.5515440763615946
validacao_2025_pre_pectra,strict,all,a_completa,AE,AE:a_completa,0.1,104,46,0.4423076923076923,0.06715328467153285,0.6676586187535093
validacao_2025_pre_pectra,strict,insertion,a_completa,AE,AE:a_completa,0.01,11,7,0.6363636363636364,0.010401188707280832,0.9550182358503309
validacao_2025_pre_pectra,strict,insertion,a_completa,AE,AE:a_completa,0.05,51,25,0.49019607843137253,0.03714710252600297,0.7356583049267255
validacao_2025_pre_pectra,strict,insertion,a_completa,AE,AE:a_completa,0.1,101,51,0.504950495049505,0.07578008915304606,0.7578008915304606
validacao_2025_pre_pectra,strict,displacement,a_completa,AE,AE:a_completa,0.01,1,0,0.0,0.0,0.0
validacao_2025_pre_pectra,strict,displacement,a_completa,AE,AE:a_completa,0.05,2,0,0.0,0.0,0.0
validacao_2025_pre_pectra,strict,displacement,a_completa,AE,AE:a_completa,0.1,3,1,0.3333333333333333,0.08333333333333333,0.6666666666666666
validacao_2025_pre_pectra,sensitivity,all,a_completa,AE,AE:a_completa,0.01,13,4,0.3076923076923077,0.0049504950495049506,0.4874333587204875
validacao_2025_pre_pectra,sensitivity,all,a_completa,AE,AE:a_completa,0.05,64,32,0.5,0.039603960396039604,0.7920792079207921
validacao_2025_pre_pectra,sensitivity,all,a_completa,AE,AE:a_completa,0.1,128,64,0.5,0.07920792079207921,0.7920792079207921
validacao_2025_pre_pectra,sensitivity,insertion,a_completa,AE,AE:a_completa,0.01,11,7,0.6363636363636364,0.010401188707280832,0.9550182358503309
validacao_2025_pre_pectra,sensitivity,insertion,a_completa,AE,AE:a_completa,0.05,51,25,0.49019607843137253,0.03714710252600297,0.7356583049267255
validacao_2025_pre_pectra,sensitivity,insertion,a_completa,AE,AE:a_completa,0.1,101,51,0.504950495049505,0.07578008915304606,0.7578008915304606
validacao_2025_pre_pectra,sensitivity,displacement,a_completa,AE,AE:a_completa,0.01,3,0,0.0,0.0,0.0
validacao_2025_pre_pectra,sensitivity,displacement,a_completa,AE,AE:a_completa,0.05,14,4,0.2857142857142857,0.02962962962962963,0.5714285714285714
validacao_2025_pre_pectra,sensitivity,displacement,a_completa,AE,AE:a_completa,0.1,27,13,0.48148148148148145,0.0962962962962963,0.9629629629629629
validacao_2025_pre_pectra,strict,all,a_completa,IF,IF:a_completa,0.01,11,9,0.8181818181818182,0.013138686131386862,1.235036496350365
validacao_2025_pre_pectra,strict,all,a_completa,IF,IF:a_completa,0.05,52,47,0.9038461538461539,0.06861313868613139,1.3643458731049973
validacao_2025_pre_pectra,strict,all,a_completa,IF,IF:a_completa,0.1,104,99,0.9519230769230769,0.14452554744525548,1.4369174620999439
validacao_2025_pre_pectra,strict,insertion,a_completa,IF,IF:a_completa,0.01,11,11,1.0,0.01634472511144131,1.50074294205052
validacao_2025_pre_pectra,strict,insertion,a_completa,IF,IF:a_completa,0.05,51,50,0.9803921568627451,0.07429420505200594,1.471316609853451
validacao_2025_pre_pectra,strict,insertion,a_completa,IF,IF:a_completa,0.1,101,100,0.9900990099009901,0.1485884101040119,1.4858841010401187
validacao_2025_pre_pectra,strict,displacement,a_completa,IF,IF:a_completa,0.01,1,0,0.0,0.0,0.0
validacao_2025_pre_pectra,strict,displacement,a_completa,IF,IF:a_completa,0.05,2,0,0.0,0.0,0.0
validacao_2025_pre_pectra,strict,displacement,a_completa,IF,IF:a_completa,0.1,3,0,0.0,0.0,0.0
validacao_2025_pre_pectra,sensitivity,all,a_completa,IF,IF:a_completa,0.01,13,11,0.8461538461538461,0.013613861386138614,1.3404417364813406
validacao_2025_pre_pectra,sensitivity,all,a_completa,IF,IF:a_completa,0.05,64,59,0.921875,0.07301980198019802,1.4603960396039604
validacao_2025_pre_pectra,sensitivity,all,a_completa,IF,IF:a_completa,0.1,128,121,0.9453125,0.14975247524752475,1.4975247524752475
validacao_2025_pre_pectra,sensitivity,insertion,a_completa,IF,IF:a_completa,0.01,11,11,1.0,0.01634472511144131,1.50074294205052
validacao_2025_pre_pectra,sensitivity,insertion,a_completa,IF,IF:a_completa,0.05,51,50,0.9803921568627451,0.07429420505200594,1.471316609853451
validacao_2025_pre_pectra,sensitivity,insertion,a_completa,IF,IF:a_completa,0.1,101,100,0.9900990099009901,0.1485884101040119,1.4858841010401187
validacao_2025_pre_pectra,sensitivity,displacement,a_completa,IF,IF:a_completa,0.01,3,0,0.0,0.0,0.0
validacao_2025_pre_pectra,sensitivity,displacement,a_completa,IF,IF:a_completa,0.05,14,5,0.35714285714285715,0.037037037037037035,0.7142857142857143
validacao_2025_pre_pectra,sensitivity,displacement,a_completa,IF,IF:a_completa,0.1,27,9,0.3333333333333333,0.06666666666666667,0.6666666666666666
validacao_2025_pre_pectra,strict,all,b_completa,AE,AE:b_completa,0.01,11,8,0.7272727272727273,0.01167883211678832,1.0978102189781023
validacao_2025_pre_pectra,strict,all,b_completa,AE,AE:b_completa,0.05,52,39,0.75,0.05693430656934306,1.132116788321168
validacao_2025_pre_pectra,strict,all,b_completa,AE,AE:b_completa,0.1,104,72,0.6923076923076923,0.10510948905109489,1.045030881527232
validacao_2025_pre_pectra,strict,insertion,b_completa,AE,AE:b_completa,0.01,11,8,0.7272727272727273,0.01188707280832095,1.0914494124003782
validacao_2025_pre_pectra,strict,insertion,b_completa,AE,AE:b_completa,0.05,51,39,0.7647058823529411,0.05794947994056464,1.1476269556856917
validacao_2025_pre_pectra,strict,insertion,b_completa,AE,AE:b_completa,0.1,101,69,0.6831683168316832,0.1025260029717682,1.025260029717682
validacao_2025_pre_pectra,strict,displacement,b_completa,AE,AE:b_completa,0.01,1,0,0.0,0.0,0.0
validacao_2025_pre_pectra,strict,displacement,b_completa,AE,AE:b_completa,0.05,2,0,0.0,0.0,0.0
validacao_2025_pre_pectra,strict,displacement,b_completa,AE,AE:b_completa,0.1,3,0,0.0,0.0,0.0
validacao_2025_pre_pectra,sensitivity,all,b_completa,AE,AE:b_completa,0.01,13,7,0.5384615384615384,0.008663366336633664,0.853008377760853
validacao_2025_pre_pectra,sensitivity,all,b_completa,AE,AE:b_completa,0.05,64,45,0.703125,0.055693069306930694,1.113861386138614
validacao_2025_pre_pectra,sensitivity,all,b_completa,AE,AE:b_completa,0.1,128,83,0.6484375,0.10272277227722772,1.0272277227722773
validacao_2025_pre_pectra,sensitivity,insertion,b_completa,AE,AE:b_completa,0.01,11,8,0.7272727272727273,0.01188707280832095,1.0914494124003782
validacao_2025_pre_pectra,sensitivity,insertion,b_completa,AE,AE:b_completa,0.05,51,39,0.7647058823529411,0.05794947994056464,1.1476269556856917
validacao_2025_pre_pectra,sensitivity,insertion,b_completa,AE,AE:b_completa,0.1,101,69,0.6831683168316832,0.1025260029717682,1.025260029717682
validacao_2025_pre_pectra,sensitivity,displacement,b_completa,AE,AE:b_completa,0.01,3,1,0.3333333333333333,0.007407407407407408,0.6666666666666666
validacao_2025_pre_pectra,sensitivity,displacement,b_completa,AE,AE:b_completa,0.05,14,7,0.5,0.05185185185185185,1.0
validacao_2025_pre_pectra,sensitivity,displacement,b_completa,AE,AE:b_completa,0.1,27,12,0.4444444444444444,0.08888888888888889,0.8888888888888888
validacao_2025_pre_pectra,strict,all,b_completa,IF,IF:b_completa,0.01,11,10,0.9090909090909091,0.014598540145985401,1.3722627737226278
validacao_2025_pre_pectra,strict,all,b_completa,IF,IF:b_completa,0.05,52,48,0.9230769230769231,0.07007299270072993,1.393374508702976
validacao_2025_pre_pectra,strict,all,b_completa,IF,IF:b_completa,0.1,104,99,0.9519230769230769,0.14452554744525548,1.4369174620999439
validacao_2025_pre_pectra,strict,insertion,b_completa,IF,IF:b_completa,0.01,11,11,1.0,0.01634472511144131,1.50074294205052
validacao_2025_pre_pectra,strict,insertion,b_completa,IF,IF:b_completa,0.05,51,51,1.0,0.07578008915304606,1.50074294205052
validacao_2025_pre_pectra,strict,insertion,b_completa,IF,IF:b_completa,0.1,101,100,0.9900990099009901,0.1485884101040119,1.4858841010401187
validacao_2025_pre_pectra,strict,displacement,b_completa,IF,IF:b_completa,0.01,1,0,0.0,0.0,0.0
validacao_2025_pre_pectra,strict,displacement,b_completa,IF,IF:b_completa,0.05,2,0,0.0,0.0,0.0
validacao_2025_pre_pectra,strict,displacement,b_completa,IF,IF:b_completa,0.1,3,0,0.0,0.0,0.0
validacao_2025_pre_pectra,sensitivity,all,b_completa,IF,IF:b_completa,0.01,13,12,0.9230769230769231,0.01485148514851485,1.4623000761614624
validacao_2025_pre_pectra,sensitivity,all,b_completa,IF,IF:b_completa,0.05,64,60,0.9375,0.07425742574257425,1.4851485148514851
validacao_2025_pre_pectra,sensitivity,all,b_completa,IF,IF:b_completa,0.1,128,122,0.953125,0.15099009900990099,1.50990099009901
validacao_2025_pre_pectra,sensitivity,insertion,b_completa,IF,IF:b_completa,0.01,11,11,1.0,0.01634472511144131,1.50074294205052
validacao_2025_pre_pectra,sensitivity,insertion,b_completa,IF,IF:b_completa,0.05,51,51,1.0,0.07578008915304606,1.50074294205052
validacao_2025_pre_pectra,sensitivity,insertion,b_completa,IF,IF:b_completa,0.1,101,100,0.9900990099009901,0.1485884101040119,1.4858841010401187
validacao_2025_pre_pectra,sensitivity,displacement,b_completa,IF,IF:b_completa,0.01,3,0,0.0,0.0,0.0
validacao_2025_pre_pectra,sensitivity,displacement,b_completa,IF,IF:b_completa,0.05,14,3,0.21428571428571427,0.022222222222222223,0.42857142857142855
validacao_2025_pre_pectra,sensitivity,displacement,b_completa,IF,IF:b_completa,0.1,27,6,0.2222222222222222,0.044444444444444446,0.4444444444444444
validacao_2025_pre_pectra,strict,all,c_completa,AE,AE:c_completa,0.01,11,7,0.6363636363636364,0.010218978102189781,0.9605839416058395
validacao_2025_pre_pectra,strict,all,c_completa,AE,AE:c_completa,0.05,52,32,0.6153846153846154,0.04671532846715328,0.9289163391353173
validacao_2025_pre_pectra,strict,all,c_completa,AE,AE:c_completa,0.1,104,62,0.5961538461538461,0.0905109489051095,0.8998877035373386
validacao_2025_pre_pectra,strict,insertion,c_completa,AE,AE:c_completa,0.01,11,7,0.6363636363636364,0.010401188707280832,0.9550182358503309
validacao_2025_pre_pectra,strict,insertion,c_completa,AE,AE:c_completa,0.05,51,32,0.6274509803921569,0.0475482912332838,0.9416426303062087
validacao_2025_pre_pectra,strict,insertion,c_completa,AE,AE:c_completa,0.1,101,62,0.6138613861386139,0.09212481426448738,0.9212481426448736
validacao_2025_pre_pectra,strict,displacement,c_completa,AE,AE:c_completa,0.01,1,0,0.0,0.0,0.0
validacao_2025_pre_pectra,strict,displacement,c_completa,AE,AE:c_completa,0.05,2,1,0.5,0.08333333333333333,1.0
validacao_2025_pre_pectra,strict,displacement,c_completa,AE,AE:c_completa,0.1,3,1,0.3333333333333333,0.08333333333333333,0.6666666666666666
validacao_2025_pre_pectra,sensitivity,all,c_completa,AE,AE:c_completa,0.01,13,8,0.6153846153846154,0.009900990099009901,0.974866717440975
validacao_2025_pre_pectra,sensitivity,all,c_completa,AE,AE:c_completa,0.05,64,31,0.484375,0.038366336633663366,0.7673267326732673
validacao_2025_pre_pectra,sensitivity,all,c_completa,AE,AE:c_completa,0.1,128,61,0.4765625,0.07549504950495049,0.754950495049505
validacao_2025_pre_pectra,sensitivity,insertion,c_completa,AE,AE:c_completa,0.01,11,7,0.6363636363636364,0.010401188707280832,0.9550182358503309
validacao_2025_pre_pectra,sensitivity,insertion,c_completa,AE,AE:c_completa,0.05,51,32,0.6274509803921569,0.0475482912332838,0.9416426303062087
validacao_2025_pre_pectra,sensitivity,insertion,c_completa,AE,AE:c_completa,0.1,101,62,0.6138613861386139,0.09212481426448738,0.9212481426448736
validacao_2025_pre_pectra,sensitivity,displacement,c_completa,AE,AE:c_completa,0.01,3,1,0.3333333333333333,0.007407407407407408,0.6666666666666666
validacao_2025_pre_pectra,sensitivity,displacement,c_completa,AE,AE:c_completa,0.05,14,6,0.42857142857142855,0.044444444444444446,0.8571428571428571
validacao_2025_pre_pectra,sensitivity,displacement,c_completa,AE,AE:c_completa,0.1,27,10,0.37037037037037035,0.07407407407407407,0.7407407407407407
validacao_2025_pre_pectra,strict,all,c_completa,IF,IF:c_completa,0.01,11,10,0.9090909090909091,0.014598540145985401,1.3722627737226278
validacao_2025_pre_pectra,strict,all,c_completa,IF,IF:c_completa,0.05,52,48,0.9230769230769231,0.07007299270072993,1.393374508702976
validacao_2025_pre_pectra,strict,all,c_completa,IF,IF:c_completa,0.1,104,99,0.9519230769230769,0.14452554744525548,1.4369174620999439
validacao_2025_pre_pectra,strict,insertion,c_completa,IF,IF:c_completa,0.01,11,11,1.0,0.01634472511144131,1.50074294205052
validacao_2025_pre_pectra,strict,insertion,c_completa,IF,IF:c_completa,0.05,51,50,0.9803921568627451,0.07429420505200594,1.471316609853451
validacao_2025_pre_pectra,strict,insertion,c_completa,IF,IF:c_completa,0.1,101,100,0.9900990099009901,0.1485884101040119,1.4858841010401187
validacao_2025_pre_pectra,strict,displacement,c_completa,IF,IF:c_completa,0.01,1,0,0.0,0.0,0.0
validacao_2025_pre_pectra,strict,displacement,c_completa,IF,IF:c_completa,0.05,2,0,0.0,0.0,0.0
validacao_2025_pre_pectra,strict,displacement,c_completa,IF,IF:c_completa,0.1,3,0,0.0,0.0,0.0
validacao_2025_pre_pectra,sensitivity,all,c_completa,IF,IF:c_completa,0.01,13,12,0.9230769230769231,0.01485148514851485,1.4623000761614624
validacao_2025_pre_pectra,sensitivity,all,c_completa,IF,IF:c_completa,0.05,64,59,0.921875,0.07301980198019802,1.4603960396039604
validacao_2025_pre_pectra,sensitivity,all,c_completa,IF,IF:c_completa,0.1,128,123,0.9609375,0.15222772277227722,1.5222772277227723
validacao_2025_pre_pectra,sensitivity,insertion,c_completa,IF,IF:c_completa,0.01,11,11,1.0,0.01634472511144131,1.50074294205052
validacao_2025_pre_pectra,sensitivity,insertion,c_completa,IF,IF:c_completa,0.05,51,50,0.9803921568627451,0.07429420505200594,1.471316609853451
validacao_2025_pre_pectra,sensitivity,insertion,c_completa,IF,IF:c_completa,0.1,101,100,0.9900990099009901,0.1485884101040119,1.4858841010401187
validacao_2025_pre_pectra,sensitivity,displacement,c_completa,IF,IF:c_completa,0.01,3,0,0.0,0.0,0.0
validacao_2025_pre_pectra,sensitivity,displacement,c_completa,IF,IF:c_completa,0.05,14,2,0.14285714285714285,0.014814814814814815,0.2857142857142857
validacao_2025_pre_pectra,sensitivity,displacement,c_completa,IF,IF:c_completa,0.1,27,10,0.37037037037037035,0.07407407407407407,0.7407407407407407
validacao_2025_pre_pectra,strict,all,b_sem_taxas_absolutas,AE,AE:b_sem_taxas_absolutas,0.01,11,8,0.7272727272727273,0.01167883211678832,1.0978102189781023
validacao_2025_pre_pectra,strict,all,b_sem_taxas_absolutas,AE,AE:b_sem_taxas_absolutas,0.05,52,39,0.75,0.05693430656934306,1.132116788321168
validacao_2025_pre_pectra,strict,all,b_sem_taxas_absolutas,AE,AE:b_sem_taxas_absolutas,0.1,104,79,0.7596153846153846,0.11532846715328467,1.1466311061201573
validacao_2025_pre_pectra,strict,insertion,b_sem_taxas_absolutas,AE,AE:b_sem_taxas_absolutas,0.01,11,8,0.7272727272727273,0.01188707280832095,1.0914494124003782
validacao_2025_pre_pectra,strict,insertion,b_sem_taxas_absolutas,AE,AE:b_sem_taxas_absolutas,0.05,51,40,0.7843137254901961,0.05943536404160475,1.1770532878827606
validacao_2025_pre_pectra,strict,insertion,b_sem_taxas_absolutas,AE,AE:b_sem_taxas_absolutas,0.1,101,80,0.7920792079207921,0.1188707280832095,1.188707280832095
validacao_2025_pre_pectra,strict,displacement,b_sem_taxas_absolutas,AE,AE:b_sem_taxas_absolutas,0.01,1,0,0.0,0.0,0.0
validacao_2025_pre_pectra,strict,displacement,b_sem_taxas_absolutas,AE,AE:b_sem_taxas_absolutas,0.05,2,0,0.0,0.0,0.0
validacao_2025_pre_pectra,strict,displacement,b_sem_taxas_absolutas,AE,AE:b_sem_taxas_absolutas,0.1,3,0,0.0,0.0,0.0
validacao_2025_pre_pectra,sensitivity,all,b_sem_taxas_absolutas,AE,AE:b_sem_taxas_absolutas,0.01,13,10,0.7692307692307693,0.012376237623762377,1.2185833968012187
validacao_2025_pre_pectra,sensitivity,all,b_sem_taxas_absolutas,AE,AE:b_sem_taxas_absolutas,0.05,64,47,0.734375,0.05816831683168317,1.1633663366336635
validacao_2025_pre_pectra,sensitivity,all,b_sem_taxas_absolutas,AE,AE:b_sem_taxas_absolutas,0.1,128,92,0.71875,0.11386138613861387,1.1386138613861387
validacao_2025_pre_pectra,sensitivity,insertion,b_sem_taxas_absolutas,AE,AE:b_sem_taxas_absolutas,0.01,11,8,0.7272727272727273,0.01188707280832095,1.0914494124003782
validacao_2025_pre_pectra,sensitivity,insertion,b_sem_taxas_absolutas,AE,AE:b_sem_taxas_absolutas,0.05,51,40,0.7843137254901961,0.05943536404160475,1.1770532878827606
validacao_2025_pre_pectra,sensitivity,insertion,b_sem_taxas_absolutas,AE,AE:b_sem_taxas_absolutas,0.1,101,80,0.7920792079207921,0.1188707280832095,1.188707280832095
validacao_2025_pre_pectra,sensitivity,displacement,b_sem_taxas_absolutas,AE,AE:b_sem_taxas_absolutas,0.01,3,0,0.0,0.0,0.0
validacao_2025_pre_pectra,sensitivity,displacement,b_sem_taxas_absolutas,AE,AE:b_sem_taxas_absolutas,0.05,14,5,0.35714285714285715,0.037037037037037035,0.7142857142857143
validacao_2025_pre_pectra,sensitivity,displacement,b_sem_taxas_absolutas,AE,AE:b_sem_taxas_absolutas,0.1,27,10,0.37037037037037035,0.07407407407407407,0.7407407407407407
validacao_2025_pre_pectra,strict,all,b_sem_taxas_absolutas,IF,IF:b_sem_taxas_absolutas,0.01,11,4,0.36363636363636365,0.00583941605839416,0.5489051094890511
validacao_2025_pre_pectra,strict,all,b_sem_taxas_absolutas,IF,IF:b_sem_taxas_absolutas,0.05,52,38,0.7307692307692307,0.05547445255474453,1.1030881527231893
validacao_2025_pre_pectra,strict,all,b_sem_taxas_absolutas,IF,IF:b_sem_taxas_absolutas,0.1,104,82,0.7884615384615384,0.11970802919708029,1.1901740595171253
validacao_2025_pre_pectra,strict,insertion,b_sem_taxas_absolutas,IF,IF:b_sem_taxas_absolutas,0.01,11,8,0.7272727272727273,0.01188707280832095,1.0914494124003782
validacao_2025_pre_pectra,strict,insertion,b_sem_taxas_absolutas,IF,IF:b_sem_taxas_absolutas,0.05,51,44,0.8627450980392157,0.06537890044576523,1.294758616671037
validacao_2025_pre_pectra,strict,insertion,b_sem_taxas_absolutas,IF,IF:b_sem_taxas_absolutas,0.1,101,88,0.8712871287128713,0.13075780089153047,1.3075780089153046
validacao_2025_pre_pectra,strict,displacement,b_sem_taxas_absolutas,IF,IF:b_sem_taxas_absolutas,0.01,1,0,0.0,0.0,0.0
validacao_2025_pre_pectra,strict,displacement,b_sem_taxas_absolutas,IF,IF:b_sem_taxas_absolutas,0.05,2,0,0.0,0.0,0.0
validacao_2025_pre_pectra,strict,displacement,b_sem_taxas_absolutas,IF,IF:b_sem_taxas_absolutas,0.1,3,0,0.0,0.0,0.0
validacao_2025_pre_pectra,sensitivity,all,b_sem_taxas_absolutas,IF,IF:b_sem_taxas_absolutas,0.01,13,5,0.38461538461538464,0.006188118811881188,0.6092916984006094
validacao_2025_pre_pectra,sensitivity,all,b_sem_taxas_absolutas,IF,IF:b_sem_taxas_absolutas,0.05,64,49,0.765625,0.06064356435643564,1.2128712871287128
validacao_2025_pre_pectra,sensitivity,all,b_sem_taxas_absolutas,IF,IF:b_sem_taxas_absolutas,0.1,128,93,0.7265625,0.1150990099009901,1.1509900990099011
validacao_2025_pre_pectra,sensitivity,insertion,b_sem_taxas_absolutas,IF,IF:b_sem_taxas_absolutas,0.01,11,8,0.7272727272727273,0.01188707280832095,1.0914494124003782
validacao_2025_pre_pectra,sensitivity,insertion,b_sem_taxas_absolutas,IF,IF:b_sem_taxas_absolutas,0.05,51,44,0.8627450980392157,0.06537890044576523,1.294758616671037
validacao_2025_pre_pectra,sensitivity,insertion,b_sem_taxas_absolutas,IF,IF:b_sem_taxas_absolutas,0.1,101,88,0.8712871287128713,0.13075780089153047,1.3075780089153046
validacao_2025_pre_pectra,sensitivity,displacement,b_sem_taxas_absolutas,IF,IF:b_sem_taxas_absolutas,0.01,3,0,0.0,0.0,0.0
validacao_2025_pre_pectra,sensitivity,displacement,b_sem_taxas_absolutas,IF,IF:b_sem_taxas_absolutas,0.05,14,2,0.14285714285714285,0.014814814814814815,0.2857142857142857
validacao_2025_pre_pectra,sensitivity,displacement,b_sem_taxas_absolutas,IF,IF:b_sem_taxas_absolutas,0.1,27,6,0.2222222222222222,0.044444444444444446,0.4444444444444444
validacao_2025_pre_pectra,strict,all,c_sem_taxas_absolutas,AE,AE:c_sem_taxas_absolutas,0.01,11,5,0.45454545454545453,0.0072992700729927005,0.6861313868613139
validacao_2025_pre_pectra,strict,all,c_sem_taxas_absolutas,AE,AE:c_sem_taxas_absolutas,0.05,52,37,0.7115384615384616,0.05401459854014599,1.0740595171252107
validacao_2025_pre_pectra,strict,all,c_sem_taxas_absolutas,AE,AE:c_sem_taxas_absolutas,0.1,104,69,0.6634615384615384,0.10072992700729927,1.001487928130264
validacao_2025_pre_pectra,strict,insertion,c_sem_taxas_absolutas,AE,AE:c_sem_taxas_absolutas,0.01,11,5,0.45454545454545453,0.007429420505200594,0.6821558827502363
validacao_2025_pre_pectra,strict,insertion,c_sem_taxas_absolutas,AE,AE:c_sem_taxas_absolutas,0.05,51,37,0.7254901960784313,0.0549777117384844,1.0887742912915537
validacao_2025_pre_pectra,strict,insertion,c_sem_taxas_absolutas,AE,AE:c_sem_taxas_absolutas,0.1,101,70,0.693069306930693,0.10401188707280833,1.040118870728083
validacao_2025_pre_pectra,strict,displacement,c_sem_taxas_absolutas,AE,AE:c_sem_taxas_absolutas,0.01,1,0,0.0,0.0,0.0
validacao_2025_pre_pectra,strict,displacement,c_sem_taxas_absolutas,AE,AE:c_sem_taxas_absolutas,0.05,2,0,0.0,0.0,0.0
validacao_2025_pre_pectra,strict,displacement,c_sem_taxas_absolutas,AE,AE:c_sem_taxas_absolutas,0.1,3,0,0.0,0.0,0.0
validacao_2025_pre_pectra,sensitivity,all,c_sem_taxas_absolutas,AE,AE:c_sem_taxas_absolutas,0.01,13,6,0.46153846153846156,0.007425742574257425,0.7311500380807312
validacao_2025_pre_pectra,sensitivity,all,c_sem_taxas_absolutas,AE,AE:c_sem_taxas_absolutas,0.05,64,42,0.65625,0.05198019801980198,1.0396039603960396
validacao_2025_pre_pectra,sensitivity,all,c_sem_taxas_absolutas,AE,AE:c_sem_taxas_absolutas,0.1,128,79,0.6171875,0.09777227722772278,0.9777227722772277
validacao_2025_pre_pectra,sensitivity,insertion,c_sem_taxas_absolutas,AE,AE:c_sem_taxas_absolutas,0.01,11,5,0.45454545454545453,0.007429420505200594,0.6821558827502363
validacao_2025_pre_pectra,sensitivity,insertion,c_sem_taxas_absolutas,AE,AE:c_sem_taxas_absolutas,0.05,51,37,0.7254901960784313,0.0549777117384844,1.0887742912915537
validacao_2025_pre_pectra,sensitivity,insertion,c_sem_taxas_absolutas,AE,AE:c_sem_taxas_absolutas,0.1,101,70,0.693069306930693,0.10401188707280833,1.040118870728083
validacao_2025_pre_pectra,sensitivity,displacement,c_sem_taxas_absolutas,AE,AE:c_sem_taxas_absolutas,0.01,3,0,0.0,0.0,0.0
validacao_2025_pre_pectra,sensitivity,displacement,c_sem_taxas_absolutas,AE,AE:c_sem_taxas_absolutas,0.05,14,5,0.35714285714285715,0.037037037037037035,0.7142857142857143
validacao_2025_pre_pectra,sensitivity,displacement,c_sem_taxas_absolutas,AE,AE:c_sem_taxas_absolutas,0.1,27,12,0.4444444444444444,0.08888888888888889,0.8888888888888888
validacao_2025_pre_pectra,strict,all,c_sem_taxas_absolutas,IF,IF:c_sem_taxas_absolutas,0.01,11,7,0.6363636363636364,0.010218978102189781,0.9605839416058395
validacao_2025_pre_pectra,strict,all,c_sem_taxas_absolutas,IF,IF:c_sem_taxas_absolutas,0.05,52,41,0.7884615384615384,0.059854014598540145,1.1901740595171253
validacao_2025_pre_pectra,strict,all,c_sem_taxas_absolutas,IF,IF:c_sem_taxas_absolutas,0.1,104,85,0.8173076923076923,0.12408759124087591,1.2337170129140933
validacao_2025_pre_pectra,strict,insertion,c_sem_taxas_absolutas,IF,IF:c_sem_taxas_absolutas,0.01,11,8,0.7272727272727273,0.01188707280832095,1.0914494124003782
validacao_2025_pre_pectra,strict,insertion,c_sem_taxas_absolutas,IF,IF:c_sem_taxas_absolutas,0.05,51,44,0.8627450980392157,0.06537890044576523,1.294758616671037
validacao_2025_pre_pectra,strict,insertion,c_sem_taxas_absolutas,IF,IF:c_sem_taxas_absolutas,0.1,101,90,0.8910891089108911,0.1337295690936107,1.337295690936107
validacao_2025_pre_pectra,strict,displacement,c_sem_taxas_absolutas,IF,IF:c_sem_taxas_absolutas,0.01,1,0,0.0,0.0,0.0
validacao_2025_pre_pectra,strict,displacement,c_sem_taxas_absolutas,IF,IF:c_sem_taxas_absolutas,0.05,2,0,0.0,0.0,0.0
validacao_2025_pre_pectra,strict,displacement,c_sem_taxas_absolutas,IF,IF:c_sem_taxas_absolutas,0.1,3,0,0.0,0.0,0.0
validacao_2025_pre_pectra,sensitivity,all,c_sem_taxas_absolutas,IF,IF:c_sem_taxas_absolutas,0.01,13,8,0.6153846153846154,0.009900990099009901,0.974866717440975
validacao_2025_pre_pectra,sensitivity,all,c_sem_taxas_absolutas,IF,IF:c_sem_taxas_absolutas,0.05,64,49,0.765625,0.06064356435643564,1.2128712871287128
validacao_2025_pre_pectra,sensitivity,all,c_sem_taxas_absolutas,IF,IF:c_sem_taxas_absolutas,0.1,128,103,0.8046875,0.12747524752475248,1.2747524752475248
validacao_2025_pre_pectra,sensitivity,insertion,c_sem_taxas_absolutas,IF,IF:c_sem_taxas_absolutas,0.01,11,8,0.7272727272727273,0.01188707280832095,1.0914494124003782
validacao_2025_pre_pectra,sensitivity,insertion,c_sem_taxas_absolutas,IF,IF:c_sem_taxas_absolutas,0.05,51,44,0.8627450980392157,0.06537890044576523,1.294758616671037
validacao_2025_pre_pectra,sensitivity,insertion,c_sem_taxas_absolutas,IF,IF:c_sem_taxas_absolutas,0.1,101,90,0.8910891089108911,0.1337295690936107,1.337295690936107
validacao_2025_pre_pectra,sensitivity,displacement,c_sem_taxas_absolutas,IF,IF:c_sem_taxas_absolutas,0.01,3,0,0.0,0.0,0.0
validacao_2025_pre_pectra,sensitivity,displacement,c_sem_taxas_absolutas,IF,IF:c_sem_taxas_absolutas,0.05,14,2,0.14285714285714285,0.014814814814814815,0.2857142857142857
validacao_2025_pre_pectra,sensitivity,displacement,c_sem_taxas_absolutas,IF,IF:c_sem_taxas_absolutas,0.1,27,6,0.2222222222222222,0.044444444444444446,0.4444444444444444
transicao_pectra_2025,strict,all,a_completa,AE,AE:a_completa,0.01,3,2,0.6666666666666666,0.014388489208633094,1.0023980815347722
transicao_pectra_2025,strict,all,a_completa,AE,AE:a_completa,0.05,11,5,0.45454545454545453,0.03597122302158273,0.6834532374100719
transicao_pectra_2025,strict,all,a_completa,AE,AE:a_completa,0.1,21,11,0.5238095238095238,0.07913669064748201,0.7875984926344639
transicao_pectra_2025,strict,insertion,a_completa,AE,AE:a_completa,0.01,3,3,1.0,0.021739130434782608,1.5
transicao_pectra_2025,strict,insertion,a_completa,AE,AE:a_completa,0.05,11,4,0.36363636363636365,0.028985507246376812,0.5454545454545455
transicao_pectra_2025,strict,insertion,a_completa,AE,AE:a_completa,0.1,21,11,0.5238095238095238,0.07971014492753623,0.7857142857142858
transicao_pectra_2025,strict,displacement,a_completa,AE,AE:a_completa,0.01,1,0,0.0,0.0,0.0
transicao_pectra_2025,strict,displacement,a_completa,AE,AE:a_completa,0.05,1,0,0.0,0.0,0.0
transicao_pectra_2025,strict,displacement,a_completa,AE,AE:a_completa,0.1,1,0,0.0,0.0,0.0
transicao_pectra_2025,sensitivity,all,a_completa,AE,AE:a_completa,0.01,4,1,0.25,0.004694835680751174,0.41901408450704225
transicao_pectra_2025,sensitivity,all,a_completa,AE,AE:a_completa,0.05,18,8,0.4444444444444444,0.03755868544600939,0.7449139280125195
transicao_pectra_2025,sensitivity,all,a_completa,AE,AE:a_completa,0.1,36,19,0.5277777777777778,0.0892018779342723,0.884585289514867
transicao_pectra_2025,sensitivity,insertion,a_completa,AE,AE:a_completa,0.01,3,3,1.0,0.021739130434782608,1.5
transicao_pectra_2025,sensitivity,insertion,a_completa,AE,AE:a_completa,0.05,11,4,0.36363636363636365,0.028985507246376812,0.5454545454545455
transicao_pectra_2025,sensitivity,insertion,a_completa,AE,AE:a_completa,0.1,21,11,0.5238095238095238,0.07971014492753623,0.7857142857142858
transicao_pectra_2025,sensitivity,displacement,a_completa,AE,AE:a_completa,0.01,2,1,0.5,0.013333333333333334,1.0
transicao_pectra_2025,sensitivity,displacement,a_completa,AE,AE:a_completa,0.05,8,3,0.375,0.04,0.75
transicao_pectra_2025,sensitivity,displacement,a_completa,AE,AE:a_completa,0.1,15,7,0.4666666666666667,0.09333333333333334,0.9333333333333333
transicao_pectra_2025,strict,all,a_completa,IF,IF:a_completa,0.01,3,3,1.0,0.02158273381294964,1.5035971223021583
transicao_pectra_2025,strict,all,a_completa,IF,IF:a_completa,0.05,11,11,1.0,0.07913669064748201,1.5035971223021583
transicao_pectra_2025,strict,all,a_completa,IF,IF:a_completa,0.1,21,20,0.9523809523809523,0.14388489208633093,1.4319972593353887
transicao_pectra_2025,strict,insertion,a_completa,IF,IF:a_completa,0.01,3,3,1.0,0.021739130434782608,1.5
transicao_pectra_2025,strict,insertion,a_completa,IF,IF:a_completa,0.05,11,11,1.0,0.07971014492753623,1.5
transicao_pectra_2025,strict,insertion,a_completa,IF,IF:a_completa,0.1,21,21,1.0,0.15217391304347827,1.5
transicao_pectra_2025,strict,displacement,a_completa,IF,IF:a_completa,0.01,1,0,0.0,0.0,0.0
transicao_pectra_2025,strict,displacement,a_completa,IF,IF:a_completa,0.05,1,0,0.0,0.0,0.0
transicao_pectra_2025,strict,displacement,a_completa,IF,IF:a_completa,0.1,1,0,0.0,0.0,0.0
transicao_pectra_2025,sensitivity,all,a_completa,IF,IF:a_completa,0.01,4,4,1.0,0.018779342723004695,1.676056338028169
transicao_pectra_2025,sensitivity,all,a_completa,IF,IF:a_completa,0.05,18,18,1.0,0.08450704225352113,1.676056338028169
transicao_pectra_2025,sensitivity,all,a_completa,IF,IF:a_completa,0.1,36,33,0.9166666666666666,0.15492957746478872,1.5363849765258215
transicao_pectra_2025,sensitivity,insertion,a_completa,IF,IF:a_completa,0.01,3,3,1.0,0.021739130434782608,1.5
transicao_pectra_2025,sensitivity,insertion,a_completa,IF,IF:a_completa,0.05,11,11,1.0,0.07971014492753623,1.5
transicao_pectra_2025,sensitivity,insertion,a_completa,IF,IF:a_completa,0.1,21,21,1.0,0.15217391304347827,1.5
transicao_pectra_2025,sensitivity,displacement,a_completa,IF,IF:a_completa,0.01,2,0,0.0,0.0,0.0
transicao_pectra_2025,sensitivity,displacement,a_completa,IF,IF:a_completa,0.05,8,2,0.25,0.02666666666666667,0.5
transicao_pectra_2025,sensitivity,displacement,a_completa,IF,IF:a_completa,0.1,15,6,0.4,0.08,0.8
transicao_pectra_2025,strict,all,b_completa,AE,AE:b_completa,0.01,3,1,0.3333333333333333,0.007194244604316547,0.5011990407673861
transicao_pectra_2025,strict,all,b_completa,AE,AE:b_completa,0.05,11,6,0.5454545454545454,0.04316546762589928,0.8201438848920862
transicao_pectra_2025,strict,all,b_completa,AE,AE:b_completa,0.1,21,14,0.6666666666666666,0.10071942446043165,1.0023980815347722
transicao_pectra_2025,strict,insertion,b_completa,AE,AE:b_completa,0.01,3,1,0.3333333333333333,0.007246376811594203,0.5
transicao_pectra_2025,strict,insertion,b_completa,AE,AE:b_completa,0.05,11,6,0.5454545454545454,0.043478260869565216,0.8181818181818181
transicao_pectra_2025,strict,insertion,b_completa,AE,AE:b_completa,0.1,21,14,0.6666666666666666,0.10144927536231885,1.0
transicao_pectra_2025,strict,displacement,b_completa,AE,AE:b_completa,0.01,1,0,0.0,0.0,0.0
transicao_pectra_2025,strict,displacement,b_completa,AE,AE:b_completa,0.05,1,0,0.0,0.0,0.0
transicao_pectra_2025,strict,displacement,b_completa,AE,AE:b_completa,0.1,1,0,0.0,0.0,0.0
transicao_pectra_2025,sensitivity,all,b_completa,AE,AE:b_completa,0.01,4,1,0.25,0.004694835680751174,0.41901408450704225
transicao_pectra_2025,sensitivity,all,b_completa,AE,AE:b_completa,0.05,18,10,0.5555555555555556,0.046948356807511735,0.9311424100156495
transicao_pectra_2025,sensitivity,all,b_completa,AE,AE:b_completa,0.1,36,23,0.6388888888888888,0.107981220657277,1.0708137715179968
transicao_pectra_2025,sensitivity,insertion,b_completa,AE,AE:b_completa,0.01,3,1,0.3333333333333333,0.007246376811594203,0.5
transicao_pectra_2025,sensitivity,insertion,b_completa,AE,AE:b_completa,0.05,11,6,0.5454545454545454,0.043478260869565216,0.8181818181818181
transicao_pectra_2025,sensitivity,insertion,b_completa,AE,AE:b_completa,0.1,21,14,0.6666666666666666,0.10144927536231885,1.0
transicao_pectra_2025,sensitivity,displacement,b_completa,AE,AE:b_completa,0.01,2,1,0.5,0.013333333333333334,1.0
transicao_pectra_2025,sensitivity,displacement,b_completa,AE,AE:b_completa,0.05,8,3,0.375,0.04,0.75
transicao_pectra_2025,sensitivity,displacement,b_completa,AE,AE:b_completa,0.1,15,5,0.3333333333333333,0.06666666666666667,0.6666666666666666
transicao_pectra_2025,strict,all,b_completa,IF,IF:b_completa,0.01,3,2,0.6666666666666666,0.014388489208633094,1.0023980815347722
transicao_pectra_2025,strict,all,b_completa,IF,IF:b_completa,0.05,11,10,0.9090909090909091,0.07194244604316546,1.3669064748201438
transicao_pectra_2025,strict,all,b_completa,IF,IF:b_completa,0.1,21,20,0.9523809523809523,0.14388489208633093,1.4319972593353887
transicao_pectra_2025,strict,insertion,b_completa,IF,IF:b_completa,0.01,3,3,1.0,0.021739130434782608,1.5
transicao_pectra_2025,strict,insertion,b_completa,IF,IF:b_completa,0.05,11,11,1.0,0.07971014492753623,1.5
transicao_pectra_2025,strict,insertion,b_completa,IF,IF:b_completa,0.1,21,21,1.0,0.15217391304347827,1.5
transicao_pectra_2025,strict,displacement,b_completa,IF,IF:b_completa,0.01,1,0,0.0,0.0,0.0
transicao_pectra_2025,strict,displacement,b_completa,IF,IF:b_completa,0.05,1,0,0.0,0.0,0.0
transicao_pectra_2025,strict,displacement,b_completa,IF,IF:b_completa,0.1,1,0,0.0,0.0,0.0
transicao_pectra_2025,sensitivity,all,b_completa,IF,IF:b_completa,0.01,4,3,0.75,0.014084507042253521,1.2570422535211268
transicao_pectra_2025,sensitivity,all,b_completa,IF,IF:b_completa,0.05,18,17,0.9444444444444444,0.07981220657276995,1.5829420970266042
transicao_pectra_2025,sensitivity,all,b_completa,IF,IF:b_completa,0.1,36,35,0.9722222222222222,0.1643192488262911,1.6294992175273866
transicao_pectra_2025,sensitivity,insertion,b_completa,IF,IF:b_completa,0.01,3,3,1.0,0.021739130434782608,1.5
transicao_pectra_2025,sensitivity,insertion,b_completa,IF,IF:b_completa,0.05,11,11,1.0,0.07971014492753623,1.5
transicao_pectra_2025,sensitivity,insertion,b_completa,IF,IF:b_completa,0.1,21,21,1.0,0.15217391304347827,1.5
transicao_pectra_2025,sensitivity,displacement,b_completa,IF,IF:b_completa,0.01,2,0,0.0,0.0,0.0
transicao_pectra_2025,sensitivity,displacement,b_completa,IF,IF:b_completa,0.05,8,2,0.25,0.02666666666666667,0.5
transicao_pectra_2025,sensitivity,displacement,b_completa,IF,IF:b_completa,0.1,15,5,0.3333333333333333,0.06666666666666667,0.6666666666666666
transicao_pectra_2025,strict,all,c_completa,AE,AE:c_completa,0.01,3,3,1.0,0.02158273381294964,1.5035971223021583
transicao_pectra_2025,strict,all,c_completa,AE,AE:c_completa,0.05,11,6,0.5454545454545454,0.04316546762589928,0.8201438848920862
transicao_pectra_2025,strict,all,c_completa,AE,AE:c_completa,0.1,21,14,0.6666666666666666,0.10071942446043165,1.0023980815347722
transicao_pectra_2025,strict,insertion,c_completa,AE,AE:c_completa,0.01,3,3,1.0,0.021739130434782608,1.5
transicao_pectra_2025,strict,insertion,c_completa,AE,AE:c_completa,0.05,11,7,0.6363636363636364,0.050724637681159424,0.9545454545454546
transicao_pectra_2025,strict,insertion,c_completa,AE,AE:c_completa,0.1,21,14,0.6666666666666666,0.10144927536231885,1.0
transicao_pectra_2025,strict,displacement,c_completa,AE,AE:c_completa,0.01,1,0,0.0,0.0,0.0
transicao_pectra_2025,strict,displacement,c_completa,AE,AE:c_completa,0.05,1,0,0.0,0.0,0.0
transicao_pectra_2025,strict,displacement,c_completa,AE,AE:c_completa,0.1,1,0,0.0,0.0,0.0
transicao_pectra_2025,sensitivity,all,c_completa,AE,AE:c_completa,0.01,4,0,0.0,0.0,0.0
transicao_pectra_2025,sensitivity,all,c_completa,AE,AE:c_completa,0.05,18,8,0.4444444444444444,0.03755868544600939,0.7449139280125195
transicao_pectra_2025,sensitivity,all,c_completa,AE,AE:c_completa,0.1,36,17,0.4722222222222222,0.07981220657276995,0.7914710485133021
transicao_pectra_2025,sensitivity,insertion,c_completa,AE,AE:c_completa,0.01,3,3,1.0,0.021739130434782608,1.5
transicao_pectra_2025,sensitivity,insertion,c_completa,AE,AE:c_completa,0.05,11,7,0.6363636363636364,0.050724637681159424,0.9545454545454546
transicao_pectra_2025,sensitivity,insertion,c_completa,AE,AE:c_completa,0.1,21,14,0.6666666666666666,0.10144927536231885,1.0
transicao_pectra_2025,sensitivity,displacement,c_completa,AE,AE:c_completa,0.01,2,0,0.0,0.0,0.0
transicao_pectra_2025,sensitivity,displacement,c_completa,AE,AE:c_completa,0.05,8,2,0.25,0.02666666666666667,0.5
transicao_pectra_2025,sensitivity,displacement,c_completa,AE,AE:c_completa,0.1,15,5,0.3333333333333333,0.06666666666666667,0.6666666666666666
transicao_pectra_2025,strict,all,c_completa,IF,IF:c_completa,0.01,3,3,1.0,0.02158273381294964,1.5035971223021583
transicao_pectra_2025,strict,all,c_completa,IF,IF:c_completa,0.05,11,10,0.9090909090909091,0.07194244604316546,1.3669064748201438
transicao_pectra_2025,strict,all,c_completa,IF,IF:c_completa,0.1,21,20,0.9523809523809523,0.14388489208633093,1.4319972593353887
transicao_pectra_2025,strict,insertion,c_completa,IF,IF:c_completa,0.01,3,3,1.0,0.021739130434782608,1.5
transicao_pectra_2025,strict,insertion,c_completa,IF,IF:c_completa,0.05,11,11,1.0,0.07971014492753623,1.5
transicao_pectra_2025,strict,insertion,c_completa,IF,IF:c_completa,0.1,21,21,1.0,0.15217391304347827,1.5
transicao_pectra_2025,strict,displacement,c_completa,IF,IF:c_completa,0.01,1,0,0.0,0.0,0.0
transicao_pectra_2025,strict,displacement,c_completa,IF,IF:c_completa,0.05,1,0,0.0,0.0,0.0
transicao_pectra_2025,strict,displacement,c_completa,IF,IF:c_completa,0.1,1,0,0.0,0.0,0.0
transicao_pectra_2025,sensitivity,all,c_completa,IF,IF:c_completa,0.01,4,4,1.0,0.018779342723004695,1.676056338028169
transicao_pectra_2025,sensitivity,all,c_completa,IF,IF:c_completa,0.05,18,17,0.9444444444444444,0.07981220657276995,1.5829420970266042
transicao_pectra_2025,sensitivity,all,c_completa,IF,IF:c_completa,0.1,36,33,0.9166666666666666,0.15492957746478872,1.5363849765258215
transicao_pectra_2025,sensitivity,insertion,c_completa,IF,IF:c_completa,0.01,3,3,1.0,0.021739130434782608,1.5
transicao_pectra_2025,sensitivity,insertion,c_completa,IF,IF:c_completa,0.05,11,11,1.0,0.07971014492753623,1.5
transicao_pectra_2025,sensitivity,insertion,c_completa,IF,IF:c_completa,0.1,21,21,1.0,0.15217391304347827,1.5
transicao_pectra_2025,sensitivity,displacement,c_completa,IF,IF:c_completa,0.01,2,1,0.5,0.013333333333333334,1.0
transicao_pectra_2025,sensitivity,displacement,c_completa,IF,IF:c_completa,0.05,8,2,0.25,0.02666666666666667,0.5
transicao_pectra_2025,sensitivity,displacement,c_completa,IF,IF:c_completa,0.1,15,7,0.4666666666666667,0.09333333333333334,0.9333333333333333
transicao_pectra_2025,strict,all,b_sem_taxas_absolutas,AE,AE:b_sem_taxas_absolutas,0.01,3,2,0.6666666666666666,0.014388489208633094,1.0023980815347722
transicao_pectra_2025,strict,all,b_sem_taxas_absolutas,AE,AE:b_sem_taxas_absolutas,0.05,11,9,0.8181818181818182,0.06474820143884892,1.2302158273381296
transicao_pectra_2025,strict,all,b_sem_taxas_absolutas,AE,AE:b_sem_taxas_absolutas,0.1,21,14,0.6666666666666666,0.10071942446043165,1.0023980815347722
transicao_pectra_2025,strict,insertion,b_sem_taxas_absolutas,AE,AE:b_sem_taxas_absolutas,0.01,3,2,0.6666666666666666,0.014492753623188406,1.0
transicao_pectra_2025,strict,insertion,b_sem_taxas_absolutas,AE,AE:b_sem_taxas_absolutas,0.05,11,9,0.8181818181818182,0.06521739130434782,1.2272727272727275
transicao_pectra_2025,strict,insertion,b_sem_taxas_absolutas,AE,AE:b_sem_taxas_absolutas,0.1,21,15,0.7142857142857143,0.10869565217391304,1.0714285714285716
transicao_pectra_2025,strict,displacement,b_sem_taxas_absolutas,AE,AE:b_sem_taxas_absolutas,0.01,1,0,0.0,0.0,0.0
transicao_pectra_2025,strict,displacement,b_sem_taxas_absolutas,AE,AE:b_sem_taxas_absolutas,0.05,1,0,0.0,0.0,0.0
transicao_pectra_2025,strict,displacement,b_sem_taxas_absolutas,AE,AE:b_sem_taxas_absolutas,0.1,1,0,0.0,0.0,0.0
transicao_pectra_2025,sensitivity,all,b_sem_taxas_absolutas,AE,AE:b_sem_taxas_absolutas,0.01,4,3,0.75,0.014084507042253521,1.2570422535211268
transicao_pectra_2025,sensitivity,all,b_sem_taxas_absolutas,AE,AE:b_sem_taxas_absolutas,0.05,18,13,0.7222222222222222,0.06103286384976526,1.2104851330203443
transicao_pectra_2025,sensitivity,all,b_sem_taxas_absolutas,AE,AE:b_sem_taxas_absolutas,0.1,36,22,0.6111111111111112,0.10328638497652583,1.0242566510172144
transicao_pectra_2025,sensitivity,insertion,b_sem_taxas_absolutas,AE,AE:b_sem_taxas_absolutas,0.01,3,2,0.6666666666666666,0.014492753623188406,1.0
transicao_pectra_2025,sensitivity,insertion,b_sem_taxas_absolutas,AE,AE:b_sem_taxas_absolutas,0.05,11,9,0.8181818181818182,0.06521739130434782,1.2272727272727275
transicao_pectra_2025,sensitivity,insertion,b_sem_taxas_absolutas,AE,AE:b_sem_taxas_absolutas,0.1,21,15,0.7142857142857143,0.10869565217391304,1.0714285714285716
transicao_pectra_2025,sensitivity,displacement,b_sem_taxas_absolutas,AE,AE:b_sem_taxas_absolutas,0.01,2,2,1.0,0.02666666666666667,2.0
transicao_pectra_2025,sensitivity,displacement,b_sem_taxas_absolutas,AE,AE:b_sem_taxas_absolutas,0.05,8,5,0.625,0.06666666666666667,1.25
transicao_pectra_2025,sensitivity,displacement,b_sem_taxas_absolutas,AE,AE:b_sem_taxas_absolutas,0.1,15,7,0.4666666666666667,0.09333333333333334,0.9333333333333333
transicao_pectra_2025,strict,all,b_sem_taxas_absolutas,IF,IF:b_sem_taxas_absolutas,0.01,3,3,1.0,0.02158273381294964,1.5035971223021583
transicao_pectra_2025,strict,all,b_sem_taxas_absolutas,IF,IF:b_sem_taxas_absolutas,0.05,11,10,0.9090909090909091,0.07194244604316546,1.3669064748201438
transicao_pectra_2025,strict,all,b_sem_taxas_absolutas,IF,IF:b_sem_taxas_absolutas,0.1,21,17,0.8095238095238095,0.1223021582733813,1.2171976704350804
transicao_pectra_2025,strict,insertion,b_sem_taxas_absolutas,IF,IF:b_sem_taxas_absolutas,0.01,3,3,1.0,0.021739130434782608,1.5
transicao_pectra_2025,strict,insertion,b_sem_taxas_absolutas,IF,IF:b_sem_taxas_absolutas,0.05,11,10,0.9090909090909091,0.07246376811594203,1.3636363636363638
transicao_pectra_2025,strict,insertion,b_sem_taxas_absolutas,IF,IF:b_sem_taxas_absolutas,0.1,21,17,0.8095238095238095,0.12318840579710146,1.2142857142857144
transicao_pectra_2025,strict,displacement,b_sem_taxas_absolutas,IF,IF:b_sem_taxas_absolutas,0.01,1,0,0.0,0.0,0.0
transicao_pectra_2025,strict,displacement,b_sem_taxas_absolutas,IF,IF:b_sem_taxas_absolutas,0.05,1,0,0.0,0.0,0.0
transicao_pectra_2025,strict,displacement,b_sem_taxas_absolutas,IF,IF:b_sem_taxas_absolutas,0.1,1,0,0.0,0.0,0.0
transicao_pectra_2025,sensitivity,all,b_sem_taxas_absolutas,IF,IF:b_sem_taxas_absolutas,0.01,4,3,0.75,0.014084507042253521,1.2570422535211268
transicao_pectra_2025,sensitivity,all,b_sem_taxas_absolutas,IF,IF:b_sem_taxas_absolutas,0.05,18,15,0.8333333333333334,0.07042253521126761,1.3967136150234742
transicao_pectra_2025,sensitivity,all,b_sem_taxas_absolutas,IF,IF:b_sem_taxas_absolutas,0.1,36,24,0.6666666666666666,0.11267605633802817,1.1173708920187793
transicao_pectra_2025,sensitivity,insertion,b_sem_taxas_absolutas,IF,IF:b_sem_taxas_absolutas,0.01,3,3,1.0,0.021739130434782608,1.5
transicao_pectra_2025,sensitivity,insertion,b_sem_taxas_absolutas,IF,IF:b_sem_taxas_absolutas,0.05,11,10,0.9090909090909091,0.07246376811594203,1.3636363636363638
transicao_pectra_2025,sensitivity,insertion,b_sem_taxas_absolutas,IF,IF:b_sem_taxas_absolutas,0.1,21,17,0.8095238095238095,0.12318840579710146,1.2142857142857144
transicao_pectra_2025,sensitivity,displacement,b_sem_taxas_absolutas,IF,IF:b_sem_taxas_absolutas,0.01,2,0,0.0,0.0,0.0
transicao_pectra_2025,sensitivity,displacement,b_sem_taxas_absolutas,IF,IF:b_sem_taxas_absolutas,0.05,8,3,0.375,0.04,0.75
transicao_pectra_2025,sensitivity,displacement,b_sem_taxas_absolutas,IF,IF:b_sem_taxas_absolutas,0.1,15,5,0.3333333333333333,0.06666666666666667,0.6666666666666666
transicao_pectra_2025,strict,all,c_sem_taxas_absolutas,AE,AE:c_sem_taxas_absolutas,0.01,3,2,0.6666666666666666,0.014388489208633094,1.0023980815347722
transicao_pectra_2025,strict,all,c_sem_taxas_absolutas,AE,AE:c_sem_taxas_absolutas,0.05,11,6,0.5454545454545454,0.04316546762589928,0.8201438848920862
transicao_pectra_2025,strict,all,c_sem_taxas_absolutas,AE,AE:c_sem_taxas_absolutas,0.1,21,14,0.6666666666666666,0.10071942446043165,1.0023980815347722
transicao_pectra_2025,strict,insertion,c_sem_taxas_absolutas,AE,AE:c_sem_taxas_absolutas,0.01,3,3,1.0,0.021739130434782608,1.5
transicao_pectra_2025,strict,insertion,c_sem_taxas_absolutas,AE,AE:c_sem_taxas_absolutas,0.05,11,6,0.5454545454545454,0.043478260869565216,0.8181818181818181
transicao_pectra_2025,strict,insertion,c_sem_taxas_absolutas,AE,AE:c_sem_taxas_absolutas,0.1,21,15,0.7142857142857143,0.10869565217391304,1.0714285714285716
transicao_pectra_2025,strict,displacement,c_sem_taxas_absolutas,AE,AE:c_sem_taxas_absolutas,0.01,1,0,0.0,0.0,0.0
transicao_pectra_2025,strict,displacement,c_sem_taxas_absolutas,AE,AE:c_sem_taxas_absolutas,0.05,1,0,0.0,0.0,0.0
transicao_pectra_2025,strict,displacement,c_sem_taxas_absolutas,AE,AE:c_sem_taxas_absolutas,0.1,1,0,0.0,0.0,0.0
transicao_pectra_2025,sensitivity,all,c_sem_taxas_absolutas,AE,AE:c_sem_taxas_absolutas,0.01,4,1,0.25,0.004694835680751174,0.41901408450704225
transicao_pectra_2025,sensitivity,all,c_sem_taxas_absolutas,AE,AE:c_sem_taxas_absolutas,0.05,18,9,0.5,0.04225352112676056,0.8380281690140845
transicao_pectra_2025,sensitivity,all,c_sem_taxas_absolutas,AE,AE:c_sem_taxas_absolutas,0.1,36,18,0.5,0.08450704225352113,0.8380281690140845
transicao_pectra_2025,sensitivity,insertion,c_sem_taxas_absolutas,AE,AE:c_sem_taxas_absolutas,0.01,3,3,1.0,0.021739130434782608,1.5
transicao_pectra_2025,sensitivity,insertion,c_sem_taxas_absolutas,AE,AE:c_sem_taxas_absolutas,0.05,11,6,0.5454545454545454,0.043478260869565216,0.8181818181818181
transicao_pectra_2025,sensitivity,insertion,c_sem_taxas_absolutas,AE,AE:c_sem_taxas_absolutas,0.1,21,15,0.7142857142857143,0.10869565217391304,1.0714285714285716
transicao_pectra_2025,sensitivity,displacement,c_sem_taxas_absolutas,AE,AE:c_sem_taxas_absolutas,0.01,2,0,0.0,0.0,0.0
transicao_pectra_2025,sensitivity,displacement,c_sem_taxas_absolutas,AE,AE:c_sem_taxas_absolutas,0.05,8,3,0.375,0.04,0.75
transicao_pectra_2025,sensitivity,displacement,c_sem_taxas_absolutas,AE,AE:c_sem_taxas_absolutas,0.1,15,6,0.4,0.08,0.8
transicao_pectra_2025,strict,all,c_sem_taxas_absolutas,IF,IF:c_sem_taxas_absolutas,0.01,3,3,1.0,0.02158273381294964,1.5035971223021583
transicao_pectra_2025,strict,all,c_sem_taxas_absolutas,IF,IF:c_sem_taxas_absolutas,0.05,11,9,0.8181818181818182,0.06474820143884892,1.2302158273381296
transicao_pectra_2025,strict,all,c_sem_taxas_absolutas,IF,IF:c_sem_taxas_absolutas,0.1,21,18,0.8571428571428571,0.12949640287769784,1.2887975334018498
transicao_pectra_2025,strict,insertion,c_sem_taxas_absolutas,IF,IF:c_sem_taxas_absolutas,0.01,3,3,1.0,0.021739130434782608,1.5
transicao_pectra_2025,strict,insertion,c_sem_taxas_absolutas,IF,IF:c_sem_taxas_absolutas,0.05,11,10,0.9090909090909091,0.07246376811594203,1.3636363636363638
transicao_pectra_2025,strict,insertion,c_sem_taxas_absolutas,IF,IF:c_sem_taxas_absolutas,0.1,21,18,0.8571428571428571,0.13043478260869565,1.2857142857142858
transicao_pectra_2025,strict,displacement,c_sem_taxas_absolutas,IF,IF:c_sem_taxas_absolutas,0.01,1,0,0.0,0.0,0.0
transicao_pectra_2025,strict,displacement,c_sem_taxas_absolutas,IF,IF:c_sem_taxas_absolutas,0.05,1,0,0.0,0.0,0.0
transicao_pectra_2025,strict,displacement,c_sem_taxas_absolutas,IF,IF:c_sem_taxas_absolutas,0.1,1,0,0.0,0.0,0.0
transicao_pectra_2025,sensitivity,all,c_sem_taxas_absolutas,IF,IF:c_sem_taxas_absolutas,0.01,4,4,1.0,0.018779342723004695,1.676056338028169
transicao_pectra_2025,sensitivity,all,c_sem_taxas_absolutas,IF,IF:c_sem_taxas_absolutas,0.05,18,15,0.8333333333333334,0.07042253521126761,1.3967136150234742
transicao_pectra_2025,sensitivity,all,c_sem_taxas_absolutas,IF,IF:c_sem_taxas_absolutas,0.1,36,24,0.6666666666666666,0.11267605633802817,1.1173708920187793
transicao_pectra_2025,sensitivity,insertion,c_sem_taxas_absolutas,IF,IF:c_sem_taxas_absolutas,0.01,3,3,1.0,0.021739130434782608,1.5
transicao_pectra_2025,sensitivity,insertion,c_sem_taxas_absolutas,IF,IF:c_sem_taxas_absolutas,0.05,11,10,0.9090909090909091,0.07246376811594203,1.3636363636363638
transicao_pectra_2025,sensitivity,insertion,c_sem_taxas_absolutas,IF,IF:c_sem_taxas_absolutas,0.1,21,18,0.8571428571428571,0.13043478260869565,1.2857142857142858
transicao_pectra_2025,sensitivity,displacement,c_sem_taxas_absolutas,IF,IF:c_sem_taxas_absolutas,0.01,2,0,0.0,0.0,0.0
transicao_pectra_2025,sensitivity,displacement,c_sem_taxas_absolutas,IF,IF:c_sem_taxas_absolutas,0.05,8,1,0.125,0.013333333333333334,0.25
transicao_pectra_2025,sensitivity,displacement,c_sem_taxas_absolutas,IF,IF:c_sem_taxas_absolutas,0.1,15,7,0.4666666666666667,0.09333333333333334,0.9333333333333333
teste_final_2025,strict,all,a_completa,AE,AE:a_completa,0.01,15,6,0.4,0.006389776357827476,0.6053248136315229
teste_final_2025,strict,all,a_completa,AE,AE:a_completa,0.05,72,40,0.5555555555555556,0.042598509052183174,0.8407289078215596
teste_final_2025,strict,all,a_completa,AE,AE:a_completa,0.1,143,79,0.5524475524475524,0.08413205537806177,0.8360255293162641
teste_final_2025,strict,insertion,a_completa,AE,AE:a_completa,0.01,14,8,0.5714285714285714,0.0087527352297593,0.8571428571428571
teste_final_2025,strict,insertion,a_completa,AE,AE:a_completa,0.05,69,42,0.6086956521739131,0.045951859956236324,0.9130434782608696
teste_final_2025,strict,insertion,a_completa,AE,AE:a_completa,0.1,138,92,0.6666666666666666,0.10065645514223195,1.0
teste_final_2025,strict,displacement,a_completa,AE,AE:a_completa,0.01,1,0,0.0,0.0,0.0
teste_final_2025,strict,displacement,a_completa,AE,AE:a_completa,0.05,3,0,0.0,0.0,0.0
teste_final_2025,strict,displacement,a_completa,AE,AE:a_completa,0.1,5,0,0.0,0.0,0.0
teste_final_2025,sensitivity,all,a_completa,AE,AE:a_completa,0.01,18,5,0.2777777777777778,0.004549590536851683,0.44004650692548786
teste_final_2025,sensitivity,all,a_completa,AE,AE:a_completa,0.05,88,44,0.5,0.040036396724294813,0.7920837124658782
teste_final_2025,sensitivity,all,a_completa,AE,AE:a_completa,0.1,175,93,0.5314285714285715,0.08462238398544131,0.841871831535162
teste_final_2025,sensitivity,insertion,a_completa,AE,AE:a_completa,0.01,14,8,0.5714285714285714,0.0087527352297593,0.8571428571428571
teste_final_2025,sensitivity,insertion,a_completa,AE,AE:a_completa,0.05,69,42,0.6086956521739131,0.045951859956236324,0.9130434782608696
teste_final_2025,sensitivity,insertion,a_completa,AE,AE:a_completa,0.1,138,92,0.6666666666666666,0.10065645514223195,1.0
teste_final_2025,sensitivity,displacement,a_completa,AE,AE:a_completa,0.01,4,1,0.25,0.005405405405405406,0.5
teste_final_2025,sensitivity,displacement,a_completa,AE,AE:a_completa,0.05,19,7,0.3684210526315789,0.03783783783783784,0.7368421052631579
teste_final_2025,sensitivity,displacement,a_completa,AE,AE:a_completa,0.1,37,17,0.4594594594594595,0.0918918918918919,0.918918918918919
teste_final_2025,strict,all,a_completa,IF,IF:a_completa,0.01,15,9,0.6,0.009584664536741214,0.9079872204472843
teste_final_2025,strict,all,a_completa,IF,IF:a_completa,0.05,72,62,0.8611111111111112,0.06602768903088392,1.3031298071234174
teste_final_2025,strict,all,a_completa,IF,IF:a_completa,0.1,143,130,0.9090909090909091,0.13844515441959532,1.3757382127989155
teste_final_2025,strict,insertion,a_completa,IF,IF:a_completa,0.01,14,14,1.0,0.015317286652078774,1.5
teste_final_2025,strict,insertion,a_completa,IF,IF:a_completa,0.05,69,67,0.9710144927536232,0.07330415754923414,1.4565217391304348
teste_final_2025,strict,insertion,a_completa,IF,IF:a_completa,0.1,138,135,0.9782608695652174,0.14770240700218817,1.4673913043478262
teste_final_2025,strict,displacement,a_completa,IF,IF:a_completa,0.01,1,0,0.0,0.0,0.0
teste_final_2025,strict,displacement,a_completa,IF,IF:a_completa,0.05,3,0,0.0,0.0,0.0
teste_final_2025,strict,displacement,a_completa,IF,IF:a_completa,0.1,5,0,0.0,0.0,0.0
teste_final_2025,sensitivity,all,a_completa,IF,IF:a_completa,0.01,18,12,0.6666666666666666,0.01091901728844404,1.0561116166211708
teste_final_2025,sensitivity,all,a_completa,IF,IF:a_completa,0.05,88,77,0.875,0.07006369426751592,1.3861464968152868
teste_final_2025,sensitivity,all,a_completa,IF,IF:a_completa,0.1,175,160,0.9142857142857143,0.14558689717925385,1.4483816456518914
teste_final_2025,sensitivity,insertion,a_completa,IF,IF:a_completa,0.01,14,14,1.0,0.015317286652078774,1.5
teste_final_2025,sensitivity,insertion,a_completa,IF,IF:a_completa,0.05,69,67,0.9710144927536232,0.07330415754923414,1.4565217391304348
teste_final_2025,sensitivity,insertion,a_completa,IF,IF:a_completa,0.1,138,135,0.9782608695652174,0.14770240700218817,1.4673913043478262
teste_final_2025,sensitivity,displacement,a_completa,IF,IF:a_completa,0.01,4,0,0.0,0.0,0.0
teste_final_2025,sensitivity,displacement,a_completa,IF,IF:a_completa,0.05,19,6,0.3157894736842105,0.032432432432432434,0.631578947368421
teste_final_2025,sensitivity,displacement,a_completa,IF,IF:a_completa,0.1,37,12,0.32432432432432434,0.06486486486486487,0.6486486486486487
teste_final_2025,strict,all,b_completa,AE,AE:b_completa,0.01,15,11,0.7333333333333333,0.011714589989350373,1.1097621583244586
teste_final_2025,strict,all,b_completa,AE,AE:b_completa,0.05,72,50,0.6944444444444444,0.05324813631522897,1.0509111347769493
teste_final_2025,strict,all,b_completa,AE,AE:b_completa,0.1,143,99,0.6923076923076923,0.10543130990415335,1.0476775620545589
teste_final_2025,strict,insertion,b_completa,AE,AE:b_completa,0.01,14,10,0.7142857142857143,0.010940919037199124,1.0714285714285716
teste_final_2025,strict,insertion,b_completa,AE,AE:b_completa,0.05,69,50,0.7246376811594203,0.05470459518599562,1.0869565217391306
teste_final_2025,strict,insertion,b_completa,AE,AE:b_completa,0.1,138,97,0.7028985507246377,0.1061269146608315,1.0543478260869565
teste_final_2025,strict,displacement,b_completa,AE,AE:b_completa,0.01,1,0,0.0,0.0,0.0
teste_final_2025,strict,displacement,b_completa,AE,AE:b_completa,0.05,3,1,0.3333333333333333,0.04,0.6666666666666666
teste_final_2025,strict,displacement,b_completa,AE,AE:b_completa,0.1,5,2,0.4,0.08,0.8
teste_final_2025,sensitivity,all,b_completa,AE,AE:b_completa,0.01,18,10,0.5555555555555556,0.009099181073703366,0.8800930138509757
teste_final_2025,sensitivity,all,b_completa,AE,AE:b_completa,0.05,88,58,0.6590909090909091,0.052775250227479524,1.0441103482504757
teste_final_2025,sensitivity,all,b_completa,AE,AE:b_completa,0.1,175,116,0.6628571428571428,0.10555050045495905,1.0500766930976213
teste_final_2025,sensitivity,insertion,b_completa,AE,AE:b_completa,0.01,14,10,0.7142857142857143,0.010940919037199124,1.0714285714285716
teste_final_2025,sensitivity,insertion,b_completa,AE,AE:b_completa,0.05,69,50,0.7246376811594203,0.05470459518599562,1.0869565217391306
teste_final_2025,sensitivity,insertion,b_completa,AE,AE:b_completa,0.1,138,97,0.7028985507246377,0.1061269146608315,1.0543478260869565
teste_final_2025,sensitivity,displacement,b_completa,AE,AE:b_completa,0.01,4,0,0.0,0.0,0.0
teste_final_2025,sensitivity,displacement,b_completa,AE,AE:b_completa,0.05,19,9,0.47368421052631576,0.04864864864864865,0.9473684210526315
teste_final_2025,sensitivity,displacement,b_completa,AE,AE:b_completa,0.1,37,17,0.4594594594594595,0.0918918918918919,0.918918918918919
teste_final_2025,strict,all,b_completa,IF,IF:b_completa,0.01,15,8,0.5333333333333333,0.008519701810436636,0.8070997515086972
teste_final_2025,strict,all,b_completa,IF,IF:b_completa,0.05,72,61,0.8472222222222222,0.06496272630457935,1.2821115844278783
teste_final_2025,strict,all,b_completa,IF,IF:b_completa,0.1,143,130,0.9090909090909091,0.13844515441959532,1.3757382127989155
teste_final_2025,strict,insertion,b_completa,IF,IF:b_completa,0.01,14,14,1.0,0.015317286652078774,1.5
teste_final_2025,strict,insertion,b_completa,IF,IF:b_completa,0.05,69,68,0.9855072463768116,0.07439824945295405,1.4782608695652175
teste_final_2025,strict,insertion,b_completa,IF,IF:b_completa,0.1,138,135,0.9782608695652174,0.14770240700218817,1.4673913043478262
teste_final_2025,strict,displacement,b_completa,IF,IF:b_completa,0.01,1,0,0.0,0.0,0.0
teste_final_2025,strict,displacement,b_completa,IF,IF:b_completa,0.05,3,0,0.0,0.0,0.0
teste_final_2025,strict,displacement,b_completa,IF,IF:b_completa,0.1,5,0,0.0,0.0,0.0
teste_final_2025,sensitivity,all,b_completa,IF,IF:b_completa,0.01,18,11,0.6111111111111112,0.010009099181073703,0.9681023152360734
teste_final_2025,sensitivity,all,b_completa,IF,IF:b_completa,0.05,88,77,0.875,0.07006369426751592,1.3861464968152868
teste_final_2025,sensitivity,all,b_completa,IF,IF:b_completa,0.1,175,161,0.92,0.1464968152866242,1.4574340309372158
teste_final_2025,sensitivity,insertion,b_completa,IF,IF:b_completa,0.01,14,14,1.0,0.015317286652078774,1.5
teste_final_2025,sensitivity,insertion,b_completa,IF,IF:b_completa,0.05,69,68,0.9855072463768116,0.07439824945295405,1.4782608695652175
teste_final_2025,sensitivity,insertion,b_completa,IF,IF:b_completa,0.1,138,135,0.9782608695652174,0.14770240700218817,1.4673913043478262
teste_final_2025,sensitivity,displacement,b_completa,IF,IF:b_completa,0.01,4,0,0.0,0.0,0.0
teste_final_2025,sensitivity,displacement,b_completa,IF,IF:b_completa,0.05,19,4,0.21052631578947367,0.021621621621621623,0.42105263157894735
teste_final_2025,sensitivity,displacement,b_completa,IF,IF:b_completa,0.1,37,10,0.2702702702702703,0.05405405405405406,0.5405405405405406
teste_final_2025,strict,all,c_completa,AE,AE:c_completa,0.01,15,7,0.4666666666666667,0.007454739084132056,0.70621228257011
teste_final_2025,strict,all,c_completa,AE,AE:c_completa,0.05,72,44,0.6111111111111112,0.046858359957401494,0.9248017986037156
teste_final_2025,strict,all,c_completa,AE,AE:c_completa,0.1,143,85,0.5944055944055944,0.09052183173588925,0.8995211391377524
teste_final_2025,strict,insertion,c_completa,AE,AE:c_completa,0.01,14,6,0.42857142857142855,0.006564551422319475,0.6428571428571429
teste_final_2025,strict,insertion,c_completa,AE,AE:c_completa,0.05,69,44,0.6376811594202898,0.04814004376367615,0.9565217391304347
teste_final_2025,strict,insertion,c_completa,AE,AE:c_completa,0.1,138,88,0.6376811594202898,0.0962800875273523,0.9565217391304347
teste_final_2025,strict,displacement,c_completa,AE,AE:c_completa,0.01,1,0,0.0,0.0,0.0
teste_final_2025,strict,displacement,c_completa,AE,AE:c_completa,0.05,3,1,0.3333333333333333,0.04,0.6666666666666666
teste_final_2025,strict,displacement,c_completa,AE,AE:c_completa,0.1,5,1,0.2,0.04,0.4
teste_final_2025,sensitivity,all,c_completa,AE,AE:c_completa,0.01,18,4,0.2222222222222222,0.003639672429481347,0.35203720554039025
teste_final_2025,sensitivity,all,c_completa,AE,AE:c_completa,0.05,88,44,0.5,0.040036396724294813,0.7920837124658782
teste_final_2025,sensitivity,all,c_completa,AE,AE:c_completa,0.1,175,98,0.56,0.08917197452229299,0.8871337579617836
teste_final_2025,sensitivity,insertion,c_completa,AE,AE:c_completa,0.01,14,6,0.42857142857142855,0.006564551422319475,0.6428571428571429
teste_final_2025,sensitivity,insertion,c_completa,AE,AE:c_completa,0.05,69,44,0.6376811594202898,0.04814004376367615,0.9565217391304347
teste_final_2025,sensitivity,insertion,c_completa,AE,AE:c_completa,0.1,138,88,0.6376811594202898,0.0962800875273523,0.9565217391304347
teste_final_2025,sensitivity,displacement,c_completa,AE,AE:c_completa,0.01,4,0,0.0,0.0,0.0
teste_final_2025,sensitivity,displacement,c_completa,AE,AE:c_completa,0.05,19,1,0.05263157894736842,0.005405405405405406,0.10526315789473684
teste_final_2025,sensitivity,displacement,c_completa,AE,AE:c_completa,0.1,37,12,0.32432432432432434,0.06486486486486487,0.6486486486486487
teste_final_2025,strict,all,c_completa,IF,IF:c_completa,0.01,15,10,0.6666666666666666,0.010649627263045794,1.0088746893858713
teste_final_2025,strict,all,c_completa,IF,IF:c_completa,0.05,72,62,0.8611111111111112,0.06602768903088392,1.3031298071234174
teste_final_2025,strict,all,c_completa,IF,IF:c_completa,0.1,143,125,0.8741258741258742,0.13312034078807242,1.322825204614342
teste_final_2025,strict,insertion,c_completa,IF,IF:c_completa,0.01,14,14,1.0,0.015317286652078774,1.5
teste_final_2025,strict,insertion,c_completa,IF,IF:c_completa,0.05,69,67,0.9710144927536232,0.07330415754923414,1.4565217391304348
teste_final_2025,strict,insertion,c_completa,IF,IF:c_completa,0.1,138,132,0.9565217391304348,0.14442013129102846,1.4347826086956523
teste_final_2025,strict,displacement,c_completa,IF,IF:c_completa,0.01,1,0,0.0,0.0,0.0
teste_final_2025,strict,displacement,c_completa,IF,IF:c_completa,0.05,3,0,0.0,0.0,0.0
teste_final_2025,strict,displacement,c_completa,IF,IF:c_completa,0.1,5,0,0.0,0.0,0.0
teste_final_2025,sensitivity,all,c_completa,IF,IF:c_completa,0.01,18,13,0.7222222222222222,0.011828935395814377,1.1441209180062684
teste_final_2025,sensitivity,all,c_completa,IF,IF:c_completa,0.05,88,77,0.875,0.07006369426751592,1.3861464968152868
teste_final_2025,sensitivity,all,c_completa,IF,IF:c_completa,0.1,175,154,0.88,0.14012738853503184,1.3940673339399456
teste_final_2025,sensitivity,insertion,c_completa,IF,IF:c_completa,0.01,14,14,1.0,0.015317286652078774,1.5
teste_final_2025,sensitivity,insertion,c_completa,IF,IF:c_completa,0.05,69,67,0.9710144927536232,0.07330415754923414,1.4565217391304348
teste_final_2025,sensitivity,insertion,c_completa,IF,IF:c_completa,0.1,138,132,0.9565217391304348,0.14442013129102846,1.4347826086956523
teste_final_2025,sensitivity,displacement,c_completa,IF,IF:c_completa,0.01,4,0,0.0,0.0,0.0
teste_final_2025,sensitivity,displacement,c_completa,IF,IF:c_completa,0.05,19,5,0.2631578947368421,0.02702702702702703,0.5263157894736842
teste_final_2025,sensitivity,displacement,c_completa,IF,IF:c_completa,0.1,37,12,0.32432432432432434,0.06486486486486487,0.6486486486486487
teste_final_2025,strict,all,b_sem_taxas_absolutas,AE,AE:b_sem_taxas_absolutas,0.01,15,15,1.0,0.01597444089456869,1.513312034078807
teste_final_2025,strict,all,b_sem_taxas_absolutas,AE,AE:b_sem_taxas_absolutas,0.05,72,59,0.8194444444444444,0.06283280085197018,1.2400751390368003
teste_final_2025,strict,all,b_sem_taxas_absolutas,AE,AE:b_sem_taxas_absolutas,0.1,143,115,0.8041958041958042,0.12247071352502663,1.2169991882451945
teste_final_2025,strict,insertion,b_sem_taxas_absolutas,AE,AE:b_sem_taxas_absolutas,0.01,14,14,1.0,0.015317286652078774,1.5
teste_final_2025,strict,insertion,b_sem_taxas_absolutas,AE,AE:b_sem_taxas_absolutas,0.05,69,60,0.8695652173913043,0.06564551422319474,1.3043478260869565
teste_final_2025,strict,insertion,b_sem_taxas_absolutas,AE,AE:b_sem_taxas_absolutas,0.1,138,119,0.8623188405797102,0.1301969365426696,1.2934782608695654
teste_final_2025,strict,displacement,b_sem_taxas_absolutas,AE,AE:b_sem_taxas_absolutas,0.01,1,0,0.0,0.0,0.0
teste_final_2025,strict,displacement,b_sem_taxas_absolutas,AE,AE:b_sem_taxas_absolutas,0.05,3,0,0.0,0.0,0.0
teste_final_2025,strict,displacement,b_sem_taxas_absolutas,AE,AE:b_sem_taxas_absolutas,0.1,5,0,0.0,0.0,0.0
teste_final_2025,sensitivity,all,b_sem_taxas_absolutas,AE,AE:b_sem_taxas_absolutas,0.01,18,18,1.0,0.01637852593266606,1.5841674249317563
teste_final_2025,sensitivity,all,b_sem_taxas_absolutas,AE,AE:b_sem_taxas_absolutas,0.05,88,63,0.7159090909090909,0.05732484076433121,1.1341198610306893
teste_final_2025,sensitivity,all,b_sem_taxas_absolutas,AE,AE:b_sem_taxas_absolutas,0.1,175,129,0.7371428571428571,0.11737943585077343,1.1677577018068375
teste_final_2025,sensitivity,insertion,b_sem_taxas_absolutas,AE,AE:b_sem_taxas_absolutas,0.01,14,14,1.0,0.015317286652078774,1.5
teste_final_2025,sensitivity,insertion,b_sem_taxas_absolutas,AE,AE:b_sem_taxas_absolutas,0.05,69,60,0.8695652173913043,0.06564551422319474,1.3043478260869565
teste_final_2025,sensitivity,insertion,b_sem_taxas_absolutas,AE,AE:b_sem_taxas_absolutas,0.1,138,119,0.8623188405797102,0.1301969365426696,1.2934782608695654
teste_final_2025,sensitivity,displacement,b_sem_taxas_absolutas,AE,AE:b_sem_taxas_absolutas,0.01,4,2,0.5,0.010810810810810811,1.0
teste_final_2025,sensitivity,displacement,b_sem_taxas_absolutas,AE,AE:b_sem_taxas_absolutas,0.05,19,11,0.5789473684210527,0.05945945945945946,1.1578947368421053
teste_final_2025,sensitivity,displacement,b_sem_taxas_absolutas,AE,AE:b_sem_taxas_absolutas,0.1,37,16,0.43243243243243246,0.08648648648648649,0.8648648648648649
teste_final_2025,strict,all,b_sem_taxas_absolutas,IF,IF:b_sem_taxas_absolutas,0.01,15,13,0.8666666666666667,0.013844515441959531,1.311537096201633
teste_final_2025,strict,all,b_sem_taxas_absolutas,IF,IF:b_sem_taxas_absolutas,0.05,72,53,0.7361111111111112,0.05644302449414271,1.1139658028635664
teste_final_2025,strict,all,b_sem_taxas_absolutas,IF,IF:b_sem_taxas_absolutas,0.1,143,111,0.7762237762237763,0.1182108626198083,1.1746687816975356
teste_final_2025,strict,insertion,b_sem_taxas_absolutas,IF,IF:b_sem_taxas_absolutas,0.01,14,14,1.0,0.015317286652078774,1.5
teste_final_2025,strict,insertion,b_sem_taxas_absolutas,IF,IF:b_sem_taxas_absolutas,0.05,69,64,0.927536231884058,0.0700218818380744,1.3913043478260871
teste_final_2025,strict,insertion,b_sem_taxas_absolutas,IF,IF:b_sem_taxas_absolutas,0.1,138,129,0.9347826086956522,0.14113785557986872,1.4021739130434785
teste_final_2025,strict,displacement,b_sem_taxas_absolutas,IF,IF:b_sem_taxas_absolutas,0.01,1,0,0.0,0.0,0.0
teste_final_2025,strict,displacement,b_sem_taxas_absolutas,IF,IF:b_sem_taxas_absolutas,0.05,3,0,0.0,0.0,0.0
teste_final_2025,strict,displacement,b_sem_taxas_absolutas,IF,IF:b_sem_taxas_absolutas,0.1,5,0,0.0,0.0,0.0
teste_final_2025,sensitivity,all,b_sem_taxas_absolutas,IF,IF:b_sem_taxas_absolutas,0.01,18,16,0.8888888888888888,0.014558689717925387,1.408148822161561
teste_final_2025,sensitivity,all,b_sem_taxas_absolutas,IF,IF:b_sem_taxas_absolutas,0.05,88,64,0.7272727272727273,0.05823475887170155,1.1521217635867318
teste_final_2025,sensitivity,all,b_sem_taxas_absolutas,IF,IF:b_sem_taxas_absolutas,0.1,175,131,0.7485714285714286,0.1191992720655141,1.1858624723774862
teste_final_2025,sensitivity,insertion,b_sem_taxas_absolutas,IF,IF:b_sem_taxas_absolutas,0.01,14,14,1.0,0.015317286652078774,1.5
teste_final_2025,sensitivity,insertion,b_sem_taxas_absolutas,IF,IF:b_sem_taxas_absolutas,0.05,69,64,0.927536231884058,0.0700218818380744,1.3913043478260871
teste_final_2025,sensitivity,insertion,b_sem_taxas_absolutas,IF,IF:b_sem_taxas_absolutas,0.1,138,129,0.9347826086956522,0.14113785557986872,1.4021739130434785
teste_final_2025,sensitivity,displacement,b_sem_taxas_absolutas,IF,IF:b_sem_taxas_absolutas,0.01,4,0,0.0,0.0,0.0
teste_final_2025,sensitivity,displacement,b_sem_taxas_absolutas,IF,IF:b_sem_taxas_absolutas,0.05,19,1,0.05263157894736842,0.005405405405405406,0.10526315789473684
teste_final_2025,sensitivity,displacement,b_sem_taxas_absolutas,IF,IF:b_sem_taxas_absolutas,0.1,37,8,0.21621621621621623,0.043243243243243246,0.43243243243243246
teste_final_2025,strict,all,c_sem_taxas_absolutas,AE,AE:c_sem_taxas_absolutas,0.01,15,9,0.6,0.009584664536741214,0.9079872204472843
teste_final_2025,strict,all,c_sem_taxas_absolutas,AE,AE:c_sem_taxas_absolutas,0.05,72,50,0.6944444444444444,0.05324813631522897,1.0509111347769493
teste_final_2025,strict,all,c_sem_taxas_absolutas,AE,AE:c_sem_taxas_absolutas,0.1,143,100,0.6993006993006993,0.10649627263045794,1.0582601636914735
teste_final_2025,strict,insertion,c_sem_taxas_absolutas,AE,AE:c_sem_taxas_absolutas,0.01,14,9,0.6428571428571429,0.009846827133479213,0.9642857142857144
teste_final_2025,strict,insertion,c_sem_taxas_absolutas,AE,AE:c_sem_taxas_absolutas,0.05,69,52,0.7536231884057971,0.05689277899343545,1.1304347826086958
teste_final_2025,strict,insertion,c_sem_taxas_absolutas,AE,AE:c_sem_taxas_absolutas,0.1,138,101,0.7318840579710145,0.11050328227571116,1.097826086956522
teste_final_2025,strict,displacement,c_sem_taxas_absolutas,AE,AE:c_sem_taxas_absolutas,0.01,1,0,0.0,0.0,0.0
teste_final_2025,strict,displacement,c_sem_taxas_absolutas,AE,AE:c_sem_taxas_absolutas,0.05,3,1,0.3333333333333333,0.04,0.6666666666666666
teste_final_2025,strict,displacement,c_sem_taxas_absolutas,AE,AE:c_sem_taxas_absolutas,0.1,5,1,0.2,0.04,0.4
teste_final_2025,sensitivity,all,c_sem_taxas_absolutas,AE,AE:c_sem_taxas_absolutas,0.01,18,11,0.6111111111111112,0.010009099181073703,0.9681023152360734
teste_final_2025,sensitivity,all,c_sem_taxas_absolutas,AE,AE:c_sem_taxas_absolutas,0.05,88,59,0.6704545454545454,0.05368516833484986,1.0621122508065184
teste_final_2025,sensitivity,all,c_sem_taxas_absolutas,AE,AE:c_sem_taxas_absolutas,0.1,175,119,0.68,0.10828025477707007,1.0772338489535944
teste_final_2025,sensitivity,insertion,c_sem_taxas_absolutas,AE,AE:c_sem_taxas_absolutas,0.01,14,9,0.6428571428571429,0.009846827133479213,0.9642857142857144
teste_final_2025,sensitivity,insertion,c_sem_taxas_absolutas,AE,AE:c_sem_taxas_absolutas,0.05,69,52,0.7536231884057971,0.05689277899343545,1.1304347826086958
teste_final_2025,sensitivity,insertion,c_sem_taxas_absolutas,AE,AE:c_sem_taxas_absolutas,0.1,138,101,0.7318840579710145,0.11050328227571116,1.097826086956522
teste_final_2025,sensitivity,displacement,c_sem_taxas_absolutas,AE,AE:c_sem_taxas_absolutas,0.01,4,1,0.25,0.005405405405405406,0.5
teste_final_2025,sensitivity,displacement,c_sem_taxas_absolutas,AE,AE:c_sem_taxas_absolutas,0.05,19,7,0.3684210526315789,0.03783783783783784,0.7368421052631579
teste_final_2025,sensitivity,displacement,c_sem_taxas_absolutas,AE,AE:c_sem_taxas_absolutas,0.1,37,16,0.43243243243243246,0.08648648648648649,0.8648648648648649
teste_final_2025,strict,all,c_sem_taxas_absolutas,IF,IF:c_sem_taxas_absolutas,0.01,15,14,0.9333333333333333,0.014909478168264111,1.41242456514022
teste_final_2025,strict,all,c_sem_taxas_absolutas,IF,IF:c_sem_taxas_absolutas,0.05,72,58,0.8055555555555556,0.0617678381256656,1.2190569163412615
teste_final_2025,strict,all,c_sem_taxas_absolutas,IF,IF:c_sem_taxas_absolutas,0.1,143,119,0.8321678321678322,0.12673056443024494,1.2593295947928536
teste_final_2025,strict,insertion,c_sem_taxas_absolutas,IF,IF:c_sem_taxas_absolutas,0.01,14,14,1.0,0.015317286652078774,1.5
teste_final_2025,strict,insertion,c_sem_taxas_absolutas,IF,IF:c_sem_taxas_absolutas,0.05,69,64,0.927536231884058,0.0700218818380744,1.3913043478260871
teste_final_2025,strict,insertion,c_sem_taxas_absolutas,IF,IF:c_sem_taxas_absolutas,0.1,138,131,0.9492753623188406,0.14332603938730853,1.423913043478261
teste_final_2025,strict,displacement,c_sem_taxas_absolutas,IF,IF:c_sem_taxas_absolutas,0.01,1,0,0.0,0.0,0.0
teste_final_2025,strict,displacement,c_sem_taxas_absolutas,IF,IF:c_sem_taxas_absolutas,0.05,3,0,0.0,0.0,0.0
teste_final_2025,strict,displacement,c_sem_taxas_absolutas,IF,IF:c_sem_taxas_absolutas,0.1,5,0,0.0,0.0,0.0
teste_final_2025,sensitivity,all,c_sem_taxas_absolutas,IF,IF:c_sem_taxas_absolutas,0.01,18,17,0.9444444444444444,0.015468607825295723,1.4961581235466588
teste_final_2025,sensitivity,all,c_sem_taxas_absolutas,IF,IF:c_sem_taxas_absolutas,0.05,88,69,0.7840909090909091,0.06278434940855324,1.2421312763669452
teste_final_2025,sensitivity,all,c_sem_taxas_absolutas,IF,IF:c_sem_taxas_absolutas,0.1,175,138,0.7885714285714286,0.12556869881710647,1.2492291693747564
teste_final_2025,sensitivity,insertion,c_sem_taxas_absolutas,IF,IF:c_sem_taxas_absolutas,0.01,14,14,1.0,0.015317286652078774,1.5
teste_final_2025,sensitivity,insertion,c_sem_taxas_absolutas,IF,IF:c_sem_taxas_absolutas,0.05,69,64,0.927536231884058,0.0700218818380744,1.3913043478260871
teste_final_2025,sensitivity,insertion,c_sem_taxas_absolutas,IF,IF:c_sem_taxas_absolutas,0.1,138,131,0.9492753623188406,0.14332603938730853,1.423913043478261
teste_final_2025,sensitivity,displacement,c_sem_taxas_absolutas,IF,IF:c_sem_taxas_absolutas,0.01,4,1,0.25,0.005405405405405406,0.5
teste_final_2025,sensitivity,displacement,c_sem_taxas_absolutas,IF,IF:c_sem_taxas_absolutas,0.05,19,1,0.05263157894736842,0.005405405405405406,0.10526315789473684
teste_final_2025,sensitivity,displacement,c_sem_taxas_absolutas,IF,IF:c_sem_taxas_absolutas,0.1,37,4,0.10810810810810811,0.021621621621621623,0.21621621621621623
estresse_fusaka_2025,strict,all,a_completa,AE,AE:a_completa,0.01,3,0,0.0,0.0,0.0
estresse_fusaka_2025,strict,all,a_completa,AE,AE:a_completa,0.05,15,3,0.2,0.015706806282722512,0.3015706806282723
estresse_fusaka_2025,strict,all,a_completa,AE,AE:a_completa,0.1,29,13,0.4482758620689655,0.06806282722513089,0.6759342841668171
estresse_fusaka_2025,strict,insertion,a_completa,AE,AE:a_completa,0.01,3,0,0.0,0.0,0.0
estresse_fusaka_2025,strict,insertion,a_completa,AE,AE:a_completa,0.05,15,5,0.3333333333333333,0.026595744680851064,0.5
estresse_fusaka_2025,strict,insertion,a_completa,AE,AE:a_completa,0.1,29,13,0.4482758620689655,0.06914893617021277,0.6724137931034483
estresse_fusaka_2025,strict,displacement,a_completa,AE,AE:a_completa,0.01,1,0,0.0,0.0,0.0
estresse_fusaka_2025,strict,displacement,a_completa,AE,AE:a_completa,0.05,1,0,0.0,0.0,0.0
estresse_fusaka_2025,strict,displacement,a_completa,AE,AE:a_completa,0.1,1,0,0.0,0.0,0.0
estresse_fusaka_2025,sensitivity,all,a_completa,AE,AE:a_completa,0.01,4,1,0.25,0.004901960784313725,0.38480392156862747
estresse_fusaka_2025,sensitivity,all,a_completa,AE,AE:a_completa,0.05,16,6,0.375,0.029411764705882353,0.5772058823529412
estresse_fusaka_2025,sensitivity,all,a_completa,AE,AE:a_completa,0.1,32,13,0.40625,0.06372549019607843,0.6253063725490197
estresse_fusaka_2025,sensitivity,insertion,a_completa,AE,AE:a_completa,0.01,3,0,0.0,0.0,0.0
estresse_fusaka_2025,sensitivity,insertion,a_completa,AE,AE:a_completa,0.05,15,5,0.3333333333333333,0.026595744680851064,0.5
estresse_fusaka_2025,sensitivity,insertion,a_completa,AE,AE:a_completa,0.1,29,13,0.4482758620689655,0.06914893617021277,0.6724137931034483
estresse_fusaka_2025,sensitivity,displacement,a_completa,AE,AE:a_completa,0.01,1,0,0.0,0.0,0.0
estresse_fusaka_2025,sensitivity,displacement,a_completa,AE,AE:a_completa,0.05,2,0,0.0,0.0,0.0
estresse_fusaka_2025,sensitivity,displacement,a_completa,AE,AE:a_completa,0.1,4,1,0.25,0.0625,0.5
estresse_fusaka_2025,strict,all,a_completa,IF,IF:a_completa,0.01,3,2,0.6666666666666666,0.010471204188481676,1.0052356020942408
estresse_fusaka_2025,strict,all,a_completa,IF,IF:a_completa,0.05,15,13,0.8666666666666667,0.06806282722513089,1.306806282722513
estresse_fusaka_2025,strict,all,a_completa,IF,IF:a_completa,0.1,29,22,0.7586206896551724,0.11518324607329843,1.1438887885899982
estresse_fusaka_2025,strict,insertion,a_completa,IF,IF:a_completa,0.01,3,3,1.0,0.015957446808510637,1.5
estresse_fusaka_2025,strict,insertion,a_completa,IF,IF:a_completa,0.05,15,14,0.9333333333333333,0.07446808510638298,1.4000000000000001
estresse_fusaka_2025,strict,insertion,a_completa,IF,IF:a_completa,0.1,29,24,0.8275862068965517,0.1276595744680851,1.2413793103448276
estresse_fusaka_2025,strict,displacement,a_completa,IF,IF:a_completa,0.01,1,0,0.0,0.0,0.0
estresse_fusaka_2025,strict,displacement,a_completa,IF,IF:a_completa,0.05,1,0,0.0,0.0,0.0
estresse_fusaka_2025,strict,displacement,a_completa,IF,IF:a_completa,0.1,1,0,0.0,0.0,0.0
estresse_fusaka_2025,sensitivity,all,a_completa,IF,IF:a_completa,0.01,4,3,0.75,0.014705882352941176,1.1544117647058825
estresse_fusaka_2025,sensitivity,all,a_completa,IF,IF:a_completa,0.05,16,14,0.875,0.06862745098039216,1.3468137254901962
estresse_fusaka_2025,sensitivity,all,a_completa,IF,IF:a_completa,0.1,32,23,0.71875,0.11274509803921569,1.106311274509804
estresse_fusaka_2025,sensitivity,insertion,a_completa,IF,IF:a_completa,0.01,3,3,1.0,0.015957446808510637,1.5
estresse_fusaka_2025,sensitivity,insertion,a_completa,IF,IF:a_completa,0.05,15,14,0.9333333333333333,0.07446808510638298,1.4000000000000001
estresse_fusaka_2025,sensitivity,insertion,a_completa,IF,IF:a_completa,0.1,29,24,0.8275862068965517,0.1276595744680851,1.2413793103448276
estresse_fusaka_2025,sensitivity,displacement,a_completa,IF,IF:a_completa,0.01,1,0,0.0,0.0,0.0
estresse_fusaka_2025,sensitivity,displacement,a_completa,IF,IF:a_completa,0.05,2,0,0.0,0.0,0.0
estresse_fusaka_2025,sensitivity,displacement,a_completa,IF,IF:a_completa,0.1,4,1,0.25,0.0625,0.5
estresse_fusaka_2025,strict,all,b_completa,AE,AE:b_completa,0.01,3,1,0.3333333333333333,0.005235602094240838,0.5026178010471204
estresse_fusaka_2025,strict,all,b_completa,AE,AE:b_completa,0.05,15,13,0.8666666666666667,0.06806282722513089,1.306806282722513
estresse_fusaka_2025,strict,all,b_completa,AE,AE:b_completa,0.1,29,20,0.6896551724137931,0.10471204188481675,1.0398988987181803
estresse_fusaka_2025,strict,insertion,b_completa,AE,AE:b_completa,0.01,3,1,0.3333333333333333,0.005319148936170213,0.5
estresse_fusaka_2025,strict,insertion,b_completa,AE,AE:b_completa,0.05,15,12,0.8,0.06382978723404255,1.2000000000000002
estresse_fusaka_2025,strict,insertion,b_completa,AE,AE:b_completa,0.1,29,20,0.6896551724137931,0.10638297872340426,1.0344827586206897
estresse_fusaka_2025,strict,displacement,b_completa,AE,AE:b_completa,0.01,1,1,1.0,0.3333333333333333,2.0
estresse_fusaka_2025,strict,displacement,b_completa,AE,AE:b_completa,0.05,1,1,1.0,0.3333333333333333,2.0
estresse_fusaka_2025,strict,displacement,b_completa,AE,AE:b_completa,0.1,1,1,1.0,0.3333333333333333,2.0
estresse_fusaka_2025,sensitivity,all,b_completa,AE,AE:b_completa,0.01,4,2,0.5,0.00980392156862745,0.7696078431372549
estresse_fusaka_2025,sensitivity,all,b_completa,AE,AE:b_completa,0.05,16,13,0.8125,0.06372549019607843,1.2506127450980393
estresse_fusaka_2025,sensitivity,all,b_completa,AE,AE:b_completa,0.1,32,22,0.6875,0.10784313725490197,1.0582107843137256
estresse_fusaka_2025,sensitivity,insertion,b_completa,AE,AE:b_completa,0.01,3,1,0.3333333333333333,0.005319148936170213,0.5
estresse_fusaka_2025,sensitivity,insertion,b_completa,AE,AE:b_completa,0.05,15,12,0.8,0.06382978723404255,1.2000000000000002
estresse_fusaka_2025,sensitivity,insertion,b_completa,AE,AE:b_completa,0.1,29,20,0.6896551724137931,0.10638297872340426,1.0344827586206897
estresse_fusaka_2025,sensitivity,displacement,b_completa,AE,AE:b_completa,0.01,1,1,1.0,0.0625,2.0
estresse_fusaka_2025,sensitivity,displacement,b_completa,AE,AE:b_completa,0.05,2,1,0.5,0.0625,1.0
estresse_fusaka_2025,sensitivity,displacement,b_completa,AE,AE:b_completa,0.1,4,2,0.5,0.125,1.0
estresse_fusaka_2025,strict,all,b_completa,IF,IF:b_completa,0.01,3,2,0.6666666666666666,0.010471204188481676,1.0052356020942408
estresse_fusaka_2025,strict,all,b_completa,IF,IF:b_completa,0.05,15,13,0.8666666666666667,0.06806282722513089,1.306806282722513
estresse_fusaka_2025,strict,all,b_completa,IF,IF:b_completa,0.1,29,27,0.9310344827586207,0.14136125654450263,1.4038635132695432
estresse_fusaka_2025,strict,insertion,b_completa,IF,IF:b_completa,0.01,3,3,1.0,0.015957446808510637,1.5
estresse_fusaka_2025,strict,insertion,b_completa,IF,IF:b_completa,0.05,15,15,1.0,0.0797872340425532,1.5
estresse_fusaka_2025,strict,insertion,b_completa,IF,IF:b_completa,0.1,29,29,1.0,0.15425531914893617,1.5
estresse_fusaka_2025,strict,displacement,b_completa,IF,IF:b_completa,0.01,1,0,0.0,0.0,0.0
estresse_fusaka_2025,strict,displacement,b_completa,IF,IF:b_completa,0.05,1,0,0.0,0.0,0.0
estresse_fusaka_2025,strict,displacement,b_completa,IF,IF:b_completa,0.1,1,0,0.0,0.0,0.0
estresse_fusaka_2025,sensitivity,all,b_completa,IF,IF:b_completa,0.01,4,3,0.75,0.014705882352941176,1.1544117647058825
estresse_fusaka_2025,sensitivity,all,b_completa,IF,IF:b_completa,0.05,16,14,0.875,0.06862745098039216,1.3468137254901962
estresse_fusaka_2025,sensitivity,all,b_completa,IF,IF:b_completa,0.1,32,30,0.9375,0.14705882352941177,1.443014705882353
estresse_fusaka_2025,sensitivity,insertion,b_completa,IF,IF:b_completa,0.01,3,3,1.0,0.015957446808510637,1.5
estresse_fusaka_2025,sensitivity,insertion,b_completa,IF,IF:b_completa,0.05,15,15,1.0,0.0797872340425532,1.5
estresse_fusaka_2025,sensitivity,insertion,b_completa,IF,IF:b_completa,0.1,29,29,1.0,0.15425531914893617,1.5
estresse_fusaka_2025,sensitivity,displacement,b_completa,IF,IF:b_completa,0.01,1,0,0.0,0.0,0.0
estresse_fusaka_2025,sensitivity,displacement,b_completa,IF,IF:b_completa,0.05,2,0,0.0,0.0,0.0
estresse_fusaka_2025,sensitivity,displacement,b_completa,IF,IF:b_completa,0.1,4,0,0.0,0.0,0.0
estresse_fusaka_2025,strict,all,c_completa,AE,AE:c_completa,0.01,3,0,0.0,0.0,0.0
estresse_fusaka_2025,strict,all,c_completa,AE,AE:c_completa,0.05,15,7,0.4666666666666667,0.03664921465968586,0.7036649214659686
estresse_fusaka_2025,strict,all,c_completa,AE,AE:c_completa,0.1,29,16,0.5517241379310345,0.08376963350785341,0.8319191189745442
estresse_fusaka_2025,strict,insertion,c_completa,AE,AE:c_completa,0.01,3,0,0.0,0.0,0.0
estresse_fusaka_2025,strict,insertion,c_completa,AE,AE:c_completa,0.05,15,7,0.4666666666666667,0.03723404255319149,0.7000000000000001
estresse_fusaka_2025,strict,insertion,c_completa,AE,AE:c_completa,0.1,29,16,0.5517241379310345,0.0851063829787234,0.8275862068965517
estresse_fusaka_2025,strict,displacement,c_completa,AE,AE:c_completa,0.01,1,0,0.0,0.0,0.0
estresse_fusaka_2025,strict,displacement,c_completa,AE,AE:c_completa,0.05,1,0,0.0,0.0,0.0
estresse_fusaka_2025,strict,displacement,c_completa,AE,AE:c_completa,0.1,1,0,0.0,0.0,0.0
estresse_fusaka_2025,sensitivity,all,c_completa,AE,AE:c_completa,0.01,4,1,0.25,0.004901960784313725,0.38480392156862747
estresse_fusaka_2025,sensitivity,all,c_completa,AE,AE:c_completa,0.05,16,8,0.5,0.0392156862745098,0.7696078431372549
estresse_fusaka_2025,sensitivity,all,c_completa,AE,AE:c_completa,0.1,32,15,0.46875,0.07352941176470588,0.7215073529411765
estresse_fusaka_2025,sensitivity,insertion,c_completa,AE,AE:c_completa,0.01,3,0,0.0,0.0,0.0
estresse_fusaka_2025,sensitivity,insertion,c_completa,AE,AE:c_completa,0.05,15,7,0.4666666666666667,0.03723404255319149,0.7000000000000001
estresse_fusaka_2025,sensitivity,insertion,c_completa,AE,AE:c_completa,0.1,29,16,0.5517241379310345,0.0851063829787234,0.8275862068965517
estresse_fusaka_2025,sensitivity,displacement,c_completa,AE,AE:c_completa,0.01,1,0,0.0,0.0,0.0
estresse_fusaka_2025,sensitivity,displacement,c_completa,AE,AE:c_completa,0.05,2,1,0.5,0.0625,1.0
estresse_fusaka_2025,sensitivity,displacement,c_completa,AE,AE:c_completa,0.1,4,2,0.5,0.125,1.0
estresse_fusaka_2025,strict,all,c_completa,IF,IF:c_completa,0.01,3,2,0.6666666666666666,0.010471204188481676,1.0052356020942408
estresse_fusaka_2025,strict,all,c_completa,IF,IF:c_completa,0.05,15,13,0.8666666666666667,0.06806282722513089,1.306806282722513
estresse_fusaka_2025,strict,all,c_completa,IF,IF:c_completa,0.1,29,26,0.896551724137931,0.13612565445026178,1.3518685683336342
estresse_fusaka_2025,strict,insertion,c_completa,IF,IF:c_completa,0.01,3,3,1.0,0.015957446808510637,1.5
estresse_fusaka_2025,strict,insertion,c_completa,IF,IF:c_completa,0.05,15,15,1.0,0.0797872340425532,1.5
estresse_fusaka_2025,strict,insertion,c_completa,IF,IF:c_completa,0.1,29,29,1.0,0.15425531914893617,1.5
estresse_fusaka_2025,strict,displacement,c_completa,IF,IF:c_completa,0.01,1,0,0.0,0.0,0.0
estresse_fusaka_2025,strict,displacement,c_completa,IF,IF:c_completa,0.05,1,0,0.0,0.0,0.0
estresse_fusaka_2025,strict,displacement,c_completa,IF,IF:c_completa,0.1,1,0,0.0,0.0,0.0
estresse_fusaka_2025,sensitivity,all,c_completa,IF,IF:c_completa,0.01,4,3,0.75,0.014705882352941176,1.1544117647058825
estresse_fusaka_2025,sensitivity,all,c_completa,IF,IF:c_completa,0.05,16,14,0.875,0.06862745098039216,1.3468137254901962
estresse_fusaka_2025,sensitivity,all,c_completa,IF,IF:c_completa,0.1,32,29,0.90625,0.14215686274509803,1.3949142156862746
estresse_fusaka_2025,sensitivity,insertion,c_completa,IF,IF:c_completa,0.01,3,3,1.0,0.015957446808510637,1.5
estresse_fusaka_2025,sensitivity,insertion,c_completa,IF,IF:c_completa,0.05,15,15,1.0,0.0797872340425532,1.5
estresse_fusaka_2025,sensitivity,insertion,c_completa,IF,IF:c_completa,0.1,29,29,1.0,0.15425531914893617,1.5
estresse_fusaka_2025,sensitivity,displacement,c_completa,IF,IF:c_completa,0.01,1,0,0.0,0.0,0.0
estresse_fusaka_2025,sensitivity,displacement,c_completa,IF,IF:c_completa,0.05,2,0,0.0,0.0,0.0
estresse_fusaka_2025,sensitivity,displacement,c_completa,IF,IF:c_completa,0.1,4,0,0.0,0.0,0.0
estresse_fusaka_2025,strict,all,b_sem_taxas_absolutas,AE,AE:b_sem_taxas_absolutas,0.01,3,3,1.0,0.015706806282722512,1.5078534031413613
estresse_fusaka_2025,strict,all,b_sem_taxas_absolutas,AE,AE:b_sem_taxas_absolutas,0.05,15,14,0.9333333333333333,0.07329842931937172,1.4073298429319372
estresse_fusaka_2025,strict,all,b_sem_taxas_absolutas,AE,AE:b_sem_taxas_absolutas,0.1,29,26,0.896551724137931,0.13612565445026178,1.3518685683336342
estresse_fusaka_2025,strict,insertion,b_sem_taxas_absolutas,AE,AE:b_sem_taxas_absolutas,0.01,3,3,1.0,0.015957446808510637,1.5
estresse_fusaka_2025,strict,insertion,b_sem_taxas_absolutas,AE,AE:b_sem_taxas_absolutas,0.05,15,15,1.0,0.0797872340425532,1.5
estresse_fusaka_2025,strict,insertion,b_sem_taxas_absolutas,AE,AE:b_sem_taxas_absolutas,0.1,29,27,0.9310344827586207,0.14361702127659576,1.396551724137931
estresse_fusaka_2025,strict,displacement,b_sem_taxas_absolutas,AE,AE:b_sem_taxas_absolutas,0.01,1,0,0.0,0.0,0.0
estresse_fusaka_2025,strict,displacement,b_sem_taxas_absolutas,AE,AE:b_sem_taxas_absolutas,0.05,1,0,0.0,0.0,0.0
estresse_fusaka_2025,strict,displacement,b_sem_taxas_absolutas,AE,AE:b_sem_taxas_absolutas,0.1,1,0,0.0,0.0,0.0
estresse_fusaka_2025,sensitivity,all,b_sem_taxas_absolutas,AE,AE:b_sem_taxas_absolutas,0.01,4,4,1.0,0.0196078431372549,1.5392156862745099
estresse_fusaka_2025,sensitivity,all,b_sem_taxas_absolutas,AE,AE:b_sem_taxas_absolutas,0.05,16,15,0.9375,0.07352941176470588,1.443014705882353
estresse_fusaka_2025,sensitivity,all,b_sem_taxas_absolutas,AE,AE:b_sem_taxas_absolutas,0.1,32,27,0.84375,0.1323529411764706,1.2987132352941178
estresse_fusaka_2025,sensitivity,insertion,b_sem_taxas_absolutas,AE,AE:b_sem_taxas_absolutas,0.01,3,3,1.0,0.015957446808510637,1.5
estresse_fusaka_2025,sensitivity,insertion,b_sem_taxas_absolutas,AE,AE:b_sem_taxas_absolutas,0.05,15,15,1.0,0.0797872340425532,1.5
estresse_fusaka_2025,sensitivity,insertion,b_sem_taxas_absolutas,AE,AE:b_sem_taxas_absolutas,0.1,29,27,0.9310344827586207,0.14361702127659576,1.396551724137931
estresse_fusaka_2025,sensitivity,displacement,b_sem_taxas_absolutas,AE,AE:b_sem_taxas_absolutas,0.01,1,0,0.0,0.0,0.0
estresse_fusaka_2025,sensitivity,displacement,b_sem_taxas_absolutas,AE,AE:b_sem_taxas_absolutas,0.05,2,0,0.0,0.0,0.0
estresse_fusaka_2025,sensitivity,displacement,b_sem_taxas_absolutas,AE,AE:b_sem_taxas_absolutas,0.1,4,2,0.5,0.125,1.0
estresse_fusaka_2025,strict,all,b_sem_taxas_absolutas,IF,IF:b_sem_taxas_absolutas,0.01,3,2,0.6666666666666666,0.010471204188481676,1.0052356020942408
estresse_fusaka_2025,strict,all,b_sem_taxas_absolutas,IF,IF:b_sem_taxas_absolutas,0.05,15,12,0.8,0.06282722513089005,1.2062827225130892
estresse_fusaka_2025,strict,all,b_sem_taxas_absolutas,IF,IF:b_sem_taxas_absolutas,0.1,29,24,0.8275862068965517,0.1256544502617801,1.2478786784618163
estresse_fusaka_2025,strict,insertion,b_sem_taxas_absolutas,IF,IF:b_sem_taxas_absolutas,0.01,3,3,1.0,0.015957446808510637,1.5
estresse_fusaka_2025,strict,insertion,b_sem_taxas_absolutas,IF,IF:b_sem_taxas_absolutas,0.05,15,14,0.9333333333333333,0.07446808510638298,1.4000000000000001
estresse_fusaka_2025,strict,insertion,b_sem_taxas_absolutas,IF,IF:b_sem_taxas_absolutas,0.1,29,27,0.9310344827586207,0.14361702127659576,1.396551724137931
estresse_fusaka_2025,strict,displacement,b_sem_taxas_absolutas,IF,IF:b_sem_taxas_absolutas,0.01,1,0,0.0,0.0,0.0
estresse_fusaka_2025,strict,displacement,b_sem_taxas_absolutas,IF,IF:b_sem_taxas_absolutas,0.05,1,0,0.0,0.0,0.0
estresse_fusaka_2025,strict,displacement,b_sem_taxas_absolutas,IF,IF:b_sem_taxas_absolutas,0.1,1,0,0.0,0.0,0.0
estresse_fusaka_2025,sensitivity,all,b_sem_taxas_absolutas,IF,IF:b_sem_taxas_absolutas,0.01,4,2,0.5,0.00980392156862745,0.7696078431372549
estresse_fusaka_2025,sensitivity,all,b_sem_taxas_absolutas,IF,IF:b_sem_taxas_absolutas,0.05,16,13,0.8125,0.06372549019607843,1.2506127450980393
estresse_fusaka_2025,sensitivity,all,b_sem_taxas_absolutas,IF,IF:b_sem_taxas_absolutas,0.1,32,25,0.78125,0.12254901960784313,1.202512254901961
estresse_fusaka_2025,sensitivity,insertion,b_sem_taxas_absolutas,IF,IF:b_sem_taxas_absolutas,0.01,3,3,1.0,0.015957446808510637,1.5
estresse_fusaka_2025,sensitivity,insertion,b_sem_taxas_absolutas,IF,IF:b_sem_taxas_absolutas,0.05,15,14,0.9333333333333333,0.07446808510638298,1.4000000000000001
estresse_fusaka_2025,sensitivity,insertion,b_sem_taxas_absolutas,IF,IF:b_sem_taxas_absolutas,0.1,29,27,0.9310344827586207,0.14361702127659576,1.396551724137931
estresse_fusaka_2025,sensitivity,displacement,b_sem_taxas_absolutas,IF,IF:b_sem_taxas_absolutas,0.01,1,0,0.0,0.0,0.0
estresse_fusaka_2025,sensitivity,displacement,b_sem_taxas_absolutas,IF,IF:b_sem_taxas_absolutas,0.05,2,0,0.0,0.0,0.0
estresse_fusaka_2025,sensitivity,displacement,b_sem_taxas_absolutas,IF,IF:b_sem_taxas_absolutas,0.1,4,2,0.5,0.125,1.0
estresse_fusaka_2025,strict,all,c_sem_taxas_absolutas,AE,AE:c_sem_taxas_absolutas,0.01,3,2,0.6666666666666666,0.010471204188481676,1.0052356020942408
estresse_fusaka_2025,strict,all,c_sem_taxas_absolutas,AE,AE:c_sem_taxas_absolutas,0.05,15,9,0.6,0.04712041884816754,0.9047120418848168
estresse_fusaka_2025,strict,all,c_sem_taxas_absolutas,AE,AE:c_sem_taxas_absolutas,0.1,29,20,0.6896551724137931,0.10471204188481675,1.0398988987181803
estresse_fusaka_2025,strict,insertion,c_sem_taxas_absolutas,AE,AE:c_sem_taxas_absolutas,0.01,3,2,0.6666666666666666,0.010638297872340425,1.0
estresse_fusaka_2025,strict,insertion,c_sem_taxas_absolutas,AE,AE:c_sem_taxas_absolutas,0.05,15,9,0.6,0.047872340425531915,0.9
estresse_fusaka_2025,strict,insertion,c_sem_taxas_absolutas,AE,AE:c_sem_taxas_absolutas,0.1,29,20,0.6896551724137931,0.10638297872340426,1.0344827586206897
estresse_fusaka_2025,strict,displacement,c_sem_taxas_absolutas,AE,AE:c_sem_taxas_absolutas,0.01,1,0,0.0,0.0,0.0
estresse_fusaka_2025,strict,displacement,c_sem_taxas_absolutas,AE,AE:c_sem_taxas_absolutas,0.05,1,0,0.0,0.0,0.0
estresse_fusaka_2025,strict,displacement,c_sem_taxas_absolutas,AE,AE:c_sem_taxas_absolutas,0.1,1,0,0.0,0.0,0.0
estresse_fusaka_2025,sensitivity,all,c_sem_taxas_absolutas,AE,AE:c_sem_taxas_absolutas,0.01,4,2,0.5,0.00980392156862745,0.7696078431372549
estresse_fusaka_2025,sensitivity,all,c_sem_taxas_absolutas,AE,AE:c_sem_taxas_absolutas,0.05,16,9,0.5625,0.04411764705882353,0.8658088235294118
estresse_fusaka_2025,sensitivity,all,c_sem_taxas_absolutas,AE,AE:c_sem_taxas_absolutas,0.1,32,18,0.5625,0.08823529411764706,0.8658088235294118
estresse_fusaka_2025,sensitivity,insertion,c_sem_taxas_absolutas,AE,AE:c_sem_taxas_absolutas,0.01,3,2,0.6666666666666666,0.010638297872340425,1.0
estresse_fusaka_2025,sensitivity,insertion,c_sem_taxas_absolutas,AE,AE:c_sem_taxas_absolutas,0.05,15,9,0.6,0.047872340425531915,0.9
estresse_fusaka_2025,sensitivity,insertion,c_sem_taxas_absolutas,AE,AE:c_sem_taxas_absolutas,0.1,29,20,0.6896551724137931,0.10638297872340426,1.0344827586206897
estresse_fusaka_2025,sensitivity,displacement,c_sem_taxas_absolutas,AE,AE:c_sem_taxas_absolutas,0.01,1,1,1.0,0.0625,2.0
estresse_fusaka_2025,sensitivity,displacement,c_sem_taxas_absolutas,AE,AE:c_sem_taxas_absolutas,0.05,2,1,0.5,0.0625,1.0
estresse_fusaka_2025,sensitivity,displacement,c_sem_taxas_absolutas,AE,AE:c_sem_taxas_absolutas,0.1,4,2,0.5,0.125,1.0
estresse_fusaka_2025,strict,all,c_sem_taxas_absolutas,IF,IF:c_sem_taxas_absolutas,0.01,3,3,1.0,0.015706806282722512,1.5078534031413613
estresse_fusaka_2025,strict,all,c_sem_taxas_absolutas,IF,IF:c_sem_taxas_absolutas,0.05,15,14,0.9333333333333333,0.07329842931937172,1.4073298429319372
estresse_fusaka_2025,strict,all,c_sem_taxas_absolutas,IF,IF:c_sem_taxas_absolutas,0.1,29,24,0.8275862068965517,0.1256544502617801,1.2478786784618163
estresse_fusaka_2025,strict,insertion,c_sem_taxas_absolutas,IF,IF:c_sem_taxas_absolutas,0.01,3,3,1.0,0.015957446808510637,1.5
estresse_fusaka_2025,strict,insertion,c_sem_taxas_absolutas,IF,IF:c_sem_taxas_absolutas,0.05,15,14,0.9333333333333333,0.07446808510638298,1.4000000000000001
estresse_fusaka_2025,strict,insertion,c_sem_taxas_absolutas,IF,IF:c_sem_taxas_absolutas,0.1,29,26,0.896551724137931,0.13829787234042554,1.3448275862068966
estresse_fusaka_2025,strict,displacement,c_sem_taxas_absolutas,IF,IF:c_sem_taxas_absolutas,0.01,1,0,0.0,0.0,0.0
estresse_fusaka_2025,strict,displacement,c_sem_taxas_absolutas,IF,IF:c_sem_taxas_absolutas,0.05,1,0,0.0,0.0,0.0
estresse_fusaka_2025,strict,displacement,c_sem_taxas_absolutas,IF,IF:c_sem_taxas_absolutas,0.1,1,0,0.0,0.0,0.0
estresse_fusaka_2025,sensitivity,all,c_sem_taxas_absolutas,IF,IF:c_sem_taxas_absolutas,0.01,4,3,0.75,0.014705882352941176,1.1544117647058825
estresse_fusaka_2025,sensitivity,all,c_sem_taxas_absolutas,IF,IF:c_sem_taxas_absolutas,0.05,16,13,0.8125,0.06372549019607843,1.2506127450980393
estresse_fusaka_2025,sensitivity,all,c_sem_taxas_absolutas,IF,IF:c_sem_taxas_absolutas,0.1,32,26,0.8125,0.12745098039215685,1.2506127450980393
estresse_fusaka_2025,sensitivity,insertion,c_sem_taxas_absolutas,IF,IF:c_sem_taxas_absolutas,0.01,3,3,1.0,0.015957446808510637,1.5
estresse_fusaka_2025,sensitivity,insertion,c_sem_taxas_absolutas,IF,IF:c_sem_taxas_absolutas,0.05,15,14,0.9333333333333333,0.07446808510638298,1.4000000000000001
estresse_fusaka_2025,sensitivity,insertion,c_sem_taxas_absolutas,IF,IF:c_sem_taxas_absolutas,0.1,29,26,0.896551724137931,0.13829787234042554,1.3448275862068966
estresse_fusaka_2025,sensitivity,displacement,c_sem_taxas_absolutas,IF,IF:c_sem_taxas_absolutas,0.01,1,0,0.0,0.0,0.0
estresse_fusaka_2025,sensitivity,displacement,c_sem_taxas_absolutas,IF,IF:c_sem_taxas_absolutas,0.05,2,1,0.5,0.0625,1.0
estresse_fusaka_2025,sensitivity,displacement,c_sem_taxas_absolutas,IF,IF:c_sem_taxas_absolutas,0.1,4,2,0.5,0.125,1.0
