split,policy,attack_scope,configuration,method,model,top_fraction,top_n,positives_in_top,precision_at_top,recall_at_top,lift_at_top
estresse_pre_dencun_2024,strict,all,a_completa,AE,AE:a_completa,0.01,20,7,0.35,0.0055423594615993665,0.5304038004750594
estresse_pre_dencun_2024,strict,all,a_completa,AE,AE:a_completa,0.05,96,48,0.5,0.03800475059382423,0.7577197149643706
estresse_pre_dencun_2024,strict,all,a_completa,AE,AE:a_completa,0.1,192,116,0.6041666666666666,0.09184481393507522,0.9155779889152811
estresse_pre_dencun_2024,strict,insertion,a_completa,AE,AE:a_completa,0.01,19,16,0.8421052631578947,0.013061224489795919,1.263501611170784
estresse_pre_dencun_2024,strict,insertion,a_completa,AE,AE:a_completa,0.05,92,66,0.717391304347826,0.053877551020408164,1.0763797692990238
estresse_pre_dencun_2024,strict,insertion,a_completa,AE,AE:a_completa,0.1,184,140,0.7608695652173914,0.11428571428571428,1.141614906832298
estresse_pre_dencun_2024,strict,displacement,a_completa,AE,AE:a_completa,0.01,1,0,0.0,0.0,0.0
estresse_pre_dencun_2024,strict,displacement,a_completa,AE,AE:a_completa,0.05,4,0,0.0,0.0,0.0
estresse_pre_dencun_2024,strict,displacement,a_completa,AE,AE:a_completa,0.1,8,0,0.0,0.0,0.0
estresse_pre_dencun_2024,sensitivity,all,a_completa,AE,AE:a_completa,0.01,47,30,0.6382978723404256,0.011441647597254004,1.127610886605969
estresse_pre_dencun_2024,sensitivity,all,a_completa,AE,AE:a_completa,0.05,232,156,0.6724137931034483,0.059496567505720827,1.187879744338357
estresse_pre_dencun_2024,sensitivity,all,a_completa,AE,AE:a_completa,0.1,464,292,0.6293103448275862,0.11136536994660565,1.1117336068807702
estresse_pre_dencun_2024,sensitivity,insertion,a_completa,AE,AE:a_completa,0.01,19,16,0.8421052631578947,0.013061224489795919,1.263501611170784
estresse_pre_dencun_2024,sensitivity,insertion,a_completa,AE,AE:a_completa,0.05,92,66,0.717391304347826,0.053877551020408164,1.0763797692990238
estresse_pre_dencun_2024,sensitivity,insertion,a_completa,AE,AE:a_completa,0.1,184,140,0.7608695652173914,0.11428571428571428,1.141614906832298
estresse_pre_dencun_2024,sensitivity,displacement,a_completa,AE,AE:a_completa,0.01,28,19,0.6785714285714286,0.013600572655690766,1.3571428571428572
estresse_pre_dencun_2024,sensitivity,displacement,a_completa,AE,AE:a_completa,0.05,140,88,0.6285714285714286,0.06299212598425197,1.2571428571428571
estresse_pre_dencun_2024,sensitivity,displacement,a_completa,AE,AE:a_completa,0.1,280,180,0.6428571428571429,0.12884753042233357,1.2857142857142858
estresse_pre_dencun_2024,strict,all,a_completa,IF,IF:a_completa,0.01,20,18,0.9,0.014251781472684086,1.363895486935867
estresse_pre_dencun_2024,strict,all,a_completa,IF,IF:a_completa,0.05,96,80,0.8333333333333334,0.06334125098970704,1.2628661916072843
estresse_pre_dencun_2024,strict,all,a_completa,IF,IF:a_completa,0.1,192,164,0.8541666666666666,0.12984956452889945,1.2944378463974664
estresse_pre_dencun_2024,strict,insertion,a_completa,IF,IF:a_completa,0.01,19,19,1.0,0.015510204081632653,1.5004081632653061
estresse_pre_dencun_2024,strict,insertion,a_completa,IF,IF:a_completa,0.05,92,92,1.0,0.07510204081632653,1.5004081632653061
estresse_pre_dencun_2024,strict,insertion,a_completa,IF,IF:a_completa,0.1,184,183,0.9945652173913043,0.1493877551020408,1.4922537710736468
estresse_pre_dencun_2024,strict,displacement,a_completa,IF,IF:a_completa,0.01,1,0,0.0,0.0,0.0
estresse_pre_dencun_2024,strict,displacement,a_completa,IF,IF:a_completa,0.05,4,0,0.0,0.0,0.0
estresse_pre_dencun_2024,strict,displacement,a_completa,IF,IF:a_completa,0.1,8,0,0.0,0.0,0.0
estresse_pre_dencun_2024,sensitivity,all,a_completa,IF,IF:a_completa,0.01,47,40,0.851063829787234,0.015255530129672006,1.5034811821412921
estresse_pre_dencun_2024,sensitivity,all,a_completa,IF,IF:a_completa,0.05,232,189,0.8146551724137931,0.07208237986270023,1.4391619979483943
estresse_pre_dencun_2024,sensitivity,all,a_completa,IF,IF:a_completa,0.1,464,378,0.8146551724137931,0.14416475972540047,1.4391619979483943
estresse_pre_dencun_2024,sensitivity,insertion,a_completa,IF,IF:a_completa,0.01,19,19,1.0,0.015510204081632653,1.5004081632653061
estresse_pre_dencun_2024,sensitivity,insertion,a_completa,IF,IF:a_completa,0.05,92,92,1.0,0.07510204081632653,1.5004081632653061
estresse_pre_dencun_2024,sensitivity,insertion,a_completa,IF,IF:a_completa,0.1,184,183,0.9945652173913043,0.1493877551020408,1.4922537710736468
estresse_pre_dencun_2024,sensitivity,displacement,a_completa,IF,IF:a_completa,0.01,28,6,0.21428571428571427,0.004294917680744453,0.42857142857142855
estresse_pre_dencun_2024,sensitivity,displacement,a_completa,IF,IF:a_completa,0.05,140,64,0.45714285714285713,0.04581245526127416,0.9142857142857143
estresse_pre_dencun_2024,sensitivity,displacement,a_completa,IF,IF:a_completa,0.1,280,138,0.4928571428571429,0.09878310665712241,0.9857142857142858
estresse_pre_dencun_2024,strict,all,b_completa,AE,AE:b_completa,0.01,20,19,0.95,0.015043547110055424,1.4396674584323041
estresse_pre_dencun_2024,strict,all,b_completa,AE,AE:b_completa,0.05,96,91,0.9479166666666666,0.07205067300079177,1.4365102929532858
estresse_pre_dencun_2024,strict,all,b_completa,AE,AE:b_completa,0.1,192,178,0.9270833333333334,0.14093428345209819,1.404938638163104
estresse_pre_dencun_2024,strict,insertion,b_completa,AE,AE:b_completa,0.01,19,18,0.9473684210526315,0.014693877551020407,1.4214393125671319
estresse_pre_dencun_2024,strict,insertion,b_completa,AE,AE:b_completa,0.05,92,87,0.9456521739130435,0.07102040816326531,1.4188642413487134
estresse_pre_dencun_2024,strict,insertion,b_completa,AE,AE:b_completa,0.1,184,174,0.9456521739130435,0.14204081632653062,1.4188642413487134
estresse_pre_dencun_2024,strict,displacement,b_completa,AE,AE:b_completa,0.01,1,0,0.0,0.0,0.0
estresse_pre_dencun_2024,strict,displacement,b_completa,AE,AE:b_completa,0.05,4,2,0.5,0.05263157894736842,1.0
estresse_pre_dencun_2024,strict,displacement,b_completa,AE,AE:b_completa,0.1,8,3,0.375,0.07894736842105263,0.75
estresse_pre_dencun_2024,sensitivity,all,b_completa,AE,AE:b_completa,0.01,47,42,0.8936170212765957,0.016018306636155607,1.5786552412483568
estresse_pre_dencun_2024,sensitivity,all,b_completa,AE,AE:b_completa,0.05,232,203,0.875,0.07742181540808543,1.545766590389016
estresse_pre_dencun_2024,sensitivity,all,b_completa,AE,AE:b_completa,0.1,464,360,0.7758620689655172,0.13729977116704806,1.3706304742365658
estresse_pre_dencun_2024,sensitivity,insertion,b_completa,AE,AE:b_completa,0.01,19,18,0.9473684210526315,0.014693877551020407,1.4214393125671319
estresse_pre_dencun_2024,sensitivity,insertion,b_completa,AE,AE:b_completa,0.05,92,87,0.9456521739130435,0.07102040816326531,1.4188642413487134
estresse_pre_dencun_2024,sensitivity,insertion,b_completa,AE,AE:b_completa,0.1,184,174,0.9456521739130435,0.14204081632653062,1.4188642413487134
estresse_pre_dencun_2024,sensitivity,displacement,b_completa,AE,AE:b_completa,0.01,28,20,0.7142857142857143,0.014316392269148175,1.4285714285714286
estresse_pre_dencun_2024,sensitivity,displacement,b_completa,AE,AE:b_completa,0.05,140,84,0.6,0.06012884753042233,1.2
estresse_pre_dencun_2024,sensitivity,displacement,b_completa,AE,AE:b_completa,0.1,280,165,0.5892857142857143,0.11811023622047244,1.1785714285714286
estresse_pre_dencun_2024,strict,all,b_completa,IF,IF:b_completa,0.01,20,9,0.45,0.007125890736342043,0.6819477434679335
estresse_pre_dencun_2024,strict,all,b_completa,IF,IF:b_completa,0.05,96,72,0.75,0.057007125890736345,1.136579572446556
estresse_pre_dencun_2024,strict,all,b_completa,IF,IF:b_completa,0.1,192,158,0.8229166666666666,0.1250989707046714,1.2470803642121933
estresse_pre_dencun_2024,strict,insertion,b_completa,IF,IF:b_completa,0.01,19,19,1.0,0.015510204081632653,1.5004081632653061
estresse_pre_dencun_2024,strict,insertion,b_completa,IF,IF:b_completa,0.05,92,92,1.0,0.07510204081632653,1.5004081632653061
estresse_pre_dencun_2024,strict,insertion,b_completa,IF,IF:b_completa,0.1,184,184,1.0,0.15020408163265306,1.5004081632653061
estresse_pre_dencun_2024,strict,displacement,b_completa,IF,IF:b_completa,0.01,1,0,0.0,0.0,0.0
estresse_pre_dencun_2024,strict,displacement,b_completa,IF,IF:b_completa,0.05,4,0,0.0,0.0,0.0
estresse_pre_dencun_2024,strict,displacement,b_completa,IF,IF:b_completa,0.1,8,0,0.0,0.0,0.0
estresse_pre_dencun_2024,sensitivity,all,b_completa,IF,IF:b_completa,0.01,47,30,0.6382978723404256,0.011441647597254004,1.127610886605969
estresse_pre_dencun_2024,sensitivity,all,b_completa,IF,IF:b_completa,0.05,232,179,0.771551724137931,0.06826849733028223,1.3630158604908071
estresse_pre_dencun_2024,sensitivity,all,b_completa,IF,IF:b_completa,0.1,464,360,0.7758620689655172,0.13729977116704806,1.3706304742365658
estresse_pre_dencun_2024,sensitivity,insertion,b_completa,IF,IF:b_completa,0.01,19,19,1.0,0.015510204081632653,1.5004081632653061
estresse_pre_dencun_2024,sensitivity,insertion,b_completa,IF,IF:b_completa,0.05,92,92,1.0,0.07510204081632653,1.5004081632653061
estresse_pre_dencun_2024,sensitivity,insertion,b_completa,IF,IF:b_completa,0.1,184,184,1.0,0.15020408163265306,1.5004081632653061
estresse_pre_dencun_2024,sensitivity,displacement,b_completa,IF,IF:b_completa,0.01,28,6,0.21428571428571427,0.004294917680744453,0.42857142857142855
estresse_pre_dencun_2024,sensitivity,displacement,b_completa,IF,IF:b_completa,0.05,140,53,0.37857142857142856,0.03793843951324266,0.7571428571428571
estresse_pre_dencun_2024,sensitivity,displacement,b_completa,IF,IF:b_completa,0.1,280,131,0.46785714285714286,0.09377236936292055,0.9357142857142857
estresse_pre_dencun_2024,strict,all,c_completa,AE,AE:c_completa,0.01,20,20,1.0,0.01583531274742676,1.5154394299287413
estresse_pre_dencun_2024,strict,all,c_completa,AE,AE:c_completa,0.05,96,91,0.9479166666666666,0.07205067300079177,1.4365102929532858
estresse_pre_dencun_2024,strict,all,c_completa,AE,AE:c_completa,0.1,192,170,0.8854166666666666,0.13460015835312747,1.3417953285827395
estresse_pre_dencun_2024,strict,insertion,c_completa,AE,AE:c_completa,0.01,19,19,1.0,0.015510204081632653,1.5004081632653061
estresse_pre_dencun_2024,strict,insertion,c_completa,AE,AE:c_completa,0.05,92,89,0.967391304347826,0.07265306122448979,1.4514818101153504
estresse_pre_dencun_2024,strict,insertion,c_completa,AE,AE:c_completa,0.1,184,167,0.907608695652174,0.1363265306122449,1.3617834960070985
estresse_pre_dencun_2024,strict,displacement,c_completa,AE,AE:c_completa,0.01,1,0,0.0,0.0,0.0
estresse_pre_dencun_2024,strict,displacement,c_completa,AE,AE:c_completa,0.05,4,0,0.0,0.0,0.0
estresse_pre_dencun_2024,strict,displacement,c_completa,AE,AE:c_completa,0.1,8,1,0.125,0.02631578947368421,0.25
estresse_pre_dencun_2024,sensitivity,all,c_completa,AE,AE:c_completa,0.01,47,40,0.851063829787234,0.015255530129672006,1.5034811821412921
estresse_pre_dencun_2024,sensitivity,all,c_completa,AE,AE:c_completa,0.05,232,189,0.8146551724137931,0.07208237986270023,1.4391619979483943
estresse_pre_dencun_2024,sensitivity,all,c_completa,AE,AE:c_completa,0.1,464,336,0.7241379310344828,0.12814645308924486,1.2792551092874616
estresse_pre_dencun_2024,sensitivity,insertion,c_completa,AE,AE:c_completa,0.01,19,19,1.0,0.015510204081632653,1.5004081632653061
estresse_pre_dencun_2024,sensitivity,insertion,c_completa,AE,AE:c_completa,0.05,92,89,0.967391304347826,0.07265306122448979,1.4514818101153504
estresse_pre_dencun_2024,sensitivity,insertion,c_completa,AE,AE:c_completa,0.1,184,167,0.907608695652174,0.1363265306122449,1.3617834960070985
estresse_pre_dencun_2024,sensitivity,displacement,c_completa,AE,AE:c_completa,0.01,28,18,0.6428571428571429,0.012884753042233358,1.2857142857142858
estresse_pre_dencun_2024,sensitivity,displacement,c_completa,AE,AE:c_completa,0.05,140,83,0.5928571428571429,0.05941302791696493,1.1857142857142857
estresse_pre_dencun_2024,sensitivity,displacement,c_completa,AE,AE:c_completa,0.1,280,155,0.5535714285714286,0.11095204008589836,1.1071428571428572
estresse_pre_dencun_2024,strict,all,c_completa,IF,IF:c_completa,0.01,20,15,0.75,0.011876484560570071,1.136579572446556
estresse_pre_dencun_2024,strict,all,c_completa,IF,IF:c_completa,0.05,96,82,0.8541666666666666,0.06492478226444973,1.2944378463974664
estresse_pre_dencun_2024,strict,all,c_completa,IF,IF:c_completa,0.1,192,167,0.8697916666666666,0.13222486144101345,1.318116587490103
estresse_pre_dencun_2024,strict,insertion,c_completa,IF,IF:c_completa,0.01,19,19,1.0,0.015510204081632653,1.5004081632653061
estresse_pre_dencun_2024,strict,insertion,c_completa,IF,IF:c_completa,0.05,92,92,1.0,0.07510204081632653,1.5004081632653061
estresse_pre_dencun_2024,strict,insertion,c_completa,IF,IF:c_completa,0.1,184,183,0.9945652173913043,0.1493877551020408,1.4922537710736468
estresse_pre_dencun_2024,strict,displacement,c_completa,IF,IF:c_completa,0.01,1,0,0.0,0.0,0.0
estresse_pre_dencun_2024,strict,displacement,c_completa,IF,IF:c_completa,0.05,4,0,0.0,0.0,0.0
estresse_pre_dencun_2024,strict,displacement,c_completa,IF,IF:c_completa,0.1,8,0,0.0,0.0,0.0
estresse_pre_dencun_2024,sensitivity,all,c_completa,IF,IF:c_completa,0.01,47,33,0.7021276595744681,0.012585812356979404,1.240371975266566
estresse_pre_dencun_2024,sensitivity,all,c_completa,IF,IF:c_completa,0.05,232,186,0.8017241379310345,0.07093821510297482,1.416318156711118
estresse_pre_dencun_2024,sensitivity,all,c_completa,IF,IF:c_completa,0.1,464,356,0.7672413793103449,0.13577421815408086,1.3554012467450485
estresse_pre_dencun_2024,sensitivity,insertion,c_completa,IF,IF:c_completa,0.01,19,19,1.0,0.015510204081632653,1.5004081632653061
estresse_pre_dencun_2024,sensitivity,insertion,c_completa,IF,IF:c_completa,0.05,92,92,1.0,0.07510204081632653,1.5004081632653061
estresse_pre_dencun_2024,sensitivity,insertion,c_completa,IF,IF:c_completa,0.1,184,183,0.9945652173913043,0.1493877551020408,1.4922537710736468
estresse_pre_dencun_2024,sensitivity,displacement,c_completa,IF,IF:c_completa,0.01,28,11,0.39285714285714285,0.007874015748031496,0.7857142857142857
estresse_pre_dencun_2024,sensitivity,displacement,c_completa,IF,IF:c_completa,0.05,140,69,0.4928571428571429,0.049391553328561204,0.9857142857142858
estresse_pre_dencun_2024,sensitivity,displacement,c_completa,IF,IF:c_completa,0.1,280,133,0.475,0.09520400858983537,0.95
estresse_pre_dencun_2024,strict,all,b_sem_taxas_absolutas,AE,AE:b_sem_taxas_absolutas,0.01,20,11,0.55,0.00870942201108472,0.8334916864608077
estresse_pre_dencun_2024,strict,all,b_sem_taxas_absolutas,AE,AE:b_sem_taxas_absolutas,0.05,96,71,0.7395833333333334,0.056215360253365,1.120793745051465
estresse_pre_dencun_2024,strict,all,b_sem_taxas_absolutas,AE,AE:b_sem_taxas_absolutas,0.1,192,155,0.8072916666666666,0.1227236737925574,1.2234016231195566
estresse_pre_dencun_2024,strict,insertion,b_sem_taxas_absolutas,AE,AE:b_sem_taxas_absolutas,0.01,19,14,0.7368421052631579,0.011428571428571429,1.1055639097744359
estresse_pre_dencun_2024,strict,insertion,b_sem_taxas_absolutas,AE,AE:b_sem_taxas_absolutas,0.05,92,80,0.8695652173913043,0.0653061224489796,1.3047027506654834
estresse_pre_dencun_2024,strict,insertion,b_sem_taxas_absolutas,AE,AE:b_sem_taxas_absolutas,0.1,184,164,0.8913043478260869,0.13387755102040816,1.3373203194321206
estresse_pre_dencun_2024,strict,displacement,b_sem_taxas_absolutas,AE,AE:b_sem_taxas_absolutas,0.01,1,0,0.0,0.0,0.0
estresse_pre_dencun_2024,strict,displacement,b_sem_taxas_absolutas,AE,AE:b_sem_taxas_absolutas,0.05,4,0,0.0,0.0,0.0
estresse_pre_dencun_2024,strict,displacement,b_sem_taxas_absolutas,AE,AE:b_sem_taxas_absolutas,0.1,8,0,0.0,0.0,0.0
estresse_pre_dencun_2024,sensitivity,all,b_sem_taxas_absolutas,AE,AE:b_sem_taxas_absolutas,0.01,47,23,0.48936170212765956,0.008771929824561403,0.8645016797312429
estresse_pre_dencun_2024,sensitivity,all,b_sem_taxas_absolutas,AE,AE:b_sem_taxas_absolutas,0.05,232,140,0.603448275862069,0.05339435545385202,1.066045924406218
estresse_pre_dencun_2024,sensitivity,all,b_sem_taxas_absolutas,AE,AE:b_sem_taxas_absolutas,0.1,464,266,0.5732758620689655,0.10144927536231885,1.012743628185907
estresse_pre_dencun_2024,sensitivity,insertion,b_sem_taxas_absolutas,AE,AE:b_sem_taxas_absolutas,0.01,19,14,0.7368421052631579,0.011428571428571429,1.1055639097744359
estresse_pre_dencun_2024,sensitivity,insertion,b_sem_taxas_absolutas,AE,AE:b_sem_taxas_absolutas,0.05,92,80,0.8695652173913043,0.0653061224489796,1.3047027506654834
estresse_pre_dencun_2024,sensitivity,insertion,b_sem_taxas_absolutas,AE,AE:b_sem_taxas_absolutas,0.1,184,164,0.8913043478260869,0.13387755102040816,1.3373203194321206
estresse_pre_dencun_2024,sensitivity,displacement,b_sem_taxas_absolutas,AE,AE:b_sem_taxas_absolutas,0.01,28,10,0.35714285714285715,0.0071581961345740875,0.7142857142857143
estresse_pre_dencun_2024,sensitivity,displacement,b_sem_taxas_absolutas,AE,AE:b_sem_taxas_absolutas,0.05,140,68,0.4857142857142857,0.048675733715103794,0.9714285714285714
estresse_pre_dencun_2024,sensitivity,displacement,b_sem_taxas_absolutas,AE,AE:b_sem_taxas_absolutas,0.1,280,138,0.4928571428571429,0.09878310665712241,0.9857142857142858
estresse_pre_dencun_2024,strict,all,b_sem_taxas_absolutas,IF,IF:b_sem_taxas_absolutas,0.01,20,10,0.5,0.00791765637371338,0.7577197149643706
estresse_pre_dencun_2024,strict,all,b_sem_taxas_absolutas,IF,IF:b_sem_taxas_absolutas,0.05,96,57,0.59375,0.04513064133016627,0.8997921615201901
estresse_pre_dencun_2024,strict,all,b_sem_taxas_absolutas,IF,IF:b_sem_taxas_absolutas,0.1,192,143,0.7447916666666666,0.11322248614410134,1.1286866587490103
estresse_pre_dencun_2024,strict,insertion,b_sem_taxas_absolutas,IF,IF:b_sem_taxas_absolutas,0.01,19,19,1.0,0.015510204081632653,1.5004081632653061
estresse_pre_dencun_2024,strict,insertion,b_sem_taxas_absolutas,IF,IF:b_sem_taxas_absolutas,0.05,92,88,0.9565217391304348,0.07183673469387755,1.4351730257320319
estresse_pre_dencun_2024,strict,insertion,b_sem_taxas_absolutas,IF,IF:b_sem_taxas_absolutas,0.1,184,167,0.907608695652174,0.1363265306122449,1.3617834960070985
estresse_pre_dencun_2024,strict,displacement,b_sem_taxas_absolutas,IF,IF:b_sem_taxas_absolutas,0.01,1,0,0.0,0.0,0.0
estresse_pre_dencun_2024,strict,displacement,b_sem_taxas_absolutas,IF,IF:b_sem_taxas_absolutas,0.05,4,0,0.0,0.0,0.0
estresse_pre_dencun_2024,strict,displacement,b_sem_taxas_absolutas,IF,IF:b_sem_taxas_absolutas,0.1,8,0,0.0,0.0,0.0
estresse_pre_dencun_2024,sensitivity,all,b_sem_taxas_absolutas,IF,IF:b_sem_taxas_absolutas,0.01,47,29,0.6170212765957447,0.011060259344012205,1.0900238570524368
estresse_pre_dencun_2024,sensitivity,all,b_sem_taxas_absolutas,IF,IF:b_sem_taxas_absolutas,0.05,232,127,0.5474137931034483,0.048436308161708616,0.9670559457113549
estresse_pre_dencun_2024,sensitivity,all,b_sem_taxas_absolutas,IF,IF:b_sem_taxas_absolutas,0.1,464,251,0.540948275862069,0.09572845156369184,0.9556340250927168
estresse_pre_dencun_2024,sensitivity,insertion,b_sem_taxas_absolutas,IF,IF:b_sem_taxas_absolutas,0.01,19,19,1.0,0.015510204081632653,1.5004081632653061
estresse_pre_dencun_2024,sensitivity,insertion,b_sem_taxas_absolutas,IF,IF:b_sem_taxas_absolutas,0.05,92,88,0.9565217391304348,0.07183673469387755,1.4351730257320319
estresse_pre_dencun_2024,sensitivity,insertion,b_sem_taxas_absolutas,IF,IF:b_sem_taxas_absolutas,0.1,184,167,0.907608695652174,0.1363265306122449,1.3617834960070985
estresse_pre_dencun_2024,sensitivity,displacement,b_sem_taxas_absolutas,IF,IF:b_sem_taxas_absolutas,0.01,28,1,0.03571428571428571,0.0007158196134574087,0.07142857142857142
estresse_pre_dencun_2024,sensitivity,displacement,b_sem_taxas_absolutas,IF,IF:b_sem_taxas_absolutas,0.05,140,55,0.39285714285714285,0.03937007874015748,0.7857142857142857
estresse_pre_dencun_2024,sensitivity,displacement,b_sem_taxas_absolutas,IF,IF:b_sem_taxas_absolutas,0.1,280,127,0.45357142857142857,0.09090909090909091,0.9071428571428571
estresse_pre_dencun_2024,strict,all,c_sem_taxas_absolutas,AE,AE:c_sem_taxas_absolutas,0.01,20,9,0.45,0.007125890736342043,0.6819477434679335
estresse_pre_dencun_2024,strict,all,c_sem_taxas_absolutas,AE,AE:c_sem_taxas_absolutas,0.05,96,61,0.6354166666666666,0.04829770387965162,0.9629354711005542
estresse_pre_dencun_2024,strict,all,c_sem_taxas_absolutas,AE,AE:c_sem_taxas_absolutas,0.1,192,127,0.6614583333333334,0.10055423594615993,1.002400039588282
estresse_pre_dencun_2024,strict,insertion,c_sem_taxas_absolutas,AE,AE:c_sem_taxas_absolutas,0.01,19,14,0.7368421052631579,0.011428571428571429,1.1055639097744359
estresse_pre_dencun_2024,strict,insertion,c_sem_taxas_absolutas,AE,AE:c_sem_taxas_absolutas,0.05,92,69,0.75,0.0563265306122449,1.1253061224489795
estresse_pre_dencun_2024,strict,insertion,c_sem_taxas_absolutas,AE,AE:c_sem_taxas_absolutas,0.1,184,130,0.7065217391304348,0.10612244897959183,1.0600709849157053
estresse_pre_dencun_2024,strict,displacement,c_sem_taxas_absolutas,AE,AE:c_sem_taxas_absolutas,0.01,1,0,0.0,0.0,0.0
estresse_pre_dencun_2024,strict,displacement,c_sem_taxas_absolutas,AE,AE:c_sem_taxas_absolutas,0.05,4,0,0.0,0.0,0.0
estresse_pre_dencun_2024,strict,displacement,c_sem_taxas_absolutas,AE,AE:c_sem_taxas_absolutas,0.1,8,0,0.0,0.0,0.0
estresse_pre_dencun_2024,sensitivity,all,c_sem_taxas_absolutas,AE,AE:c_sem_taxas_absolutas,0.01,47,23,0.48936170212765956,0.008771929824561403,0.8645016797312429
estresse_pre_dencun_2024,sensitivity,all,c_sem_taxas_absolutas,AE,AE:c_sem_taxas_absolutas,0.05,232,126,0.5431034482758621,0.04805491990846682,0.9594413319655962
estresse_pre_dencun_2024,sensitivity,all,c_sem_taxas_absolutas,AE,AE:c_sem_taxas_absolutas,0.1,464,254,0.5474137931034483,0.09687261632341723,0.9670559457113549
estresse_pre_dencun_2024,sensitivity,insertion,c_sem_taxas_absolutas,AE,AE:c_sem_taxas_absolutas,0.01,19,14,0.7368421052631579,0.011428571428571429,1.1055639097744359
estresse_pre_dencun_2024,sensitivity,insertion,c_sem_taxas_absolutas,AE,AE:c_sem_taxas_absolutas,0.05,92,69,0.75,0.0563265306122449,1.1253061224489795
estresse_pre_dencun_2024,sensitivity,insertion,c_sem_taxas_absolutas,AE,AE:c_sem_taxas_absolutas,0.1,184,130,0.7065217391304348,0.10612244897959183,1.0600709849157053
estresse_pre_dencun_2024,sensitivity,displacement,c_sem_taxas_absolutas,AE,AE:c_sem_taxas_absolutas,0.01,28,14,0.5,0.010021474588403722,1.0
estresse_pre_dencun_2024,sensitivity,displacement,c_sem_taxas_absolutas,AE,AE:c_sem_taxas_absolutas,0.05,140,64,0.45714285714285713,0.04581245526127416,0.9142857142857143
estresse_pre_dencun_2024,sensitivity,displacement,c_sem_taxas_absolutas,AE,AE:c_sem_taxas_absolutas,0.1,280,138,0.4928571428571429,0.09878310665712241,0.9857142857142858
estresse_pre_dencun_2024,strict,all,c_sem_taxas_absolutas,IF,IF:c_sem_taxas_absolutas,0.01,20,9,0.45,0.007125890736342043,0.6819477434679335
estresse_pre_dencun_2024,strict,all,c_sem_taxas_absolutas,IF,IF:c_sem_taxas_absolutas,0.05,96,63,0.65625,0.0498812351543943,0.9945071258907364
estresse_pre_dencun_2024,strict,all,c_sem_taxas_absolutas,IF,IF:c_sem_taxas_absolutas,0.1,192,148,0.7708333333333334,0.11718131433095803,1.168151227236738
estresse_pre_dencun_2024,strict,insertion,c_sem_taxas_absolutas,IF,IF:c_sem_taxas_absolutas,0.01,19,19,1.0,0.015510204081632653,1.5004081632653061
estresse_pre_dencun_2024,strict,insertion,c_sem_taxas_absolutas,IF,IF:c_sem_taxas_absolutas,0.05,92,90,0.9782608695652174,0.07346938775510205,1.4677905944986689
estresse_pre_dencun_2024,strict,insertion,c_sem_taxas_absolutas,IF,IF:c_sem_taxas_absolutas,0.1,184,170,0.9239130434782609,0.13877551020408163,1.3862466725820761
estresse_pre_dencun_2024,strict,displacement,c_sem_taxas_absolutas,IF,IF:c_sem_taxas_absolutas,0.01,1,0,0.0,0.0,0.0
estresse_pre_dencun_2024,strict,displacement,c_sem_taxas_absolutas,IF,IF:c_sem_taxas_absolutas,0.05,4,0,0.0,0.0,0.0
estresse_pre_dencun_2024,strict,displacement,c_sem_taxas_absolutas,IF,IF:c_sem_taxas_absolutas,0.1,8,0,0.0,0.0,0.0
estresse_pre_dencun_2024,sensitivity,all,c_sem_taxas_absolutas,IF,IF:c_sem_taxas_absolutas,0.01,47,33,0.7021276595744681,0.012585812356979404,1.240371975266566
estresse_pre_dencun_2024,sensitivity,all,c_sem_taxas_absolutas,IF,IF:c_sem_taxas_absolutas,0.05,232,121,0.521551724137931,0.046147978642257816,0.9213682632368027
estresse_pre_dencun_2024,sensitivity,all,c_sem_taxas_absolutas,IF,IF:c_sem_taxas_absolutas,0.1,464,261,0.5625,0.09954233409610984,0.9937070938215102
estresse_pre_dencun_2024,sensitivity,insertion,c_sem_taxas_absolutas,IF,IF:c_sem_taxas_absolutas,0.01,19,19,1.0,0.015510204081632653,1.5004081632653061
estresse_pre_dencun_2024,sensitivity,insertion,c_sem_taxas_absolutas,IF,IF:c_sem_taxas_absolutas,0.05,92,90,0.9782608695652174,0.07346938775510205,1.4677905944986689
estresse_pre_dencun_2024,sensitivity,insertion,c_sem_taxas_absolutas,IF,IF:c_sem_taxas_absolutas,0.1,184,170,0.9239130434782609,0.13877551020408163,1.3862466725820761
estresse_pre_dencun_2024,sensitivity,displacement,c_sem_taxas_absolutas,IF,IF:c_sem_taxas_absolutas,0.01,28,6,0.21428571428571427,0.004294917680744453,0.42857142857142855
estresse_pre_dencun_2024,sensitivity,displacement,c_sem_taxas_absolutas,IF,IF:c_sem_taxas_absolutas,0.05,140,56,0.4,0.04008589835361489,0.8
estresse_pre_dencun_2024,sensitivity,displacement,c_sem_taxas_absolutas,IF,IF:c_sem_taxas_absolutas,0.1,280,130,0.4642857142857143,0.09305654974946313,0.9285714285714286
transicao_dencun_2024,strict,all,a_completa,AE,AE:a_completa,0.01,6,2,0.3333333333333333,0.005208333333333333,0.5017361111111112
transicao_dencun_2024,strict,all,a_completa,AE,AE:a_completa,0.05,29,16,0.5517241379310345,0.041666666666666664,0.8304597701149425
transicao_dencun_2024,strict,all,a_completa,AE,AE:a_completa,0.1,58,43,0.7413793103448276,0.11197916666666667,1.115930316091954
transicao_dencun_2024,strict,insertion,a_completa,AE,AE:a_completa,0.01,6,2,0.3333333333333333,0.005249343832020997,0.5004374453193351
transicao_dencun_2024,strict,insertion,a_completa,AE,AE:a_completa,0.05,29,19,0.6551724137931034,0.049868766404199474,0.983618427006969
transicao_dencun_2024,strict,insertion,a_completa,AE,AE:a_completa,0.1,58,46,0.7931034482758621,0.12073490813648294,1.1906959905873835
transicao_dencun_2024,strict,displacement,a_completa,AE,AE:a_completa,0.01,1,1,1.0,0.3333333333333333,2.0
transicao_dencun_2024,strict,displacement,a_completa,AE,AE:a_completa,0.05,1,1,1.0,0.3333333333333333,2.0
transicao_dencun_2024,strict,displacement,a_completa,AE,AE:a_completa,0.1,1,1,1.0,0.3333333333333333,2.0
transicao_dencun_2024,sensitivity,all,a_completa,AE,AE:a_completa,0.01,9,5,0.5555555555555556,0.009398496240601503,0.9126984126984127
transicao_dencun_2024,sensitivity,all,a_completa,AE,AE:a_completa,0.05,44,23,0.5227272727272727,0.043233082706766915,0.8587662337662337
transicao_dencun_2024,sensitivity,all,a_completa,AE,AE:a_completa,0.1,88,49,0.5568181818181818,0.09210526315789473,0.9147727272727272
transicao_dencun_2024,sensitivity,insertion,a_completa,AE,AE:a_completa,0.01,6,2,0.3333333333333333,0.005249343832020997,0.5004374453193351
transicao_dencun_2024,sensitivity,insertion,a_completa,AE,AE:a_completa,0.05,29,19,0.6551724137931034,0.049868766404199474,0.983618427006969
transicao_dencun_2024,sensitivity,insertion,a_completa,AE,AE:a_completa,0.1,58,46,0.7931034482758621,0.12073490813648294,1.1906959905873835
transicao_dencun_2024,sensitivity,displacement,a_completa,AE,AE:a_completa,0.01,4,3,0.75,0.019867549668874173,1.5
transicao_dencun_2024,sensitivity,displacement,a_completa,AE,AE:a_completa,0.05,16,11,0.6875,0.0728476821192053,1.375
transicao_dencun_2024,sensitivity,displacement,a_completa,AE,AE:a_completa,0.1,31,18,0.5806451612903226,0.11920529801324503,1.1612903225806452
transicao_dencun_2024,strict,all,a_completa,IF,IF:a_completa,0.01,6,6,1.0,0.015625,1.5052083333333335
transicao_dencun_2024,strict,all,a_completa,IF,IF:a_completa,0.05,29,28,0.9655172413793104,0.07291666666666667,1.4533045977011496
transicao_dencun_2024,strict,all,a_completa,IF,IF:a_completa,0.1,58,56,0.9655172413793104,0.14583333333333334,1.4533045977011496
transicao_dencun_2024,strict,insertion,a_completa,IF,IF:a_completa,0.01,6,6,1.0,0.015748031496062992,1.5013123359580054
transicao_dencun_2024,strict,insertion,a_completa,IF,IF:a_completa,0.05,29,29,1.0,0.07611548556430446,1.5013123359580054
transicao_dencun_2024,strict,insertion,a_completa,IF,IF:a_completa,0.1,58,58,1.0,0.15223097112860892,1.5013123359580054
transicao_dencun_2024,strict,displacement,a_completa,IF,IF:a_completa,0.01,1,0,0.0,0.0,0.0
transicao_dencun_2024,strict,displacement,a_completa,IF,IF:a_completa,0.05,1,0,0.0,0.0,0.0
transicao_dencun_2024,strict,displacement,a_completa,IF,IF:a_completa,0.1,1,0,0.0,0.0,0.0
transicao_dencun_2024,sensitivity,all,a_completa,IF,IF:a_completa,0.01,9,9,1.0,0.016917293233082706,1.6428571428571428
transicao_dencun_2024,sensitivity,all,a_completa,IF,IF:a_completa,0.05,44,43,0.9772727272727273,0.08082706766917293,1.6055194805194803
transicao_dencun_2024,sensitivity,all,a_completa,IF,IF:a_completa,0.1,88,86,0.9772727272727273,0.16165413533834586,1.6055194805194803
transicao_dencun_2024,sensitivity,insertion,a_completa,IF,IF:a_completa,0.01,6,6,1.0,0.015748031496062992,1.5013123359580054
transicao_dencun_2024,sensitivity,insertion,a_completa,IF,IF:a_completa,0.05,29,29,1.0,0.07611548556430446,1.5013123359580054
transicao_dencun_2024,sensitivity,insertion,a_completa,IF,IF:a_completa,0.1,58,58,1.0,0.15223097112860892,1.5013123359580054
transicao_dencun_2024,sensitivity,displacement,a_completa,IF,IF:a_completa,0.01,4,2,0.5,0.013245033112582781,1.0
transicao_dencun_2024,sensitivity,displacement,a_completa,IF,IF:a_completa,0.05,16,10,0.625,0.06622516556291391,1.25
transicao_dencun_2024,sensitivity,displacement,a_completa,IF,IF:a_completa,0.1,31,19,0.6129032258064516,0.12582781456953643,1.2258064516129032
transicao_dencun_2024,strict,all,b_completa,AE,AE:b_completa,0.01,6,6,1.0,0.015625,1.5052083333333335
transicao_dencun_2024,strict,all,b_completa,AE,AE:b_completa,0.05,29,28,0.9655172413793104,0.07291666666666667,1.4533045977011496
transicao_dencun_2024,strict,all,b_completa,AE,AE:b_completa,0.1,58,54,0.9310344827586207,0.140625,1.4014008620689655
transicao_dencun_2024,strict,insertion,b_completa,AE,AE:b_completa,0.01,6,6,1.0,0.015748031496062992,1.5013123359580054
transicao_dencun_2024,strict,insertion,b_completa,AE,AE:b_completa,0.05,29,28,0.9655172413793104,0.07349081364829396,1.4495429450629018
transicao_dencun_2024,strict,insertion,b_completa,AE,AE:b_completa,0.1,58,54,0.9310344827586207,0.14173228346456693,1.397773554167798
transicao_dencun_2024,strict,displacement,b_completa,AE,AE:b_completa,0.01,1,0,0.0,0.0,0.0
transicao_dencun_2024,strict,displacement,b_completa,AE,AE:b_completa,0.05,1,0,0.0,0.0,0.0
transicao_dencun_2024,strict,displacement,b_completa,AE,AE:b_completa,0.1,1,0,0.0,0.0,0.0
transicao_dencun_2024,sensitivity,all,b_completa,AE,AE:b_completa,0.01,9,8,0.8888888888888888,0.015037593984962405,1.4603174603174602
transicao_dencun_2024,sensitivity,all,b_completa,AE,AE:b_completa,0.05,44,37,0.8409090909090909,0.06954887218045112,1.3814935064935066
transicao_dencun_2024,sensitivity,all,b_completa,AE,AE:b_completa,0.1,88,71,0.8068181818181818,0.13345864661654136,1.3254870129870129
transicao_dencun_2024,sensitivity,insertion,b_completa,AE,AE:b_completa,0.01,6,6,1.0,0.015748031496062992,1.5013123359580054
transicao_dencun_2024,sensitivity,insertion,b_completa,AE,AE:b_completa,0.05,29,28,0.9655172413793104,0.07349081364829396,1.4495429450629018
transicao_dencun_2024,sensitivity,insertion,b_completa,AE,AE:b_completa,0.1,58,54,0.9310344827586207,0.14173228346456693,1.397773554167798
transicao_dencun_2024,sensitivity,displacement,b_completa,AE,AE:b_completa,0.01,4,2,0.5,0.013245033112582781,1.0
transicao_dencun_2024,sensitivity,displacement,b_completa,AE,AE:b_completa,0.05,16,9,0.5625,0.059602649006622516,1.125
transicao_dencun_2024,sensitivity,displacement,b_completa,AE,AE:b_completa,0.1,31,16,0.5161290322580645,0.10596026490066225,1.032258064516129
transicao_dencun_2024,strict,all,b_completa,IF,IF:b_completa,0.01,6,5,0.8333333333333334,0.013020833333333334,1.254340277777778
transicao_dencun_2024,strict,all,b_completa,IF,IF:b_completa,0.05,29,27,0.9310344827586207,0.0703125,1.4014008620689655
transicao_dencun_2024,strict,all,b_completa,IF,IF:b_completa,0.1,58,56,0.9655172413793104,0.14583333333333334,1.4533045977011496
transicao_dencun_2024,strict,insertion,b_completa,IF,IF:b_completa,0.01,6,6,1.0,0.015748031496062992,1.5013123359580054
transicao_dencun_2024,strict,insertion,b_completa,IF,IF:b_completa,0.05,29,29,1.0,0.07611548556430446,1.5013123359580054
transicao_dencun_2024,strict,insertion,b_completa,IF,IF:b_completa,0.1,58,58,1.0,0.15223097112860892,1.5013123359580054
transicao_dencun_2024,strict,displacement,b_completa,IF,IF:b_completa,0.01,1,0,0.0,0.0,0.0
transicao_dencun_2024,strict,displacement,b_completa,IF,IF:b_completa,0.05,1,0,0.0,0.0,0.0
transicao_dencun_2024,strict,displacement,b_completa,IF,IF:b_completa,0.1,1,0,0.0,0.0,0.0
transicao_dencun_2024,sensitivity,all,b_completa,IF,IF:b_completa,0.01,9,7,0.7777777777777778,0.013157894736842105,1.2777777777777777
transicao_dencun_2024,sensitivity,all,b_completa,IF,IF:b_completa,0.05,44,42,0.9545454545454546,0.07894736842105263,1.5681818181818181
transicao_dencun_2024,sensitivity,all,b_completa,IF,IF:b_completa,0.1,88,85,0.9659090909090909,0.15977443609022557,1.5868506493506493
transicao_dencun_2024,sensitivity,insertion,b_completa,IF,IF:b_completa,0.01,6,6,1.0,0.015748031496062992,1.5013123359580054
transicao_dencun_2024,sensitivity,insertion,b_completa,IF,IF:b_completa,0.05,29,29,1.0,0.07611548556430446,1.5013123359580054
transicao_dencun_2024,sensitivity,insertion,b_completa,IF,IF:b_completa,0.1,58,58,1.0,0.15223097112860892,1.5013123359580054
transicao_dencun_2024,sensitivity,displacement,b_completa,IF,IF:b_completa,0.01,4,2,0.5,0.013245033112582781,1.0
transicao_dencun_2024,sensitivity,displacement,b_completa,IF,IF:b_completa,0.05,16,9,0.5625,0.059602649006622516,1.125
transicao_dencun_2024,sensitivity,displacement,b_completa,IF,IF:b_completa,0.1,31,17,0.5483870967741935,0.11258278145695365,1.096774193548387
transicao_dencun_2024,strict,all,c_completa,AE,AE:c_completa,0.01,6,5,0.8333333333333334,0.013020833333333334,1.254340277777778
transicao_dencun_2024,strict,all,c_completa,AE,AE:c_completa,0.05,29,24,0.8275862068965517,0.0625,1.245689655172414
transicao_dencun_2024,strict,all,c_completa,AE,AE:c_completa,0.1,58,51,0.8793103448275862,0.1328125,1.3235452586206897
transicao_dencun_2024,strict,insertion,c_completa,AE,AE:c_completa,0.01,6,6,1.0,0.015748031496062992,1.5013123359580054
transicao_dencun_2024,strict,insertion,c_completa,AE,AE:c_completa,0.05,29,26,0.896551724137931,0.06824146981627296,1.3460041632726945
transicao_dencun_2024,strict,insertion,c_completa,AE,AE:c_completa,0.1,58,53,0.9137931034482759,0.13910761154855644,1.3718888587202462
transicao_dencun_2024,strict,displacement,c_completa,AE,AE:c_completa,0.01,1,0,0.0,0.0,0.0
transicao_dencun_2024,strict,displacement,c_completa,AE,AE:c_completa,0.05,1,0,0.0,0.0,0.0
transicao_dencun_2024,strict,displacement,c_completa,AE,AE:c_completa,0.1,1,0,0.0,0.0,0.0
transicao_dencun_2024,sensitivity,all,c_completa,AE,AE:c_completa,0.01,9,7,0.7777777777777778,0.013157894736842105,1.2777777777777777
transicao_dencun_2024,sensitivity,all,c_completa,AE,AE:c_completa,0.05,44,36,0.8181818181818182,0.06766917293233082,1.344155844155844
transicao_dencun_2024,sensitivity,all,c_completa,AE,AE:c_completa,0.1,88,70,0.7954545454545454,0.13157894736842105,1.3068181818181817
transicao_dencun_2024,sensitivity,insertion,c_completa,AE,AE:c_completa,0.01,6,6,1.0,0.015748031496062992,1.5013123359580054
transicao_dencun_2024,sensitivity,insertion,c_completa,AE,AE:c_completa,0.05,29,26,0.896551724137931,0.06824146981627296,1.3460041632726945
transicao_dencun_2024,sensitivity,insertion,c_completa,AE,AE:c_completa,0.1,58,53,0.9137931034482759,0.13910761154855644,1.3718888587202462
transicao_dencun_2024,sensitivity,displacement,c_completa,AE,AE:c_completa,0.01,4,2,0.5,0.013245033112582781,1.0
transicao_dencun_2024,sensitivity,displacement,c_completa,AE,AE:c_completa,0.05,16,9,0.5625,0.059602649006622516,1.125
transicao_dencun_2024,sensitivity,displacement,c_completa,AE,AE:c_completa,0.1,31,18,0.5806451612903226,0.11920529801324503,1.1612903225806452
transicao_dencun_2024,strict,all,c_completa,IF,IF:c_completa,0.01,6,6,1.0,0.015625,1.5052083333333335
transicao_dencun_2024,strict,all,c_completa,IF,IF:c_completa,0.05,29,29,1.0,0.07552083333333333,1.5052083333333335
transicao_dencun_2024,strict,all,c_completa,IF,IF:c_completa,0.1,58,56,0.9655172413793104,0.14583333333333334,1.4533045977011496
transicao_dencun_2024,strict,insertion,c_completa,IF,IF:c_completa,0.01,6,6,1.0,0.015748031496062992,1.5013123359580054
transicao_dencun_2024,strict,insertion,c_completa,IF,IF:c_completa,0.05,29,29,1.0,0.07611548556430446,1.5013123359580054
transicao_dencun_2024,strict,insertion,c_completa,IF,IF:c_completa,0.1,58,58,1.0,0.15223097112860892,1.5013123359580054
transicao_dencun_2024,strict,displacement,c_completa,IF,IF:c_completa,0.01,1,0,0.0,0.0,0.0
transicao_dencun_2024,strict,displacement,c_completa,IF,IF:c_completa,0.05,1,0,0.0,0.0,0.0
transicao_dencun_2024,strict,displacement,c_completa,IF,IF:c_completa,0.1,1,0,0.0,0.0,0.0
transicao_dencun_2024,sensitivity,all,c_completa,IF,IF:c_completa,0.01,9,9,1.0,0.016917293233082706,1.6428571428571428
transicao_dencun_2024,sensitivity,all,c_completa,IF,IF:c_completa,0.05,44,43,0.9772727272727273,0.08082706766917293,1.6055194805194803
transicao_dencun_2024,sensitivity,all,c_completa,IF,IF:c_completa,0.1,88,84,0.9545454545454546,0.15789473684210525,1.5681818181818181
transicao_dencun_2024,sensitivity,insertion,c_completa,IF,IF:c_completa,0.01,6,6,1.0,0.015748031496062992,1.5013123359580054
transicao_dencun_2024,sensitivity,insertion,c_completa,IF,IF:c_completa,0.05,29,29,1.0,0.07611548556430446,1.5013123359580054
transicao_dencun_2024,sensitivity,insertion,c_completa,IF,IF:c_completa,0.1,58,58,1.0,0.15223097112860892,1.5013123359580054
transicao_dencun_2024,sensitivity,displacement,c_completa,IF,IF:c_completa,0.01,4,2,0.5,0.013245033112582781,1.0
transicao_dencun_2024,sensitivity,displacement,c_completa,IF,IF:c_completa,0.05,16,10,0.625,0.06622516556291391,1.25
transicao_dencun_2024,sensitivity,displacement,c_completa,IF,IF:c_completa,0.1,31,18,0.5806451612903226,0.11920529801324503,1.1612903225806452
transicao_dencun_2024,strict,all,b_sem_taxas_absolutas,AE,AE:b_sem_taxas_absolutas,0.01,6,4,0.6666666666666666,0.010416666666666666,1.0034722222222223
transicao_dencun_2024,strict,all,b_sem_taxas_absolutas,AE,AE:b_sem_taxas_absolutas,0.05,29,23,0.7931034482758621,0.059895833333333336,1.19378591954023
transicao_dencun_2024,strict,all,b_sem_taxas_absolutas,AE,AE:b_sem_taxas_absolutas,0.1,58,50,0.8620689655172413,0.13020833333333334,1.2975933908045978
transicao_dencun_2024,strict,insertion,b_sem_taxas_absolutas,AE,AE:b_sem_taxas_absolutas,0.01,6,4,0.6666666666666666,0.010498687664041995,1.0008748906386702
transicao_dencun_2024,strict,insertion,b_sem_taxas_absolutas,AE,AE:b_sem_taxas_absolutas,0.05,29,24,0.8275862068965517,0.06299212598425197,1.242465381482487
transicao_dencun_2024,strict,insertion,b_sem_taxas_absolutas,AE,AE:b_sem_taxas_absolutas,0.1,58,52,0.896551724137931,0.13648293963254593,1.3460041632726945
transicao_dencun_2024,strict,displacement,b_sem_taxas_absolutas,AE,AE:b_sem_taxas_absolutas,0.01,1,0,0.0,0.0,0.0
transicao_dencun_2024,strict,displacement,b_sem_taxas_absolutas,AE,AE:b_sem_taxas_absolutas,0.05,1,0,0.0,0.0,0.0
transicao_dencun_2024,strict,displacement,b_sem_taxas_absolutas,AE,AE:b_sem_taxas_absolutas,0.1,1,0,0.0,0.0,0.0
transicao_dencun_2024,sensitivity,all,b_sem_taxas_absolutas,AE,AE:b_sem_taxas_absolutas,0.01,9,4,0.4444444444444444,0.007518796992481203,0.7301587301587301
transicao_dencun_2024,sensitivity,all,b_sem_taxas_absolutas,AE,AE:b_sem_taxas_absolutas,0.05,44,32,0.7272727272727273,0.06015037593984962,1.1948051948051948
transicao_dencun_2024,sensitivity,all,b_sem_taxas_absolutas,AE,AE:b_sem_taxas_absolutas,0.1,88,67,0.7613636363636364,0.12593984962406016,1.2508116883116882
transicao_dencun_2024,sensitivity,insertion,b_sem_taxas_absolutas,AE,AE:b_sem_taxas_absolutas,0.01,6,4,0.6666666666666666,0.010498687664041995,1.0008748906386702
transicao_dencun_2024,sensitivity,insertion,b_sem_taxas_absolutas,AE,AE:b_sem_taxas_absolutas,0.05,29,24,0.8275862068965517,0.06299212598425197,1.242465381482487
transicao_dencun_2024,sensitivity,insertion,b_sem_taxas_absolutas,AE,AE:b_sem_taxas_absolutas,0.1,58,52,0.896551724137931,0.13648293963254593,1.3460041632726945
transicao_dencun_2024,sensitivity,displacement,b_sem_taxas_absolutas,AE,AE:b_sem_taxas_absolutas,0.01,4,2,0.5,0.013245033112582781,1.0
transicao_dencun_2024,sensitivity,displacement,b_sem_taxas_absolutas,AE,AE:b_sem_taxas_absolutas,0.05,16,8,0.5,0.052980132450331126,1.0
transicao_dencun_2024,sensitivity,displacement,b_sem_taxas_absolutas,AE,AE:b_sem_taxas_absolutas,0.1,31,14,0.45161290322580644,0.09271523178807947,0.9032258064516129
transicao_dencun_2024,strict,all,b_sem_taxas_absolutas,IF,IF:b_sem_taxas_absolutas,0.01,6,3,0.5,0.0078125,0.7526041666666667
transicao_dencun_2024,strict,all,b_sem_taxas_absolutas,IF,IF:b_sem_taxas_absolutas,0.05,29,23,0.7931034482758621,0.059895833333333336,1.19378591954023
transicao_dencun_2024,strict,all,b_sem_taxas_absolutas,IF,IF:b_sem_taxas_absolutas,0.1,58,49,0.8448275862068966,0.12760416666666666,1.2716415229885059
transicao_dencun_2024,strict,insertion,b_sem_taxas_absolutas,IF,IF:b_sem_taxas_absolutas,0.01,6,5,0.8333333333333334,0.013123359580052493,1.251093613298338
transicao_dencun_2024,strict,insertion,b_sem_taxas_absolutas,IF,IF:b_sem_taxas_absolutas,0.05,29,26,0.896551724137931,0.06824146981627296,1.3460041632726945
transicao_dencun_2024,strict,insertion,b_sem_taxas_absolutas,IF,IF:b_sem_taxas_absolutas,0.1,58,51,0.8793103448275862,0.13385826771653545,1.3201194678251427
transicao_dencun_2024,strict,displacement,b_sem_taxas_absolutas,IF,IF:b_sem_taxas_absolutas,0.01,1,0,0.0,0.0,0.0
transicao_dencun_2024,strict,displacement,b_sem_taxas_absolutas,IF,IF:b_sem_taxas_absolutas,0.05,1,0,0.0,0.0,0.0
transicao_dencun_2024,strict,displacement,b_sem_taxas_absolutas,IF,IF:b_sem_taxas_absolutas,0.1,1,0,0.0,0.0,0.0
transicao_dencun_2024,sensitivity,all,b_sem_taxas_absolutas,IF,IF:b_sem_taxas_absolutas,0.01,9,5,0.5555555555555556,0.009398496240601503,0.9126984126984127
transicao_dencun_2024,sensitivity,all,b_sem_taxas_absolutas,IF,IF:b_sem_taxas_absolutas,0.05,44,24,0.5454545454545454,0.045112781954887216,0.896103896103896
transicao_dencun_2024,sensitivity,all,b_sem_taxas_absolutas,IF,IF:b_sem_taxas_absolutas,0.1,88,48,0.5454545454545454,0.09022556390977443,0.896103896103896
transicao_dencun_2024,sensitivity,insertion,b_sem_taxas_absolutas,IF,IF:b_sem_taxas_absolutas,0.01,6,5,0.8333333333333334,0.013123359580052493,1.251093613298338
transicao_dencun_2024,sensitivity,insertion,b_sem_taxas_absolutas,IF,IF:b_sem_taxas_absolutas,0.05,29,26,0.896551724137931,0.06824146981627296,1.3460041632726945
transicao_dencun_2024,sensitivity,insertion,b_sem_taxas_absolutas,IF,IF:b_sem_taxas_absolutas,0.1,58,51,0.8793103448275862,0.13385826771653545,1.3201194678251427
transicao_dencun_2024,sensitivity,displacement,b_sem_taxas_absolutas,IF,IF:b_sem_taxas_absolutas,0.01,4,0,0.0,0.0,0.0
transicao_dencun_2024,sensitivity,displacement,b_sem_taxas_absolutas,IF,IF:b_sem_taxas_absolutas,0.05,16,1,0.0625,0.006622516556291391,0.125
transicao_dencun_2024,sensitivity,displacement,b_sem_taxas_absolutas,IF,IF:b_sem_taxas_absolutas,0.1,31,9,0.2903225806451613,0.059602649006622516,0.5806451612903226
transicao_dencun_2024,strict,all,c_sem_taxas_absolutas,AE,AE:c_sem_taxas_absolutas,0.01,6,5,0.8333333333333334,0.013020833333333334,1.254340277777778
transicao_dencun_2024,strict,all,c_sem_taxas_absolutas,AE,AE:c_sem_taxas_absolutas,0.05,29,23,0.7931034482758621,0.059895833333333336,1.19378591954023
transicao_dencun_2024,strict,all,c_sem_taxas_absolutas,AE,AE:c_sem_taxas_absolutas,0.1,58,42,0.7241379310344828,0.109375,1.089978448275862
transicao_dencun_2024,strict,insertion,c_sem_taxas_absolutas,AE,AE:c_sem_taxas_absolutas,0.01,6,5,0.8333333333333334,0.013123359580052493,1.251093613298338
transicao_dencun_2024,strict,insertion,c_sem_taxas_absolutas,AE,AE:c_sem_taxas_absolutas,0.05,29,25,0.8620689655172413,0.06561679790026247,1.2942347723775907
transicao_dencun_2024,strict,insertion,c_sem_taxas_absolutas,AE,AE:c_sem_taxas_absolutas,0.1,58,45,0.7758620689655172,0.11811023622047244,1.1648112951398317
transicao_dencun_2024,strict,displacement,c_sem_taxas_absolutas,AE,AE:c_sem_taxas_absolutas,0.01,1,0,0.0,0.0,0.0
transicao_dencun_2024,strict,displacement,c_sem_taxas_absolutas,AE,AE:c_sem_taxas_absolutas,0.05,1,0,0.0,0.0,0.0
transicao_dencun_2024,strict,displacement,c_sem_taxas_absolutas,AE,AE:c_sem_taxas_absolutas,0.1,1,0,0.0,0.0,0.0
transicao_dencun_2024,sensitivity,all,c_sem_taxas_absolutas,AE,AE:c_sem_taxas_absolutas,0.01,9,5,0.5555555555555556,0.009398496240601503,0.9126984126984127
transicao_dencun_2024,sensitivity,all,c_sem_taxas_absolutas,AE,AE:c_sem_taxas_absolutas,0.05,44,29,0.6590909090909091,0.05451127819548872,1.0827922077922076
transicao_dencun_2024,sensitivity,all,c_sem_taxas_absolutas,AE,AE:c_sem_taxas_absolutas,0.1,88,53,0.6022727272727273,0.09962406015037593,0.989448051948052
transicao_dencun_2024,sensitivity,insertion,c_sem_taxas_absolutas,AE,AE:c_sem_taxas_absolutas,0.01,6,5,0.8333333333333334,0.013123359580052493,1.251093613298338
transicao_dencun_2024,sensitivity,insertion,c_sem_taxas_absolutas,AE,AE:c_sem_taxas_absolutas,0.05,29,25,0.8620689655172413,0.06561679790026247,1.2942347723775907
transicao_dencun_2024,sensitivity,insertion,c_sem_taxas_absolutas,AE,AE:c_sem_taxas_absolutas,0.1,58,45,0.7758620689655172,0.11811023622047244,1.1648112951398317
transicao_dencun_2024,sensitivity,displacement,c_sem_taxas_absolutas,AE,AE:c_sem_taxas_absolutas,0.01,4,2,0.5,0.013245033112582781,1.0
transicao_dencun_2024,sensitivity,displacement,c_sem_taxas_absolutas,AE,AE:c_sem_taxas_absolutas,0.05,16,8,0.5,0.052980132450331126,1.0
transicao_dencun_2024,sensitivity,displacement,c_sem_taxas_absolutas,AE,AE:c_sem_taxas_absolutas,0.1,31,13,0.41935483870967744,0.08609271523178808,0.8387096774193549
transicao_dencun_2024,strict,all,c_sem_taxas_absolutas,IF,IF:c_sem_taxas_absolutas,0.01,6,4,0.6666666666666666,0.010416666666666666,1.0034722222222223
transicao_dencun_2024,strict,all,c_sem_taxas_absolutas,IF,IF:c_sem_taxas_absolutas,0.05,29,21,0.7241379310344828,0.0546875,1.089978448275862
transicao_dencun_2024,strict,all,c_sem_taxas_absolutas,IF,IF:c_sem_taxas_absolutas,0.1,58,49,0.8448275862068966,0.12760416666666666,1.2716415229885059
transicao_dencun_2024,strict,insertion,c_sem_taxas_absolutas,IF,IF:c_sem_taxas_absolutas,0.01,6,6,1.0,0.015748031496062992,1.5013123359580054
transicao_dencun_2024,strict,insertion,c_sem_taxas_absolutas,IF,IF:c_sem_taxas_absolutas,0.05,29,24,0.8275862068965517,0.06299212598425197,1.242465381482487
transicao_dencun_2024,strict,insertion,c_sem_taxas_absolutas,IF,IF:c_sem_taxas_absolutas,0.1,58,52,0.896551724137931,0.13648293963254593,1.3460041632726945
transicao_dencun_2024,strict,displacement,c_sem_taxas_absolutas,IF,IF:c_sem_taxas_absolutas,0.01,1,0,0.0,0.0,0.0
transicao_dencun_2024,strict,displacement,c_sem_taxas_absolutas,IF,IF:c_sem_taxas_absolutas,0.05,1,0,0.0,0.0,0.0
transicao_dencun_2024,strict,displacement,c_sem_taxas_absolutas,IF,IF:c_sem_taxas_absolutas,0.1,1,0,0.0,0.0,0.0
transicao_dencun_2024,sensitivity,all,c_sem_taxas_absolutas,IF,IF:c_sem_taxas_absolutas,0.01,9,7,0.7777777777777778,0.013157894736842105,1.2777777777777777
transicao_dencun_2024,sensitivity,all,c_sem_taxas_absolutas,IF,IF:c_sem_taxas_absolutas,0.05,44,27,0.6136363636363636,0.05075187969924812,1.008116883116883
transicao_dencun_2024,sensitivity,all,c_sem_taxas_absolutas,IF,IF:c_sem_taxas_absolutas,0.1,88,54,0.6136363636363636,0.10150375939849623,1.008116883116883
transicao_dencun_2024,sensitivity,insertion,c_sem_taxas_absolutas,IF,IF:c_sem_taxas_absolutas,0.01,6,6,1.0,0.015748031496062992,1.5013123359580054
transicao_dencun_2024,sensitivity,insertion,c_sem_taxas_absolutas,IF,IF:c_sem_taxas_absolutas,0.05,29,24,0.8275862068965517,0.06299212598425197,1.242465381482487
transicao_dencun_2024,sensitivity,insertion,c_sem_taxas_absolutas,IF,IF:c_sem_taxas_absolutas,0.1,58,52,0.896551724137931,0.13648293963254593,1.3460041632726945
transicao_dencun_2024,sensitivity,displacement,c_sem_taxas_absolutas,IF,IF:c_sem_taxas_absolutas,0.01,4,0,0.0,0.0,0.0
transicao_dencun_2024,sensitivity,displacement,c_sem_taxas_absolutas,IF,IF:c_sem_taxas_absolutas,0.05,16,5,0.3125,0.033112582781456956,0.625
transicao_dencun_2024,sensitivity,displacement,c_sem_taxas_absolutas,IF,IF:c_sem_taxas_absolutas,0.1,31,11,0.3548387096774194,0.0728476821192053,0.7096774193548387
treino_2024_pos_dencun,strict,all,a_completa,AE,AE:a_completa,0.01,75,23,0.30666666666666664,0.0047005926834253016,0.4644812316915321
treino_2024_pos_dencun,strict,all,a_completa,AE,AE:a_completa,0.05,371,173,0.46630727762803237,0.03535663192315553,0.7062749304110664
treino_2024_pos_dencun,strict,all,a_completa,AE,AE:a_completa,0.1,742,470,0.633423180592992,0.09605558961782137,0.9593908014254371
treino_2024_pos_dencun,strict,insertion,a_completa,AE,AE:a_completa,0.01,72,53,0.7361111111111112,0.011150852093414685,1.1043989760852795
treino_2024_pos_dencun,strict,insertion,a_completa,AE,AE:a_completa,0.05,357,244,0.6834733893557423,0.05133599831685252,1.025425781505533
treino_2024_pos_dencun,strict,insertion,a_completa,AE,AE:a_completa,0.1,714,569,0.7969187675070029,0.11971386492741426,1.1956296509767383
treino_2024_pos_dencun,strict,displacement,a_completa,AE,AE:a_completa,0.01,3,0,0.0,0.0,0.0
treino_2024_pos_dencun,strict,displacement,a_completa,AE,AE:a_completa,0.05,14,2,0.14285714285714285,0.014285714285714285,0.2857142857142857
treino_2024_pos_dencun,strict,displacement,a_completa,AE,AE:a_completa,0.1,28,4,0.14285714285714285,0.02857142857142857,0.2857142857142857
treino_2024_pos_dencun,sensitivity,all,a_completa,AE,AE:a_completa,0.01,162,84,0.5185185185185185,0.009061488673139158,0.9041911382795955
treino_2024_pos_dencun,sensitivity,all,a_completa,AE,AE:a_completa,0.05,809,455,0.5624227441285538,0.04908306364617044,0.9807512037581522
treino_2024_pos_dencun,sensitivity,all,a_completa,AE,AE:a_completa,0.1,1617,829,0.5126777983920842,0.08942826321467098,0.8940061069048587
treino_2024_pos_dencun,sensitivity,insertion,a_completa,AE,AE:a_completa,0.01,72,53,0.7361111111111112,0.011150852093414685,1.1043989760852795
treino_2024_pos_dencun,sensitivity,insertion,a_completa,AE,AE:a_completa,0.05,357,244,0.6834733893557423,0.05133599831685252,1.025425781505533
treino_2024_pos_dencun,sensitivity,insertion,a_completa,AE,AE:a_completa,0.1,714,569,0.7969187675070029,0.11971386492741426,1.1956296509767383
treino_2024_pos_dencun,sensitivity,displacement,a_completa,AE,AE:a_completa,0.01,91,43,0.4725274725274725,0.009519592649988931,0.945054945054945
treino_2024_pos_dencun,sensitivity,displacement,a_completa,AE,AE:a_completa,0.05,452,279,0.6172566371681416,0.06176665928713748,1.2345132743362832
treino_2024_pos_dencun,sensitivity,displacement,a_completa,AE,AE:a_completa,0.1,904,496,0.5486725663716814,0.1098073942882444,1.0973451327433628
treino_2024_pos_dencun,strict,all,a_completa,IF,IF:a_completa,0.01,75,73,0.9733333333333334,0.014919272430002043,1.474223039716602
treino_2024_pos_dencun,strict,all,a_completa,IF,IF:a_completa,0.05,371,333,0.8975741239892183,0.06805640711220111,1.3594771781900874
treino_2024_pos_dencun,strict,all,a_completa,IF,IF:a_completa,0.1,742,658,0.8867924528301887,0.13447782546494993,1.343147121995612
treino_2024_pos_dencun,strict,insertion,a_completa,IF,IF:a_completa,0.01,72,72,1.0,0.015148327372185988,1.5003155901535872
treino_2024_pos_dencun,strict,insertion,a_completa,IF,IF:a_completa,0.05,357,353,0.988795518207283,0.07426888281085631,1.4835053314403817
treino_2024_pos_dencun,strict,insertion,a_completa,IF,IF:a_completa,0.1,714,699,0.9789915966386554,0.14706501157163895,1.4687963550663268
treino_2024_pos_dencun,strict,displacement,a_completa,IF,IF:a_completa,0.01,3,1,0.3333333333333333,0.007142857142857143,0.6666666666666666
treino_2024_pos_dencun,strict,displacement,a_completa,IF,IF:a_completa,0.05,14,1,0.07142857142857142,0.007142857142857143,0.14285714285714285
treino_2024_pos_dencun,strict,displacement,a_completa,IF,IF:a_completa,0.1,28,1,0.03571428571428571,0.007142857142857143,0.07142857142857142
treino_2024_pos_dencun,sensitivity,all,a_completa,IF,IF:a_completa,0.01,162,151,0.9320987654320988,0.0162891046386192,1.6253912128597494
treino_2024_pos_dencun,sensitivity,all,a_completa,IF,IF:a_completa,0.05,809,702,0.8677379480840544,0.07572815533980583,1.5131590000840063
treino_2024_pos_dencun,sensitivity,all,a_completa,IF,IF:a_completa,0.1,1617,1362,0.8423005565862709,0.14692556634304207,1.4688013481356061
treino_2024_pos_dencun,sensitivity,insertion,a_completa,IF,IF:a_completa,0.01,72,72,1.0,0.015148327372185988,1.5003155901535872
treino_2024_pos_dencun,sensitivity,insertion,a_completa,IF,IF:a_completa,0.05,357,353,0.988795518207283,0.07426888281085631,1.4835053314403817
treino_2024_pos_dencun,sensitivity,insertion,a_completa,IF,IF:a_completa,0.1,714,699,0.9789915966386554,0.14706501157163895,1.4687963550663268
treino_2024_pos_dencun,sensitivity,displacement,a_completa,IF,IF:a_completa,0.01,91,39,0.42857142857142855,0.008634049147664379,0.8571428571428571
treino_2024_pos_dencun,sensitivity,displacement,a_completa,IF,IF:a_completa,0.05,452,192,0.4247787610619469,0.04250608811157848,0.8495575221238938
treino_2024_pos_dencun,sensitivity,displacement,a_completa,IF,IF:a_completa,0.1,904,414,0.4579646017699115,0.0916537524905911,0.915929203539823
treino_2024_pos_dencun,strict,all,b_completa,AE,AE:b_completa,0.01,75,71,0.9466666666666667,0.014510525240138974,1.4338333673955992
treino_2024_pos_dencun,strict,all,b_completa,AE,AE:b_completa,0.05,371,329,0.8867924528301887,0.06723891273247497,1.343147121995612
treino_2024_pos_dencun,strict,all,b_completa,AE,AE:b_completa,0.1,742,600,0.8086253369272237,0.12262415695892091,1.2247542145856642
treino_2024_pos_dencun,strict,insertion,b_completa,AE,AE:b_completa,0.01,72,68,0.9444444444444444,0.014306753629286767,1.4169647240339434
treino_2024_pos_dencun,strict,insertion,b_completa,AE,AE:b_completa,0.05,357,324,0.907563025210084,0.06816747317483694,1.361630955769642
treino_2024_pos_dencun,strict,insertion,b_completa,AE,AE:b_completa,0.1,714,603,0.8445378151260504,0.12686724174205766,1.2670732505078615
treino_2024_pos_dencun,strict,displacement,b_completa,AE,AE:b_completa,0.01,3,1,0.3333333333333333,0.007142857142857143,0.6666666666666666
treino_2024_pos_dencun,strict,displacement,b_completa,AE,AE:b_completa,0.05,14,4,0.2857142857142857,0.02857142857142857,0.5714285714285714
treino_2024_pos_dencun,strict,displacement,b_completa,AE,AE:b_completa,0.1,28,6,0.21428571428571427,0.04285714285714286,0.42857142857142855
treino_2024_pos_dencun,sensitivity,all,b_completa,AE,AE:b_completa,0.01,162,141,0.8703703703703703,0.015210355987055016,1.517749410683607
treino_2024_pos_dencun,sensitivity,all,b_completa,AE,AE:b_completa,0.05,809,608,0.7515451174289246,0.06558791801510248,1.3105422678790255
treino_2024_pos_dencun,sensitivity,all,b_completa,AE,AE:b_completa,0.1,1617,1086,0.6716141001855288,0.11715210355987055,1.1711587841962323
treino_2024_pos_dencun,sensitivity,insertion,b_completa,AE,AE:b_completa,0.01,72,68,0.9444444444444444,0.014306753629286767,1.4169647240339434
treino_2024_pos_dencun,sensitivity,insertion,b_completa,AE,AE:b_completa,0.05,357,324,0.907563025210084,0.06816747317483694,1.361630955769642
treino_2024_pos_dencun,sensitivity,insertion,b_completa,AE,AE:b_completa,0.1,714,603,0.8445378151260504,0.12686724174205766,1.2670732505078615
treino_2024_pos_dencun,sensitivity,displacement,b_completa,AE,AE:b_completa,0.01,91,55,0.6043956043956044,0.012176223156962585,1.2087912087912087
treino_2024_pos_dencun,sensitivity,displacement,b_completa,AE,AE:b_completa,0.05,452,258,0.5707964601769911,0.057117555899933586,1.1415929203539823
treino_2024_pos_dencun,sensitivity,displacement,b_completa,AE,AE:b_completa,0.1,904,485,0.536504424778761,0.10737214965685189,1.073008849557522
treino_2024_pos_dencun,strict,all,b_completa,IF,IF:b_completa,0.01,75,67,0.8933333333333333,0.013693030860412835,1.3530540227535937
treino_2024_pos_dencun,strict,all,b_completa,IF,IF:b_completa,0.05,371,323,0.8706199460916442,0.06601267116288576,1.3186520377038984
treino_2024_pos_dencun,strict,all,b_completa,IF,IF:b_completa,0.1,742,660,0.889487870619946,0.134886572654813,1.3472296360442306
treino_2024_pos_dencun,strict,insertion,b_completa,IF,IF:b_completa,0.01,72,72,1.0,0.015148327372185988,1.5003155901535872
treino_2024_pos_dencun,strict,insertion,b_completa,IF,IF:b_completa,0.05,357,356,0.9971988795518207,0.07490006311803071,1.4961130254752857
treino_2024_pos_dencun,strict,insertion,b_completa,IF,IF:b_completa,0.1,714,707,0.9901960784313726,0.1487481590574374,1.4856066137795323
treino_2024_pos_dencun,strict,displacement,b_completa,IF,IF:b_completa,0.01,3,0,0.0,0.0,0.0
treino_2024_pos_dencun,strict,displacement,b_completa,IF,IF:b_completa,0.05,14,1,0.07142857142857142,0.007142857142857143,0.14285714285714285
treino_2024_pos_dencun,strict,displacement,b_completa,IF,IF:b_completa,0.1,28,1,0.03571428571428571,0.007142857142857143,0.07142857142857142
treino_2024_pos_dencun,sensitivity,all,b_completa,IF,IF:b_completa,0.01,162,141,0.8703703703703703,0.015210355987055016,1.517749410683607
treino_2024_pos_dencun,sensitivity,all,b_completa,IF,IF:b_completa,0.05,809,701,0.8665018541409147,0.0756202804746494,1.5110035029328897
treino_2024_pos_dencun,sensitivity,all,b_completa,IF,IF:b_completa,0.1,1617,1410,0.8719851576994434,0.15210355987055016,1.5205652722989753
treino_2024_pos_dencun,sensitivity,insertion,b_completa,IF,IF:b_completa,0.01,72,72,1.0,0.015148327372185988,1.5003155901535872
treino_2024_pos_dencun,sensitivity,insertion,b_completa,IF,IF:b_completa,0.05,357,356,0.9971988795518207,0.07490006311803071,1.4961130254752857
treino_2024_pos_dencun,sensitivity,insertion,b_completa,IF,IF:b_completa,0.1,714,707,0.9901960784313726,0.1487481590574374,1.4856066137795323
treino_2024_pos_dencun,sensitivity,displacement,b_completa,IF,IF:b_completa,0.01,91,26,0.2857142857142857,0.005756032765109586,0.5714285714285714
treino_2024_pos_dencun,sensitivity,displacement,b_completa,IF,IF:b_completa,0.05,452,208,0.46017699115044247,0.04604826212087669,0.9203539823008849
treino_2024_pos_dencun,sensitivity,displacement,b_completa,IF,IF:b_completa,0.1,904,388,0.42920353982300885,0.08589771972548152,0.8584070796460177
treino_2024_pos_dencun,strict,all,c_completa,AE,AE:c_completa,0.01,75,70,0.9333333333333333,0.01430615164520744,1.4136385312350979
treino_2024_pos_dencun,strict,all,c_completa,AE,AE:c_completa,0.05,371,289,0.7789757412398922,0.05906396893521357,1.1798465600508565
treino_2024_pos_dencun,strict,all,c_completa,AE,AE:c_completa,0.1,742,553,0.7452830188679245,0.11301859799713877,1.1288151344431205
treino_2024_pos_dencun,strict,insertion,c_completa,AE,AE:c_completa,0.01,72,68,0.9444444444444444,0.014306753629286767,1.4169647240339434
treino_2024_pos_dencun,strict,insertion,c_completa,AE,AE:c_completa,0.05,357,292,0.8179271708683473,0.06143488323164317,1.2271488860639983
treino_2024_pos_dencun,strict,insertion,c_completa,AE,AE:c_completa,0.1,714,562,0.7871148459383753,0.11824111087734063,1.1809206746026835
treino_2024_pos_dencun,strict,displacement,c_completa,AE,AE:c_completa,0.01,3,1,0.3333333333333333,0.007142857142857143,0.6666666666666666
treino_2024_pos_dencun,strict,displacement,c_completa,AE,AE:c_completa,0.05,14,1,0.07142857142857142,0.007142857142857143,0.14285714285714285
treino_2024_pos_dencun,strict,displacement,c_completa,AE,AE:c_completa,0.1,28,5,0.17857142857142858,0.03571428571428571,0.35714285714285715
treino_2024_pos_dencun,sensitivity,all,c_completa,AE,AE:c_completa,0.01,162,115,0.7098765432098766,0.012405609492988134,1.237880725025637
treino_2024_pos_dencun,sensitivity,all,c_completa,AE,AE:c_completa,0.05,809,444,0.5488257107540173,0.04789644012944984,0.9570407350958673
treino_2024_pos_dencun,sensitivity,all,c_completa,AE,AE:c_completa,0.1,1617,955,0.590599876314162,0.10302049622437973,1.029886407833703
treino_2024_pos_dencun,sensitivity,insertion,c_completa,AE,AE:c_completa,0.01,72,68,0.9444444444444444,0.014306753629286767,1.4169647240339434
treino_2024_pos_dencun,sensitivity,insertion,c_completa,AE,AE:c_completa,0.05,357,292,0.8179271708683473,0.06143488323164317,1.2271488860639983
treino_2024_pos_dencun,sensitivity,insertion,c_completa,AE,AE:c_completa,0.1,714,562,0.7871148459383753,0.11824111087734063,1.1809206746026835
treino_2024_pos_dencun,sensitivity,displacement,c_completa,AE,AE:c_completa,0.01,91,35,0.38461538461538464,0.007748505645339828,0.7692307692307693
treino_2024_pos_dencun,sensitivity,displacement,c_completa,AE,AE:c_completa,0.05,452,151,0.334070796460177,0.03342926721275183,0.668141592920354
treino_2024_pos_dencun,sensitivity,displacement,c_completa,AE,AE:c_completa,0.1,904,428,0.47345132743362833,0.09475315474872703,0.9469026548672567
treino_2024_pos_dencun,strict,all,c_completa,IF,IF:c_completa,0.01,75,71,0.9466666666666667,0.014510525240138974,1.4338333673955992
treino_2024_pos_dencun,strict,all,c_completa,IF,IF:c_completa,0.05,371,346,0.9326145552560647,0.07071326384631106,1.4125498608221327
treino_2024_pos_dencun,strict,all,c_completa,IF,IF:c_completa,0.1,742,669,0.9016172506738545,0.1367259350091968,1.3656009492630157
treino_2024_pos_dencun,strict,insertion,c_completa,IF,IF:c_completa,0.01,72,71,0.9861111111111112,0.014937933936461182,1.4794778736236762
treino_2024_pos_dencun,strict,insertion,c_completa,IF,IF:c_completa,0.05,357,352,0.9859943977591037,0.0740584893751315,1.4793027667620804
treino_2024_pos_dencun,strict,insertion,c_completa,IF,IF:c_completa,0.1,714,699,0.9789915966386554,0.14706501157163895,1.4687963550663268
treino_2024_pos_dencun,strict,displacement,c_completa,IF,IF:c_completa,0.01,3,1,0.3333333333333333,0.007142857142857143,0.6666666666666666
treino_2024_pos_dencun,strict,displacement,c_completa,IF,IF:c_completa,0.05,14,1,0.07142857142857142,0.007142857142857143,0.14285714285714285
treino_2024_pos_dencun,strict,displacement,c_completa,IF,IF:c_completa,0.1,28,1,0.03571428571428571,0.007142857142857143,0.07142857142857142
treino_2024_pos_dencun,sensitivity,all,c_completa,IF,IF:c_completa,0.01,162,152,0.9382716049382716,0.01639697950377562,1.6361553930773634
treino_2024_pos_dencun,sensitivity,all,c_completa,IF,IF:c_completa,0.05,809,711,0.8788627935723115,0.0766990291262136,1.5325584744440577
treino_2024_pos_dencun,sensitivity,all,c_completa,IF,IF:c_completa,0.1,1617,1381,0.8540507111935683,0.148975188781014,1.4892912347836065
treino_2024_pos_dencun,sensitivity,insertion,c_completa,IF,IF:c_completa,0.01,72,71,0.9861111111111112,0.014937933936461182,1.4794778736236762
treino_2024_pos_dencun,sensitivity,insertion,c_completa,IF,IF:c_completa,0.05,357,352,0.9859943977591037,0.0740584893751315,1.4793027667620804
treino_2024_pos_dencun,sensitivity,insertion,c_completa,IF,IF:c_completa,0.1,714,699,0.9789915966386554,0.14706501157163895,1.4687963550663268
treino_2024_pos_dencun,sensitivity,displacement,c_completa,IF,IF:c_completa,0.01,91,55,0.6043956043956044,0.012176223156962585,1.2087912087912087
treino_2024_pos_dencun,sensitivity,displacement,c_completa,IF,IF:c_completa,0.05,452,230,0.5088495575221239,0.050918751383661726,1.0176991150442478
treino_2024_pos_dencun,sensitivity,displacement,c_completa,IF,IF:c_completa,0.1,904,444,0.4911504424778761,0.09829532875802524,0.9823008849557522
treino_2024_pos_dencun,strict,all,b_sem_taxas_absolutas,AE,AE:b_sem_taxas_absolutas,0.01,75,63,0.84,0.012875536480686695,1.272274678111588
treino_2024_pos_dencun,strict,all,b_sem_taxas_absolutas,AE,AE:b_sem_taxas_absolutas,0.05,371,320,0.862533692722372,0.06539955037809116,1.3064044955580418
treino_2024_pos_dencun,strict,all,b_sem_taxas_absolutas,AE,AE:b_sem_taxas_absolutas,0.1,742,649,0.8746630727762803,0.13263846311056612,1.3247758087768269
treino_2024_pos_dencun,strict,insertion,b_sem_taxas_absolutas,AE,AE:b_sem_taxas_absolutas,0.01,72,60,0.8333333333333334,0.012623606143488323,1.250262991794656
treino_2024_pos_dencun,strict,insertion,b_sem_taxas_absolutas,AE,AE:b_sem_taxas_absolutas,0.05,357,319,0.8935574229691877,0.06711550599621292,1.3406181323781354
treino_2024_pos_dencun,strict,insertion,b_sem_taxas_absolutas,AE,AE:b_sem_taxas_absolutas,0.1,714,643,0.9005602240896359,0.13528297917104987,1.3511245440738886
treino_2024_pos_dencun,strict,displacement,b_sem_taxas_absolutas,AE,AE:b_sem_taxas_absolutas,0.01,3,0,0.0,0.0,0.0
treino_2024_pos_dencun,strict,displacement,b_sem_taxas_absolutas,AE,AE:b_sem_taxas_absolutas,0.05,14,2,0.14285714285714285,0.014285714285714285,0.2857142857142857
treino_2024_pos_dencun,strict,displacement,b_sem_taxas_absolutas,AE,AE:b_sem_taxas_absolutas,0.1,28,7,0.25,0.05,0.5
treino_2024_pos_dencun,sensitivity,all,b_sem_taxas_absolutas,AE,AE:b_sem_taxas_absolutas,0.01,162,121,0.7469135802469136,0.013052858683926645,1.3024658063313221
treino_2024_pos_dencun,sensitivity,all,b_sem_taxas_absolutas,AE,AE:b_sem_taxas_absolutas,0.05,809,601,0.7428924598269468,0.06483279395900755,1.2954537878212078
treino_2024_pos_dencun,sensitivity,all,b_sem_taxas_absolutas,AE,AE:b_sem_taxas_absolutas,0.1,1617,1170,0.7235621521335807,0.1262135922330097,1.2617456514821284
treino_2024_pos_dencun,sensitivity,insertion,b_sem_taxas_absolutas,AE,AE:b_sem_taxas_absolutas,0.01,72,60,0.8333333333333334,0.012623606143488323,1.250262991794656
treino_2024_pos_dencun,sensitivity,insertion,b_sem_taxas_absolutas,AE,AE:b_sem_taxas_absolutas,0.05,357,319,0.8935574229691877,0.06711550599621292,1.3406181323781354
treino_2024_pos_dencun,sensitivity,insertion,b_sem_taxas_absolutas,AE,AE:b_sem_taxas_absolutas,0.1,714,643,0.9005602240896359,0.13528297917104987,1.3511245440738886
treino_2024_pos_dencun,sensitivity,displacement,b_sem_taxas_absolutas,AE,AE:b_sem_taxas_absolutas,0.01,91,43,0.4725274725274725,0.009519592649988931,0.945054945054945
treino_2024_pos_dencun,sensitivity,displacement,b_sem_taxas_absolutas,AE,AE:b_sem_taxas_absolutas,0.05,452,219,0.48451327433628316,0.04848350675226921,0.9690265486725663
treino_2024_pos_dencun,sensitivity,displacement,b_sem_taxas_absolutas,AE,AE:b_sem_taxas_absolutas,0.1,904,432,0.4778761061946903,0.09563869825105158,0.9557522123893806
treino_2024_pos_dencun,strict,all,b_sem_taxas_absolutas,IF,IF:b_sem_taxas_absolutas,0.01,75,34,0.4533333333333333,0.006948702227672185,0.6866244294570475
treino_2024_pos_dencun,strict,all,b_sem_taxas_absolutas,IF,IF:b_sem_taxas_absolutas,0.05,371,205,0.5525606469002695,0.04189658696096464,0.8369153799668705
treino_2024_pos_dencun,strict,all,b_sem_taxas_absolutas,IF,IF:b_sem_taxas_absolutas,0.1,742,511,0.6886792452830188,0.1044349070100143,1.043082339422124
treino_2024_pos_dencun,strict,insertion,b_sem_taxas_absolutas,IF,IF:b_sem_taxas_absolutas,0.01,72,68,0.9444444444444444,0.014306753629286767,1.4169647240339434
treino_2024_pos_dencun,strict,insertion,b_sem_taxas_absolutas,IF,IF:b_sem_taxas_absolutas,0.05,357,297,0.8319327731092437,0.0624868504102672,1.2481617094555053
treino_2024_pos_dencun,strict,insertion,b_sem_taxas_absolutas,IF,IF:b_sem_taxas_absolutas,0.1,714,607,0.8501400560224089,0.12770881548495686,1.275478379864464
treino_2024_pos_dencun,strict,displacement,b_sem_taxas_absolutas,IF,IF:b_sem_taxas_absolutas,0.01,3,0,0.0,0.0,0.0
treino_2024_pos_dencun,strict,displacement,b_sem_taxas_absolutas,IF,IF:b_sem_taxas_absolutas,0.05,14,0,0.0,0.0,0.0
treino_2024_pos_dencun,strict,displacement,b_sem_taxas_absolutas,IF,IF:b_sem_taxas_absolutas,0.1,28,0,0.0,0.0,0.0
treino_2024_pos_dencun,sensitivity,all,b_sem_taxas_absolutas,IF,IF:b_sem_taxas_absolutas,0.01,162,72,0.4444444444444444,0.007766990291262136,0.7750209756682248
treino_2024_pos_dencun,sensitivity,all,b_sem_taxas_absolutas,IF,IF:b_sem_taxas_absolutas,0.05,809,426,0.5265760197775031,0.045954692556634306,0.9182417863757646
treino_2024_pos_dencun,sensitivity,all,b_sem_taxas_absolutas,IF,IF:b_sem_taxas_absolutas,0.1,1617,866,0.5355596784168213,0.09341963322545847,0.9339074651141225
treino_2024_pos_dencun,sensitivity,insertion,b_sem_taxas_absolutas,IF,IF:b_sem_taxas_absolutas,0.01,72,68,0.9444444444444444,0.014306753629286767,1.4169647240339434
treino_2024_pos_dencun,sensitivity,insertion,b_sem_taxas_absolutas,IF,IF:b_sem_taxas_absolutas,0.05,357,297,0.8319327731092437,0.0624868504102672,1.2481617094555053
treino_2024_pos_dencun,sensitivity,insertion,b_sem_taxas_absolutas,IF,IF:b_sem_taxas_absolutas,0.1,714,607,0.8501400560224089,0.12770881548495686,1.275478379864464
treino_2024_pos_dencun,sensitivity,displacement,b_sem_taxas_absolutas,IF,IF:b_sem_taxas_absolutas,0.01,91,1,0.01098901098901099,0.00022138587558113792,0.02197802197802198
treino_2024_pos_dencun,sensitivity,displacement,b_sem_taxas_absolutas,IF,IF:b_sem_taxas_absolutas,0.05,452,111,0.24557522123893805,0.02457383218950631,0.4911504424778761
treino_2024_pos_dencun,sensitivity,displacement,b_sem_taxas_absolutas,IF,IF:b_sem_taxas_absolutas,0.1,904,294,0.3252212389380531,0.06508744742085455,0.6504424778761062
treino_2024_pos_dencun,strict,all,c_sem_taxas_absolutas,AE,AE:c_sem_taxas_absolutas,0.01,75,52,0.6933333333333334,0.010627426936439812,1.0501314803460726
treino_2024_pos_dencun,strict,all,c_sem_taxas_absolutas,AE,AE:c_sem_taxas_absolutas,0.05,371,253,0.6819407008086253,0.051706519517678316,1.0328760543005768
treino_2024_pos_dencun,strict,all,c_sem_taxas_absolutas,AE,AE:c_sem_taxas_absolutas,0.1,742,490,0.660377358490566,0.10014306151645208,1.0002159419116257
treino_2024_pos_dencun,strict,insertion,c_sem_taxas_absolutas,AE,AE:c_sem_taxas_absolutas,0.01,72,55,0.7638888888888888,0.011571638964864297,1.1460744091451012
treino_2024_pos_dencun,strict,insertion,c_sem_taxas_absolutas,AE,AE:c_sem_taxas_absolutas,0.05,357,259,0.7254901960784313,0.054491899852724596,1.0884642516800533
treino_2024_pos_dencun,strict,insertion,c_sem_taxas_absolutas,AE,AE:c_sem_taxas_absolutas,0.1,714,511,0.7156862745098039,0.10751104565537556,1.0737552753059987
treino_2024_pos_dencun,strict,displacement,c_sem_taxas_absolutas,AE,AE:c_sem_taxas_absolutas,0.01,3,0,0.0,0.0,0.0
treino_2024_pos_dencun,strict,displacement,c_sem_taxas_absolutas,AE,AE:c_sem_taxas_absolutas,0.05,14,3,0.21428571428571427,0.02142857142857143,0.42857142857142855
treino_2024_pos_dencun,strict,displacement,c_sem_taxas_absolutas,AE,AE:c_sem_taxas_absolutas,0.1,28,10,0.35714285714285715,0.07142857142857142,0.7142857142857143
treino_2024_pos_dencun,sensitivity,all,c_sem_taxas_absolutas,AE,AE:c_sem_taxas_absolutas,0.01,162,94,0.5802469135802469,0.010140237324703344,1.011832940455738
treino_2024_pos_dencun,sensitivity,all,c_sem_taxas_absolutas,AE,AE:c_sem_taxas_absolutas,0.05,809,452,0.5587144622991347,0.04875943905070119,0.9742847123048017
treino_2024_pos_dencun,sensitivity,all,c_sem_taxas_absolutas,AE,AE:c_sem_taxas_absolutas,0.1,1617,873,0.5398886827458256,0.0941747572815534,0.9414563707212805
treino_2024_pos_dencun,sensitivity,insertion,c_sem_taxas_absolutas,AE,AE:c_sem_taxas_absolutas,0.01,72,55,0.7638888888888888,0.011571638964864297,1.1460744091451012
treino_2024_pos_dencun,sensitivity,insertion,c_sem_taxas_absolutas,AE,AE:c_sem_taxas_absolutas,0.05,357,259,0.7254901960784313,0.054491899852724596,1.0884642516800533
treino_2024_pos_dencun,sensitivity,insertion,c_sem_taxas_absolutas,AE,AE:c_sem_taxas_absolutas,0.1,714,511,0.7156862745098039,0.10751104565537556,1.0737552753059987
treino_2024_pos_dencun,sensitivity,displacement,c_sem_taxas_absolutas,AE,AE:c_sem_taxas_absolutas,0.01,91,47,0.5164835164835165,0.010405136152313482,1.032967032967033
treino_2024_pos_dencun,sensitivity,displacement,c_sem_taxas_absolutas,AE,AE:c_sem_taxas_absolutas,0.05,452,211,0.4668141592920354,0.0467124197476201,0.9336283185840708
treino_2024_pos_dencun,sensitivity,displacement,c_sem_taxas_absolutas,AE,AE:c_sem_taxas_absolutas,0.1,904,426,0.47123893805309736,0.09431038299756475,0.9424778761061947
treino_2024_pos_dencun,strict,all,c_sem_taxas_absolutas,IF,IF:c_sem_taxas_absolutas,0.01,75,39,0.52,0.00797057020232986,0.7875986102595545
treino_2024_pos_dencun,strict,all,c_sem_taxas_absolutas,IF,IF:c_sem_taxas_absolutas,0.05,371,247,0.6657681940700808,0.050480277948089104,1.0083809700088635
treino_2024_pos_dencun,strict,all,c_sem_taxas_absolutas,IF,IF:c_sem_taxas_absolutas,0.1,742,538,0.7250673854447439,0.10995299407316575,1.098196279078479
treino_2024_pos_dencun,strict,insertion,c_sem_taxas_absolutas,IF,IF:c_sem_taxas_absolutas,0.01,72,64,0.8888888888888888,0.013465179886387544,1.3336138579142995
treino_2024_pos_dencun,strict,insertion,c_sem_taxas_absolutas,IF,IF:c_sem_taxas_absolutas,0.05,357,320,0.896358543417367,0.06732589943193773,1.3448206970564367
treino_2024_pos_dencun,strict,insertion,c_sem_taxas_absolutas,IF,IF:c_sem_taxas_absolutas,0.1,714,613,0.8585434173669467,0.1289711760993057,1.288086073899368
treino_2024_pos_dencun,strict,displacement,c_sem_taxas_absolutas,IF,IF:c_sem_taxas_absolutas,0.01,3,0,0.0,0.0,0.0
treino_2024_pos_dencun,strict,displacement,c_sem_taxas_absolutas,IF,IF:c_sem_taxas_absolutas,0.05,14,0,0.0,0.0,0.0
treino_2024_pos_dencun,strict,displacement,c_sem_taxas_absolutas,IF,IF:c_sem_taxas_absolutas,0.1,28,0,0.0,0.0,0.0
treino_2024_pos_dencun,sensitivity,all,c_sem_taxas_absolutas,IF,IF:c_sem_taxas_absolutas,0.01,162,87,0.5370370370370371,0.009385113268608414,0.9364836789324384
treino_2024_pos_dencun,sensitivity,all,c_sem_taxas_absolutas,IF,IF:c_sem_taxas_absolutas,0.05,809,513,0.6341161928306551,0.05533980582524272,1.1057700385229277
treino_2024_pos_dencun,sensitivity,all,c_sem_taxas_absolutas,IF,IF:c_sem_taxas_absolutas,0.1,1617,979,0.6054421768707483,0.10560949298813377,1.055768369915388
treino_2024_pos_dencun,sensitivity,insertion,c_sem_taxas_absolutas,IF,IF:c_sem_taxas_absolutas,0.01,72,64,0.8888888888888888,0.013465179886387544,1.3336138579142995
treino_2024_pos_dencun,sensitivity,insertion,c_sem_taxas_absolutas,IF,IF:c_sem_taxas_absolutas,0.05,357,320,0.896358543417367,0.06732589943193773,1.3448206970564367
treino_2024_pos_dencun,sensitivity,insertion,c_sem_taxas_absolutas,IF,IF:c_sem_taxas_absolutas,0.1,714,613,0.8585434173669467,0.1289711760993057,1.288086073899368
treino_2024_pos_dencun,sensitivity,displacement,c_sem_taxas_absolutas,IF,IF:c_sem_taxas_absolutas,0.01,91,5,0.054945054945054944,0.0011069293779056896,0.10989010989010989
treino_2024_pos_dencun,sensitivity,displacement,c_sem_taxas_absolutas,IF,IF:c_sem_taxas_absolutas,0.05,452,129,0.2853982300884956,0.028558777949966793,0.5707964601769911
treino_2024_pos_dencun,sensitivity,displacement,c_sem_taxas_absolutas,IF,IF:c_sem_taxas_absolutas,0.1,904,332,0.3672566371681416,0.07350011069293778,0.7345132743362832
validacao_2025_pre_pectra,strict,all,a_completa,AE,AE:a_completa,0.01,43,17,0.3953488372093023,0.006060606060606061,0.5970401691331924
validacao_2025_pre_pectra,strict,all,a_completa,AE,AE:a_completa,0.05,212,125,0.589622641509434,0.044563279857397504,0.8904247805468671
validacao_2025_pre_pectra,strict,all,a_completa,AE,AE:a_completa,0.1,424,303,0.714622641509434,0.10802139037433155,1.079194834022803
validacao_2025_pre_pectra,strict,insertion,a_completa,AE,AE:a_completa,0.01,42,25,0.5952380952380952,0.009094216078574026,0.8929654073342687
validacao_2025_pre_pectra,strict,insertion,a_completa,AE,AE:a_completa,0.05,207,162,0.782608695652174,0.058930520189159695,1.1740553877299256
validacao_2025_pre_pectra,strict,insertion,a_completa,AE,AE:a_completa,0.1,413,345,0.8353510895883777,0.12550018188432158,1.2531785716487702
validacao_2025_pre_pectra,strict,displacement,a_completa,AE,AE:a_completa,0.01,2,1,0.5,0.017857142857142856,1.0
validacao_2025_pre_pectra,strict,displacement,a_completa,AE,AE:a_completa,0.05,6,1,0.16666666666666666,0.017857142857142856,0.3333333333333333
validacao_2025_pre_pectra,strict,displacement,a_completa,AE,AE:a_completa,0.1,12,3,0.25,0.05357142857142857,0.5
validacao_2025_pre_pectra,sensitivity,all,a_completa,AE,AE:a_completa,0.01,52,6,0.11538461538461539,0.0018337408312958435,0.18231615572691368
validacao_2025_pre_pectra,sensitivity,all,a_completa,AE,AE:a_completa,0.05,259,99,0.38223938223938225,0.03025672371638142,0.6039662610567256
validacao_2025_pre_pectra,sensitivity,all,a_completa,AE,AE:a_completa,0.1,517,241,0.4661508704061896,0.07365525672371638,0.7365525672371638
validacao_2025_pre_pectra,sensitivity,insertion,a_completa,AE,AE:a_completa,0.01,42,25,0.5952380952380952,0.009094216078574026,0.8929654073342687
validacao_2025_pre_pectra,sensitivity,insertion,a_completa,AE,AE:a_completa,0.05,207,162,0.782608695652174,0.058930520189159695,1.1740553877299256
validacao_2025_pre_pectra,sensitivity,insertion,a_completa,AE,AE:a_completa,0.1,413,345,0.8353510895883777,0.12550018188432158,1.2531785716487702
validacao_2025_pre_pectra,sensitivity,displacement,a_completa,AE,AE:a_completa,0.01,11,2,0.18181818181818182,0.0038240917782026767,0.36363636363636365
validacao_2025_pre_pectra,sensitivity,displacement,a_completa,AE,AE:a_completa,0.05,53,6,0.11320754716981132,0.011472275334608031,0.22641509433962265
validacao_2025_pre_pectra,sensitivity,displacement,a_completa,AE,AE:a_completa,0.1,105,21,0.2,0.040152963671128104,0.4
validacao_2025_pre_pectra,strict,all,a_completa,IF,IF:a_completa,0.01,43,37,0.8604651162790697,0.013190730837789662,1.2994403681134188
validacao_2025_pre_pectra,strict,all,a_completa,IF,IF:a_completa,0.05,212,195,0.9198113207547169,0.06951871657754011,1.3890626576531127
validacao_2025_pre_pectra,strict,all,a_completa,IF,IF:a_completa,0.1,424,402,0.9481132075471698,0.14331550802139037,1.4318030471193623
validacao_2025_pre_pectra,strict,insertion,a_completa,IF,IF:a_completa,0.01,42,42,1.0,0.015278283012004365,1.5001818843215713
validacao_2025_pre_pectra,strict,insertion,a_completa,IF,IF:a_completa,0.05,207,206,0.9951690821256038,0.07493634048744999,1.4929346288417569
validacao_2025_pre_pectra,strict,insertion,a_completa,IF,IF:a_completa,0.1,413,410,0.9927360774818402,0.14914514368861403,1.4892846793507126
validacao_2025_pre_pectra,strict,displacement,a_completa,IF,IF:a_completa,0.01,2,0,0.0,0.0,0.0
validacao_2025_pre_pectra,strict,displacement,a_completa,IF,IF:a_completa,0.05,6,0,0.0,0.0,0.0
validacao_2025_pre_pectra,strict,displacement,a_completa,IF,IF:a_completa,0.1,12,0,0.0,0.0,0.0
validacao_2025_pre_pectra,sensitivity,all,a_completa,IF,IF:a_completa,0.01,52,44,0.8461538461538461,0.013447432762836185,1.3369851419973668
validacao_2025_pre_pectra,sensitivity,all,a_completa,IF,IF:a_completa,0.05,259,241,0.9305019305019305,0.07365525672371638,1.4702613021683926
validacao_2025_pre_pectra,sensitivity,all,a_completa,IF,IF:a_completa,0.1,517,493,0.9535783365570599,0.15067237163814182,1.506723716381418
validacao_2025_pre_pectra,sensitivity,insertion,a_completa,IF,IF:a_completa,0.01,42,42,1.0,0.015278283012004365,1.5001818843215713
validacao_2025_pre_pectra,sensitivity,insertion,a_completa,IF,IF:a_completa,0.05,207,206,0.9951690821256038,0.07493634048744999,1.4929346288417569
validacao_2025_pre_pectra,sensitivity,insertion,a_completa,IF,IF:a_completa,0.1,413,410,0.9927360774818402,0.14914514368861403,1.4892846793507126
validacao_2025_pre_pectra,sensitivity,displacement,a_completa,IF,IF:a_completa,0.01,11,0,0.0,0.0,0.0
validacao_2025_pre_pectra,sensitivity,displacement,a_completa,IF,IF:a_completa,0.05,53,7,0.1320754716981132,0.01338432122370937,0.2641509433962264
validacao_2025_pre_pectra,sensitivity,displacement,a_completa,IF,IF:a_completa,0.1,105,23,0.21904761904761905,0.04397705544933078,0.4380952380952381
validacao_2025_pre_pectra,strict,all,b_completa,AE,AE:b_completa,0.01,43,34,0.7906976744186046,0.012121212121212121,1.1940803382663847
validacao_2025_pre_pectra,strict,all,b_completa,AE,AE:b_completa,0.05,212,152,0.7169811320754716,0.05418894830659537,1.0827565331449904
validacao_2025_pre_pectra,strict,all,b_completa,AE,AE:b_completa,0.1,424,291,0.6863207547169812,0.10374331550802139,1.0364544445565533
validacao_2025_pre_pectra,strict,insertion,b_completa,AE,AE:b_completa,0.01,42,33,0.7857142857142857,0.012004365223717716,1.1787143376812346
validacao_2025_pre_pectra,strict,insertion,b_completa,AE,AE:b_completa,0.05,207,154,0.7439613526570048,0.056020371044016005,1.1160773438914104
validacao_2025_pre_pectra,strict,insertion,b_completa,AE,AE:b_completa,0.1,413,287,0.6949152542372882,0.10440160058202982,1.0424992755454987
validacao_2025_pre_pectra,strict,displacement,b_completa,AE,AE:b_completa,0.01,2,0,0.0,0.0,0.0
validacao_2025_pre_pectra,strict,displacement,b_completa,AE,AE:b_completa,0.05,6,1,0.16666666666666666,0.017857142857142856,0.3333333333333333
validacao_2025_pre_pectra,strict,displacement,b_completa,AE,AE:b_completa,0.1,12,3,0.25,0.05357142857142857,0.5
validacao_2025_pre_pectra,sensitivity,all,b_completa,AE,AE:b_completa,0.01,52,39,0.75,0.011919315403422982,1.1850550122249388
validacao_2025_pre_pectra,sensitivity,all,b_completa,AE,AE:b_completa,0.05,259,165,0.637065637065637,0.0504278728606357,1.0066104350945426
validacao_2025_pre_pectra,sensitivity,all,b_completa,AE,AE:b_completa,0.1,517,321,0.620889748549323,0.09810513447432763,0.9810513447432762
validacao_2025_pre_pectra,sensitivity,insertion,b_completa,AE,AE:b_completa,0.01,42,33,0.7857142857142857,0.012004365223717716,1.1787143376812346
validacao_2025_pre_pectra,sensitivity,insertion,b_completa,AE,AE:b_completa,0.05,207,154,0.7439613526570048,0.056020371044016005,1.1160773438914104
validacao_2025_pre_pectra,sensitivity,insertion,b_completa,AE,AE:b_completa,0.1,413,287,0.6949152542372882,0.10440160058202982,1.0424992755454987
validacao_2025_pre_pectra,sensitivity,displacement,b_completa,AE,AE:b_completa,0.01,11,8,0.7272727272727273,0.015296367112810707,1.4545454545454546
validacao_2025_pre_pectra,sensitivity,displacement,b_completa,AE,AE:b_completa,0.05,53,24,0.4528301886792453,0.045889101338432124,0.9056603773584906
validacao_2025_pre_pectra,sensitivity,displacement,b_completa,AE,AE:b_completa,0.1,105,46,0.4380952380952381,0.08795411089866156,0.8761904761904762
validacao_2025_pre_pectra,strict,all,b_completa,IF,IF:b_completa,0.01,43,34,0.7906976744186046,0.012121212121212121,1.1940803382663847
validacao_2025_pre_pectra,strict,all,b_completa,IF,IF:b_completa,0.05,212,199,0.9386792452830188,0.07094474153297682,1.4175562506306123
validacao_2025_pre_pectra,strict,all,b_completa,IF,IF:b_completa,0.1,424,403,0.9504716981132075,0.14367201426024956,1.4353647462415497
validacao_2025_pre_pectra,strict,insertion,b_completa,IF,IF:b_completa,0.01,42,42,1.0,0.015278283012004365,1.5001818843215713
validacao_2025_pre_pectra,strict,insertion,b_completa,IF,IF:b_completa,0.05,207,207,1.0,0.07530010913059294,1.5001818843215713
validacao_2025_pre_pectra,strict,insertion,b_completa,IF,IF:b_completa,0.1,413,410,0.9927360774818402,0.14914514368861403,1.4892846793507126
validacao_2025_pre_pectra,strict,displacement,b_completa,IF,IF:b_completa,0.01,2,0,0.0,0.0,0.0
validacao_2025_pre_pectra,strict,displacement,b_completa,IF,IF:b_completa,0.05,6,0,0.0,0.0,0.0
validacao_2025_pre_pectra,strict,displacement,b_completa,IF,IF:b_completa,0.1,12,0,0.0,0.0,0.0
validacao_2025_pre_pectra,sensitivity,all,b_completa,IF,IF:b_completa,0.01,52,43,0.8269230769230769,0.013141809290953545,1.3065991160428811
validacao_2025_pre_pectra,sensitivity,all,b_completa,IF,IF:b_completa,0.05,259,241,0.9305019305019305,0.07365525672371638,1.4702613021683926
validacao_2025_pre_pectra,sensitivity,all,b_completa,IF,IF:b_completa,0.1,517,495,0.9574468085106383,0.1512836185819071,1.5128361858190709
validacao_2025_pre_pectra,sensitivity,insertion,b_completa,IF,IF:b_completa,0.01,42,42,1.0,0.015278283012004365,1.5001818843215713
validacao_2025_pre_pectra,sensitivity,insertion,b_completa,IF,IF:b_completa,0.05,207,207,1.0,0.07530010913059294,1.5001818843215713
validacao_2025_pre_pectra,sensitivity,insertion,b_completa,IF,IF:b_completa,0.1,413,410,0.9927360774818402,0.14914514368861403,1.4892846793507126
validacao_2025_pre_pectra,sensitivity,displacement,b_completa,IF,IF:b_completa,0.01,11,0,0.0,0.0,0.0
validacao_2025_pre_pectra,sensitivity,displacement,b_completa,IF,IF:b_completa,0.05,53,11,0.20754716981132076,0.021032504780114723,0.41509433962264153
validacao_2025_pre_pectra,sensitivity,displacement,b_completa,IF,IF:b_completa,0.1,105,25,0.23809523809523808,0.04780114722753346,0.47619047619047616
validacao_2025_pre_pectra,strict,all,c_completa,AE,AE:c_completa,0.01,43,36,0.8372093023255814,0.012834224598930482,1.2643203581644076
validacao_2025_pre_pectra,strict,all,c_completa,AE,AE:c_completa,0.05,212,157,0.7405660377358491,0.055971479500891264,1.118373524366865
validacao_2025_pre_pectra,strict,all,c_completa,AE,AE:c_completa,0.1,424,292,0.6886792452830188,0.10409982174688057,1.0400161436787407
validacao_2025_pre_pectra,strict,insertion,c_completa,AE,AE:c_completa,0.01,42,36,0.8571428571428571,0.0130956711531466,1.2858701865613469
validacao_2025_pre_pectra,strict,insertion,c_completa,AE,AE:c_completa,0.05,207,156,0.7536231884057971,0.05674790833030193,1.1305718548510393
validacao_2025_pre_pectra,strict,insertion,c_completa,AE,AE:c_completa,0.1,413,291,0.7046004842615012,0.10585667515460168,1.0570288821733107
validacao_2025_pre_pectra,strict,displacement,c_completa,AE,AE:c_completa,0.01,2,0,0.0,0.0,0.0
validacao_2025_pre_pectra,strict,displacement,c_completa,AE,AE:c_completa,0.05,6,1,0.16666666666666666,0.017857142857142856,0.3333333333333333
validacao_2025_pre_pectra,strict,displacement,c_completa,AE,AE:c_completa,0.1,12,2,0.16666666666666666,0.03571428571428571,0.3333333333333333
validacao_2025_pre_pectra,sensitivity,all,c_completa,AE,AE:c_completa,0.01,52,40,0.7692307692307693,0.012224938875305624,1.2154410381794245
validacao_2025_pre_pectra,sensitivity,all,c_completa,AE,AE:c_completa,0.05,259,174,0.6718146718146718,0.053178484107579464,1.061516458826972
validacao_2025_pre_pectra,sensitivity,all,c_completa,AE,AE:c_completa,0.1,517,328,0.6344294003868471,0.10024449877750612,1.002444987775061
validacao_2025_pre_pectra,sensitivity,insertion,c_completa,AE,AE:c_completa,0.01,42,36,0.8571428571428571,0.0130956711531466,1.2858701865613469
validacao_2025_pre_pectra,sensitivity,insertion,c_completa,AE,AE:c_completa,0.05,207,156,0.7536231884057971,0.05674790833030193,1.1305718548510393
validacao_2025_pre_pectra,sensitivity,insertion,c_completa,AE,AE:c_completa,0.1,413,291,0.7046004842615012,0.10585667515460168,1.0570288821733107
validacao_2025_pre_pectra,sensitivity,displacement,c_completa,AE,AE:c_completa,0.01,11,7,0.6363636363636364,0.01338432122370937,1.2727272727272727
validacao_2025_pre_pectra,sensitivity,displacement,c_completa,AE,AE:c_completa,0.05,53,26,0.49056603773584906,0.0497131931166348,0.9811320754716981
validacao_2025_pre_pectra,sensitivity,displacement,c_completa,AE,AE:c_completa,0.1,105,53,0.5047619047619047,0.10133843212237094,1.0095238095238095
validacao_2025_pre_pectra,strict,all,c_completa,IF,IF:c_completa,0.01,43,39,0.9069767441860465,0.013903743315508022,1.3696803880114412
validacao_2025_pre_pectra,strict,all,c_completa,IF,IF:c_completa,0.05,212,200,0.9433962264150944,0.07130124777183601,1.4246796488749873
validacao_2025_pre_pectra,strict,all,c_completa,IF,IF:c_completa,0.1,424,405,0.9551886792452831,0.1443850267379679,1.4424881444859248
validacao_2025_pre_pectra,strict,insertion,c_completa,IF,IF:c_completa,0.01,42,42,1.0,0.015278283012004365,1.5001818843215713
validacao_2025_pre_pectra,strict,insertion,c_completa,IF,IF:c_completa,0.05,207,205,0.9903381642512077,0.07457257184430702,1.4856873733619427
validacao_2025_pre_pectra,strict,insertion,c_completa,IF,IF:c_completa,0.1,413,410,0.9927360774818402,0.14914514368861403,1.4892846793507126
validacao_2025_pre_pectra,strict,displacement,c_completa,IF,IF:c_completa,0.01,2,0,0.0,0.0,0.0
validacao_2025_pre_pectra,strict,displacement,c_completa,IF,IF:c_completa,0.05,6,0,0.0,0.0,0.0
validacao_2025_pre_pectra,strict,displacement,c_completa,IF,IF:c_completa,0.1,12,0,0.0,0.0,0.0
validacao_2025_pre_pectra,sensitivity,all,c_completa,IF,IF:c_completa,0.01,52,47,0.9038461538461539,0.014364303178484108,1.4281432198608237
validacao_2025_pre_pectra,sensitivity,all,c_completa,IF,IF:c_completa,0.05,259,244,0.9420849420849421,0.0745721271393643,1.4885633100792024
validacao_2025_pre_pectra,sensitivity,all,c_completa,IF,IF:c_completa,0.1,517,489,0.9458413926499033,0.14944987775061125,1.4944987775061125
validacao_2025_pre_pectra,sensitivity,insertion,c_completa,IF,IF:c_completa,0.01,42,42,1.0,0.015278283012004365,1.5001818843215713
validacao_2025_pre_pectra,sensitivity,insertion,c_completa,IF,IF:c_completa,0.05,207,205,0.9903381642512077,0.07457257184430702,1.4856873733619427
validacao_2025_pre_pectra,sensitivity,insertion,c_completa,IF,IF:c_completa,0.1,413,410,0.9927360774818402,0.14914514368861403,1.4892846793507126
validacao_2025_pre_pectra,sensitivity,displacement,c_completa,IF,IF:c_completa,0.01,11,0,0.0,0.0,0.0
validacao_2025_pre_pectra,sensitivity,displacement,c_completa,IF,IF:c_completa,0.05,53,16,0.3018867924528302,0.030592734225621414,0.6037735849056604
validacao_2025_pre_pectra,sensitivity,displacement,c_completa,IF,IF:c_completa,0.1,105,38,0.3619047619047619,0.07265774378585087,0.7238095238095238
validacao_2025_pre_pectra,strict,all,b_sem_taxas_absolutas,AE,AE:b_sem_taxas_absolutas,0.01,43,35,0.813953488372093,0.012477718360071301,1.2292003482153961
validacao_2025_pre_pectra,strict,all,b_sem_taxas_absolutas,AE,AE:b_sem_taxas_absolutas,0.05,212,174,0.8207547169811321,0.06203208556149733,1.2394712945212392
validacao_2025_pre_pectra,strict,all,b_sem_taxas_absolutas,AE,AE:b_sem_taxas_absolutas,0.1,424,362,0.8537735849056604,0.12905525846702318,1.2893350822318634
validacao_2025_pre_pectra,strict,insertion,b_sem_taxas_absolutas,AE,AE:b_sem_taxas_absolutas,0.01,42,34,0.8095238095238095,0.012368133866860677,1.2144329539746055
validacao_2025_pre_pectra,strict,insertion,b_sem_taxas_absolutas,AE,AE:b_sem_taxas_absolutas,0.05,207,172,0.8309178743961353,0.0625682066205893,1.246527942528069
validacao_2025_pre_pectra,strict,insertion,b_sem_taxas_absolutas,AE,AE:b_sem_taxas_absolutas,0.1,413,355,0.8595641646489104,0.1291378683157512,1.2895025882182998
validacao_2025_pre_pectra,strict,displacement,b_sem_taxas_absolutas,AE,AE:b_sem_taxas_absolutas,0.01,2,1,0.5,0.017857142857142856,1.0
validacao_2025_pre_pectra,strict,displacement,b_sem_taxas_absolutas,AE,AE:b_sem_taxas_absolutas,0.05,6,2,0.3333333333333333,0.03571428571428571,0.6666666666666666
validacao_2025_pre_pectra,strict,displacement,b_sem_taxas_absolutas,AE,AE:b_sem_taxas_absolutas,0.1,12,2,0.16666666666666666,0.03571428571428571,0.3333333333333333
validacao_2025_pre_pectra,sensitivity,all,b_sem_taxas_absolutas,AE,AE:b_sem_taxas_absolutas,0.01,52,40,0.7692307692307693,0.012224938875305624,1.2154410381794245
validacao_2025_pre_pectra,sensitivity,all,b_sem_taxas_absolutas,AE,AE:b_sem_taxas_absolutas,0.05,259,198,0.7644787644787645,0.06051344743276284,1.2079325221134511
validacao_2025_pre_pectra,sensitivity,all,b_sem_taxas_absolutas,AE,AE:b_sem_taxas_absolutas,0.1,517,426,0.8239845261121856,0.1301955990220049,1.3019559902200488
validacao_2025_pre_pectra,sensitivity,insertion,b_sem_taxas_absolutas,AE,AE:b_sem_taxas_absolutas,0.01,42,34,0.8095238095238095,0.012368133866860677,1.2144329539746055
validacao_2025_pre_pectra,sensitivity,insertion,b_sem_taxas_absolutas,AE,AE:b_sem_taxas_absolutas,0.05,207,172,0.8309178743961353,0.0625682066205893,1.246527942528069
validacao_2025_pre_pectra,sensitivity,insertion,b_sem_taxas_absolutas,AE,AE:b_sem_taxas_absolutas,0.1,413,355,0.8595641646489104,0.1291378683157512,1.2895025882182998
validacao_2025_pre_pectra,sensitivity,displacement,b_sem_taxas_absolutas,AE,AE:b_sem_taxas_absolutas,0.01,11,6,0.5454545454545454,0.011472275334608031,1.0909090909090908
validacao_2025_pre_pectra,sensitivity,displacement,b_sem_taxas_absolutas,AE,AE:b_sem_taxas_absolutas,0.05,53,25,0.4716981132075472,0.04780114722753346,0.9433962264150944
validacao_2025_pre_pectra,sensitivity,displacement,b_sem_taxas_absolutas,AE,AE:b_sem_taxas_absolutas,0.1,105,50,0.47619047619047616,0.09560229445506692,0.9523809523809523
validacao_2025_pre_pectra,strict,all,b_sem_taxas_absolutas,IF,IF:b_sem_taxas_absolutas,0.01,43,22,0.5116279069767442,0.00784313725490196,0.772640218878249
validacao_2025_pre_pectra,strict,all,b_sem_taxas_absolutas,IF,IF:b_sem_taxas_absolutas,0.05,212,148,0.6981132075471698,0.05276292335115865,1.0542629401674906
validacao_2025_pre_pectra,strict,all,b_sem_taxas_absolutas,IF,IF:b_sem_taxas_absolutas,0.1,424,321,0.7570754716981132,0.1144385026737968,1.1433054182221773
validacao_2025_pre_pectra,strict,insertion,b_sem_taxas_absolutas,IF,IF:b_sem_taxas_absolutas,0.01,42,38,0.9047619047619048,0.013823208439432522,1.3573074191480883
validacao_2025_pre_pectra,strict,insertion,b_sem_taxas_absolutas,IF,IF:b_sem_taxas_absolutas,0.05,207,183,0.8840579710144928,0.06656966169516187,1.326247752806027
validacao_2025_pre_pectra,strict,insertion,b_sem_taxas_absolutas,IF,IF:b_sem_taxas_absolutas,0.1,413,353,0.8547215496368039,0.12841033102946525,1.282237784904394
validacao_2025_pre_pectra,strict,displacement,b_sem_taxas_absolutas,IF,IF:b_sem_taxas_absolutas,0.01,2,0,0.0,0.0,0.0
validacao_2025_pre_pectra,strict,displacement,b_sem_taxas_absolutas,IF,IF:b_sem_taxas_absolutas,0.05,6,0,0.0,0.0,0.0
validacao_2025_pre_pectra,strict,displacement,b_sem_taxas_absolutas,IF,IF:b_sem_taxas_absolutas,0.1,12,0,0.0,0.0,0.0
validacao_2025_pre_pectra,sensitivity,all,b_sem_taxas_absolutas,IF,IF:b_sem_taxas_absolutas,0.01,52,24,0.46153846153846156,0.007334963325183374,0.7292646229076547
validacao_2025_pre_pectra,sensitivity,all,b_sem_taxas_absolutas,IF,IF:b_sem_taxas_absolutas,0.05,259,171,0.6602316602316602,0.05226161369193154,1.0432144509161623
validacao_2025_pre_pectra,sensitivity,all,b_sem_taxas_absolutas,IF,IF:b_sem_taxas_absolutas,0.1,517,361,0.6982591876208898,0.11033007334963325,1.1033007334963325
validacao_2025_pre_pectra,sensitivity,insertion,b_sem_taxas_absolutas,IF,IF:b_sem_taxas_absolutas,0.01,42,38,0.9047619047619048,0.013823208439432522,1.3573074191480883
validacao_2025_pre_pectra,sensitivity,insertion,b_sem_taxas_absolutas,IF,IF:b_sem_taxas_absolutas,0.05,207,183,0.8840579710144928,0.06656966169516187,1.326247752806027
validacao_2025_pre_pectra,sensitivity,insertion,b_sem_taxas_absolutas,IF,IF:b_sem_taxas_absolutas,0.1,413,353,0.8547215496368039,0.12841033102946525,1.282237784904394
validacao_2025_pre_pectra,sensitivity,displacement,b_sem_taxas_absolutas,IF,IF:b_sem_taxas_absolutas,0.01,11,0,0.0,0.0,0.0
validacao_2025_pre_pectra,sensitivity,displacement,b_sem_taxas_absolutas,IF,IF:b_sem_taxas_absolutas,0.05,53,8,0.1509433962264151,0.015296367112810707,0.3018867924528302
validacao_2025_pre_pectra,sensitivity,displacement,b_sem_taxas_absolutas,IF,IF:b_sem_taxas_absolutas,0.1,105,24,0.22857142857142856,0.045889101338432124,0.45714285714285713
validacao_2025_pre_pectra,strict,all,c_sem_taxas_absolutas,AE,AE:c_sem_taxas_absolutas,0.01,43,28,0.6511627906976745,0.009982174688057042,0.9833602785723169
validacao_2025_pre_pectra,strict,all,c_sem_taxas_absolutas,AE,AE:c_sem_taxas_absolutas,0.05,212,160,0.7547169811320755,0.0570409982174688,1.13974371909999
validacao_2025_pre_pectra,strict,all,c_sem_taxas_absolutas,AE,AE:c_sem_taxas_absolutas,0.1,424,313,0.7382075471698113,0.11158645276292335,1.1148118252446775
validacao_2025_pre_pectra,strict,insertion,c_sem_taxas_absolutas,AE,AE:c_sem_taxas_absolutas,0.01,42,27,0.6428571428571429,0.009821753364859949,0.9644026399210103
validacao_2025_pre_pectra,strict,insertion,c_sem_taxas_absolutas,AE,AE:c_sem_taxas_absolutas,0.05,207,159,0.7681159420289855,0.05783921425973081,1.1523136212904823
validacao_2025_pre_pectra,strict,insertion,c_sem_taxas_absolutas,AE,AE:c_sem_taxas_absolutas,0.1,413,309,0.7481840193704601,0.11240451073117497,1.1224121119984638
validacao_2025_pre_pectra,strict,displacement,c_sem_taxas_absolutas,AE,AE:c_sem_taxas_absolutas,0.01,2,0,0.0,0.0,0.0
validacao_2025_pre_pectra,strict,displacement,c_sem_taxas_absolutas,AE,AE:c_sem_taxas_absolutas,0.05,6,2,0.3333333333333333,0.03571428571428571,0.6666666666666666
validacao_2025_pre_pectra,strict,displacement,c_sem_taxas_absolutas,AE,AE:c_sem_taxas_absolutas,0.1,12,2,0.16666666666666666,0.03571428571428571,0.3333333333333333
validacao_2025_pre_pectra,sensitivity,all,c_sem_taxas_absolutas,AE,AE:c_sem_taxas_absolutas,0.01,52,32,0.6153846153846154,0.009779951100244499,0.9723528305435396
validacao_2025_pre_pectra,sensitivity,all,c_sem_taxas_absolutas,AE,AE:c_sem_taxas_absolutas,0.05,259,185,0.7142857142857143,0.056540342298288505,1.1286238211666084
validacao_2025_pre_pectra,sensitivity,all,c_sem_taxas_absolutas,AE,AE:c_sem_taxas_absolutas,0.1,517,353,0.6827852998065764,0.10788508557457213,1.0788508557457213
validacao_2025_pre_pectra,sensitivity,insertion,c_sem_taxas_absolutas,AE,AE:c_sem_taxas_absolutas,0.01,42,27,0.6428571428571429,0.009821753364859949,0.9644026399210103
validacao_2025_pre_pectra,sensitivity,insertion,c_sem_taxas_absolutas,AE,AE:c_sem_taxas_absolutas,0.05,207,159,0.7681159420289855,0.05783921425973081,1.1523136212904823
validacao_2025_pre_pectra,sensitivity,insertion,c_sem_taxas_absolutas,AE,AE:c_sem_taxas_absolutas,0.1,413,309,0.7481840193704601,0.11240451073117497,1.1224121119984638
validacao_2025_pre_pectra,sensitivity,displacement,c_sem_taxas_absolutas,AE,AE:c_sem_taxas_absolutas,0.01,11,6,0.5454545454545454,0.011472275334608031,1.0909090909090908
validacao_2025_pre_pectra,sensitivity,displacement,c_sem_taxas_absolutas,AE,AE:c_sem_taxas_absolutas,0.05,53,27,0.5094339622641509,0.05162523900573614,1.0188679245283019
validacao_2025_pre_pectra,sensitivity,displacement,c_sem_taxas_absolutas,AE,AE:c_sem_taxas_absolutas,0.1,105,50,0.47619047619047616,0.09560229445506692,0.9523809523809523
validacao_2025_pre_pectra,strict,all,c_sem_taxas_absolutas,IF,IF:c_sem_taxas_absolutas,0.01,43,33,0.7674418604651163,0.011764705882352941,1.1589603283173735
validacao_2025_pre_pectra,strict,all,c_sem_taxas_absolutas,IF,IF:c_sem_taxas_absolutas,0.05,212,170,0.8018867924528302,0.06060606060606061,1.2109777015437393
validacao_2025_pre_pectra,strict,all,c_sem_taxas_absolutas,IF,IF:c_sem_taxas_absolutas,0.1,424,355,0.8372641509433962,0.1265597147950089,1.2644031883765514
validacao_2025_pre_pectra,strict,insertion,c_sem_taxas_absolutas,IF,IF:c_sem_taxas_absolutas,0.01,42,36,0.8571428571428571,0.0130956711531466,1.2858701865613469
validacao_2025_pre_pectra,strict,insertion,c_sem_taxas_absolutas,IF,IF:c_sem_taxas_absolutas,0.05,207,185,0.893719806763285,0.0672971989814478,1.3407422637656554
validacao_2025_pre_pectra,strict,insertion,c_sem_taxas_absolutas,IF,IF:c_sem_taxas_absolutas,0.1,413,371,0.8983050847457628,0.13495816660603857,1.3476210147295473
validacao_2025_pre_pectra,strict,displacement,c_sem_taxas_absolutas,IF,IF:c_sem_taxas_absolutas,0.01,2,0,0.0,0.0,0.0
validacao_2025_pre_pectra,strict,displacement,c_sem_taxas_absolutas,IF,IF:c_sem_taxas_absolutas,0.05,6,0,0.0,0.0,0.0
validacao_2025_pre_pectra,strict,displacement,c_sem_taxas_absolutas,IF,IF:c_sem_taxas_absolutas,0.1,12,0,0.0,0.0,0.0
validacao_2025_pre_pectra,sensitivity,all,c_sem_taxas_absolutas,IF,IF:c_sem_taxas_absolutas,0.01,52,39,0.75,0.011919315403422982,1.1850550122249388
validacao_2025_pre_pectra,sensitivity,all,c_sem_taxas_absolutas,IF,IF:c_sem_taxas_absolutas,0.05,259,203,0.7837837837837838,0.06204156479217604,1.2384358686314676
validacao_2025_pre_pectra,sensitivity,all,c_sem_taxas_absolutas,IF,IF:c_sem_taxas_absolutas,0.1,517,403,0.7794970986460348,0.12316625916870416,1.2316625916870414
validacao_2025_pre_pectra,sensitivity,insertion,c_sem_taxas_absolutas,IF,IF:c_sem_taxas_absolutas,0.01,42,36,0.8571428571428571,0.0130956711531466,1.2858701865613469
validacao_2025_pre_pectra,sensitivity,insertion,c_sem_taxas_absolutas,IF,IF:c_sem_taxas_absolutas,0.05,207,185,0.893719806763285,0.0672971989814478,1.3407422637656554
validacao_2025_pre_pectra,sensitivity,insertion,c_sem_taxas_absolutas,IF,IF:c_sem_taxas_absolutas,0.1,413,371,0.8983050847457628,0.13495816660603857,1.3476210147295473
validacao_2025_pre_pectra,sensitivity,displacement,c_sem_taxas_absolutas,IF,IF:c_sem_taxas_absolutas,0.01,11,1,0.09090909090909091,0.0019120458891013384,0.18181818181818182
validacao_2025_pre_pectra,sensitivity,displacement,c_sem_taxas_absolutas,IF,IF:c_sem_taxas_absolutas,0.05,53,12,0.22641509433962265,0.022944550669216062,0.4528301886792453
validacao_2025_pre_pectra,sensitivity,displacement,c_sem_taxas_absolutas,IF,IF:c_sem_taxas_absolutas,0.1,105,31,0.29523809523809524,0.05927342256214149,0.5904761904761905
transicao_pectra_2025,strict,all,a_completa,AE,AE:a_completa,0.01,9,2,0.2222222222222222,0.003552397868561279,0.3370830866390369
transicao_pectra_2025,strict,all,a_completa,AE,AE:a_completa,0.05,43,18,0.4186046511627907,0.03197158081705151,0.6349704655293487
transicao_pectra_2025,strict,all,a_completa,AE,AE:a_completa,0.1,86,47,0.5465116279069767,0.08348134991119005,0.8289892188855384
transicao_pectra_2025,strict,insertion,a_completa,AE,AE:a_completa,0.01,9,4,0.4444444444444444,0.007352941176470588,0.6666666666666666
transicao_pectra_2025,strict,insertion,a_completa,AE,AE:a_completa,0.05,41,25,0.6097560975609756,0.04595588235294118,0.9146341463414634
transicao_pectra_2025,strict,insertion,a_completa,AE,AE:a_completa,0.1,82,59,0.7195121951219512,0.10845588235294118,1.079268292682927
transicao_pectra_2025,strict,displacement,a_completa,AE,AE:a_completa,0.01,1,0,0.0,0.0,0.0
transicao_pectra_2025,strict,displacement,a_completa,AE,AE:a_completa,0.05,2,0,0.0,0.0,0.0
transicao_pectra_2025,strict,displacement,a_completa,AE,AE:a_completa,0.1,4,0,0.0,0.0,0.0
transicao_pectra_2025,sensitivity,all,a_completa,AE,AE:a_completa,0.01,14,1,0.07142857142857142,0.0012077294685990338,0.1193926846100759
transicao_pectra_2025,sensitivity,all,a_completa,AE,AE:a_completa,0.05,70,22,0.3142857142857143,0.026570048309178744,0.525327812284334
transicao_pectra_2025,sensitivity,all,a_completa,AE,AE:a_completa,0.1,139,44,0.31654676258992803,0.05314009661835749,0.529107149063358
transicao_pectra_2025,sensitivity,insertion,a_completa,AE,AE:a_completa,0.01,9,4,0.4444444444444444,0.007352941176470588,0.6666666666666666
transicao_pectra_2025,sensitivity,insertion,a_completa,AE,AE:a_completa,0.05,41,25,0.6097560975609756,0.04595588235294118,0.9146341463414634
transicao_pectra_2025,sensitivity,insertion,a_completa,AE,AE:a_completa,0.1,82,59,0.7195121951219512,0.10845588235294118,1.079268292682927
transicao_pectra_2025,sensitivity,displacement,a_completa,AE,AE:a_completa,0.01,6,1,0.16666666666666666,0.0035211267605633804,0.3333333333333333
transicao_pectra_2025,sensitivity,displacement,a_completa,AE,AE:a_completa,0.05,29,5,0.1724137931034483,0.017605633802816902,0.3448275862068966
transicao_pectra_2025,sensitivity,displacement,a_completa,AE,AE:a_completa,0.1,57,16,0.2807017543859649,0.056338028169014086,0.5614035087719298
transicao_pectra_2025,strict,all,a_completa,IF,IF:a_completa,0.01,9,7,0.7777777777777778,0.012433392539964476,1.1797908032366293
transicao_pectra_2025,strict,all,a_completa,IF,IF:a_completa,0.05,43,37,0.8604651162790697,0.06571936056838366,1.3052170680325499
transicao_pectra_2025,strict,all,a_completa,IF,IF:a_completa,0.1,86,77,0.8953488372093024,0.13676731793960922,1.358131273493329
transicao_pectra_2025,strict,insertion,a_completa,IF,IF:a_completa,0.01,9,9,1.0,0.016544117647058824,1.5
transicao_pectra_2025,strict,insertion,a_completa,IF,IF:a_completa,0.05,41,41,1.0,0.07536764705882353,1.5
transicao_pectra_2025,strict,insertion,a_completa,IF,IF:a_completa,0.1,82,82,1.0,0.15073529411764705,1.5
transicao_pectra_2025,strict,displacement,a_completa,IF,IF:a_completa,0.01,1,0,0.0,0.0,0.0
transicao_pectra_2025,strict,displacement,a_completa,IF,IF:a_completa,0.05,2,0,0.0,0.0,0.0
transicao_pectra_2025,strict,displacement,a_completa,IF,IF:a_completa,0.1,4,0,0.0,0.0,0.0
transicao_pectra_2025,sensitivity,all,a_completa,IF,IF:a_completa,0.01,14,10,0.7142857142857143,0.012077294685990338,1.193926846100759
transicao_pectra_2025,sensitivity,all,a_completa,IF,IF:a_completa,0.05,70,63,0.9,0.07608695652173914,1.5043478260869565
transicao_pectra_2025,sensitivity,all,a_completa,IF,IF:a_completa,0.1,139,123,0.8848920863309353,0.14855072463768115,1.47909498488166
transicao_pectra_2025,sensitivity,insertion,a_completa,IF,IF:a_completa,0.01,9,9,1.0,0.016544117647058824,1.5
transicao_pectra_2025,sensitivity,insertion,a_completa,IF,IF:a_completa,0.05,41,41,1.0,0.07536764705882353,1.5
transicao_pectra_2025,sensitivity,insertion,a_completa,IF,IF:a_completa,0.1,82,82,1.0,0.15073529411764705,1.5
transicao_pectra_2025,sensitivity,displacement,a_completa,IF,IF:a_completa,0.01,6,0,0.0,0.0,0.0
transicao_pectra_2025,sensitivity,displacement,a_completa,IF,IF:a_completa,0.05,29,6,0.20689655172413793,0.02112676056338028,0.41379310344827586
transicao_pectra_2025,sensitivity,displacement,a_completa,IF,IF:a_completa,0.1,57,19,0.3333333333333333,0.06690140845070422,0.6666666666666666
transicao_pectra_2025,strict,all,b_completa,AE,AE:b_completa,0.01,9,5,0.5555555555555556,0.008880994671403197,0.8427077165975924
transicao_pectra_2025,strict,all,b_completa,AE,AE:b_completa,0.05,43,32,0.7441860465116279,0.056838365896980464,1.1288363831632864
transicao_pectra_2025,strict,all,b_completa,AE,AE:b_completa,0.1,86,56,0.6511627906976745,0.0994671403197158,0.9877318352678757
transicao_pectra_2025,strict,insertion,b_completa,AE,AE:b_completa,0.01,9,5,0.5555555555555556,0.009191176470588236,0.8333333333333334
transicao_pectra_2025,strict,insertion,b_completa,AE,AE:b_completa,0.05,41,31,0.7560975609756098,0.05698529411764706,1.1341463414634148
transicao_pectra_2025,strict,insertion,b_completa,AE,AE:b_completa,0.1,82,54,0.6585365853658537,0.09926470588235294,0.9878048780487806
transicao_pectra_2025,strict,displacement,b_completa,AE,AE:b_completa,0.01,1,1,1.0,0.05263157894736842,2.0
transicao_pectra_2025,strict,displacement,b_completa,AE,AE:b_completa,0.05,2,1,0.5,0.05263157894736842,1.0
transicao_pectra_2025,strict,displacement,b_completa,AE,AE:b_completa,0.1,4,2,0.5,0.10526315789473684,1.0
transicao_pectra_2025,sensitivity,all,b_completa,AE,AE:b_completa,0.01,14,10,0.7142857142857143,0.012077294685990338,1.193926846100759
transicao_pectra_2025,sensitivity,all,b_completa,AE,AE:b_completa,0.05,70,48,0.6857142857142857,0.057971014492753624,1.1461697722567288
transicao_pectra_2025,sensitivity,all,b_completa,AE,AE:b_completa,0.1,139,88,0.6330935251798561,0.10628019323671498,1.058214298126716
transicao_pectra_2025,sensitivity,insertion,b_completa,AE,AE:b_completa,0.01,9,5,0.5555555555555556,0.009191176470588236,0.8333333333333334
transicao_pectra_2025,sensitivity,insertion,b_completa,AE,AE:b_completa,0.05,41,31,0.7560975609756098,0.05698529411764706,1.1341463414634148
transicao_pectra_2025,sensitivity,insertion,b_completa,AE,AE:b_completa,0.1,82,54,0.6585365853658537,0.09926470588235294,0.9878048780487806
transicao_pectra_2025,sensitivity,displacement,b_completa,AE,AE:b_completa,0.01,6,4,0.6666666666666666,0.014084507042253521,1.3333333333333333
transicao_pectra_2025,sensitivity,displacement,b_completa,AE,AE:b_completa,0.05,29,18,0.6206896551724138,0.06338028169014084,1.2413793103448276
transicao_pectra_2025,sensitivity,displacement,b_completa,AE,AE:b_completa,0.1,57,31,0.543859649122807,0.10915492957746478,1.087719298245614
transicao_pectra_2025,strict,all,b_completa,IF,IF:b_completa,0.01,9,6,0.6666666666666666,0.010657193605683837,1.0112492599171108
transicao_pectra_2025,strict,all,b_completa,IF,IF:b_completa,0.05,43,36,0.8372093023255814,0.06394316163410302,1.2699409310586973
transicao_pectra_2025,strict,all,b_completa,IF,IF:b_completa,0.1,86,76,0.8837209302325582,0.1349911190053286,1.3404932050064027
transicao_pectra_2025,strict,insertion,b_completa,IF,IF:b_completa,0.01,9,9,1.0,0.016544117647058824,1.5
transicao_pectra_2025,strict,insertion,b_completa,IF,IF:b_completa,0.05,41,41,1.0,0.07536764705882353,1.5
transicao_pectra_2025,strict,insertion,b_completa,IF,IF:b_completa,0.1,82,81,0.9878048780487805,0.1488970588235294,1.4817073170731707
transicao_pectra_2025,strict,displacement,b_completa,IF,IF:b_completa,0.01,1,0,0.0,0.0,0.0
transicao_pectra_2025,strict,displacement,b_completa,IF,IF:b_completa,0.05,2,0,0.0,0.0,0.0
transicao_pectra_2025,strict,displacement,b_completa,IF,IF:b_completa,0.1,4,0,0.0,0.0,0.0
transicao_pectra_2025,sensitivity,all,b_completa,IF,IF:b_completa,0.01,14,11,0.7857142857142857,0.013285024154589372,1.313319530710835
transicao_pectra_2025,sensitivity,all,b_completa,IF,IF:b_completa,0.05,70,62,0.8857142857142857,0.0748792270531401,1.4804692891649414
transicao_pectra_2025,sensitivity,all,b_completa,IF,IF:b_completa,0.1,139,126,0.9064748201438849,0.15217391304347827,1.515170472317798
transicao_pectra_2025,sensitivity,insertion,b_completa,IF,IF:b_completa,0.01,9,9,1.0,0.016544117647058824,1.5
transicao_pectra_2025,sensitivity,insertion,b_completa,IF,IF:b_completa,0.05,41,41,1.0,0.07536764705882353,1.5
transicao_pectra_2025,sensitivity,insertion,b_completa,IF,IF:b_completa,0.1,82,81,0.9878048780487805,0.1488970588235294,1.4817073170731707
transicao_pectra_2025,sensitivity,displacement,b_completa,IF,IF:b_completa,0.01,6,0,0.0,0.0,0.0
transicao_pectra_2025,sensitivity,displacement,b_completa,IF,IF:b_completa,0.05,29,3,0.10344827586206896,0.01056338028169014,0.20689655172413793
transicao_pectra_2025,sensitivity,displacement,b_completa,IF,IF:b_completa,0.1,57,15,0.2631578947368421,0.0528169014084507,0.5263157894736842
transicao_pectra_2025,strict,all,c_completa,AE,AE:c_completa,0.01,9,6,0.6666666666666666,0.010657193605683837,1.0112492599171108
transicao_pectra_2025,strict,all,c_completa,AE,AE:c_completa,0.05,43,25,0.5813953488372093,0.04440497335701599,0.8819034243463176
transicao_pectra_2025,strict,all,c_completa,AE,AE:c_completa,0.1,86,53,0.6162790697674418,0.0941385435168739,0.9348176298070966
transicao_pectra_2025,strict,insertion,c_completa,AE,AE:c_completa,0.01,9,6,0.6666666666666666,0.011029411764705883,1.0
transicao_pectra_2025,strict,insertion,c_completa,AE,AE:c_completa,0.05,41,26,0.6341463414634146,0.04779411764705882,0.951219512195122
transicao_pectra_2025,strict,insertion,c_completa,AE,AE:c_completa,0.1,82,52,0.6341463414634146,0.09558823529411764,0.951219512195122
transicao_pectra_2025,strict,displacement,c_completa,AE,AE:c_completa,0.01,1,0,0.0,0.0,0.0
transicao_pectra_2025,strict,displacement,c_completa,AE,AE:c_completa,0.05,2,0,0.0,0.0,0.0
transicao_pectra_2025,strict,displacement,c_completa,AE,AE:c_completa,0.1,4,1,0.25,0.05263157894736842,0.5
transicao_pectra_2025,sensitivity,all,c_completa,AE,AE:c_completa,0.01,14,7,0.5,0.008454106280193236,0.8357487922705313
transicao_pectra_2025,sensitivity,all,c_completa,AE,AE:c_completa,0.05,70,43,0.6142857142857143,0.051932367149758456,1.0267770876466529
transicao_pectra_2025,sensitivity,all,c_completa,AE,AE:c_completa,0.1,139,78,0.5611510791366906,0.09420289855072464,0.9379626733395892
transicao_pectra_2025,sensitivity,insertion,c_completa,AE,AE:c_completa,0.01,9,6,0.6666666666666666,0.011029411764705883,1.0
transicao_pectra_2025,sensitivity,insertion,c_completa,AE,AE:c_completa,0.05,41,26,0.6341463414634146,0.04779411764705882,0.951219512195122
transicao_pectra_2025,sensitivity,insertion,c_completa,AE,AE:c_completa,0.1,82,52,0.6341463414634146,0.09558823529411764,0.951219512195122
transicao_pectra_2025,sensitivity,displacement,c_completa,AE,AE:c_completa,0.01,6,3,0.5,0.01056338028169014,1.0
transicao_pectra_2025,sensitivity,displacement,c_completa,AE,AE:c_completa,0.05,29,13,0.4482758620689655,0.045774647887323945,0.896551724137931
transicao_pectra_2025,sensitivity,displacement,c_completa,AE,AE:c_completa,0.1,57,26,0.45614035087719296,0.09154929577464789,0.9122807017543859
transicao_pectra_2025,strict,all,c_completa,IF,IF:c_completa,0.01,9,7,0.7777777777777778,0.012433392539964476,1.1797908032366293
transicao_pectra_2025,strict,all,c_completa,IF,IF:c_completa,0.05,43,37,0.8604651162790697,0.06571936056838366,1.3052170680325499
transicao_pectra_2025,strict,all,c_completa,IF,IF:c_completa,0.1,86,76,0.8837209302325582,0.1349911190053286,1.3404932050064027
transicao_pectra_2025,strict,insertion,c_completa,IF,IF:c_completa,0.01,9,9,1.0,0.016544117647058824,1.5
transicao_pectra_2025,strict,insertion,c_completa,IF,IF:c_completa,0.05,41,41,1.0,0.07536764705882353,1.5
transicao_pectra_2025,strict,insertion,c_completa,IF,IF:c_completa,0.1,82,79,0.9634146341463414,0.14522058823529413,1.4451219512195121
transicao_pectra_2025,strict,displacement,c_completa,IF,IF:c_completa,0.01,1,0,0.0,0.0,0.0
transicao_pectra_2025,strict,displacement,c_completa,IF,IF:c_completa,0.05,2,0,0.0,0.0,0.0
transicao_pectra_2025,strict,displacement,c_completa,IF,IF:c_completa,0.1,4,0,0.0,0.0,0.0
transicao_pectra_2025,sensitivity,all,c_completa,IF,IF:c_completa,0.01,14,11,0.7857142857142857,0.013285024154589372,1.313319530710835
transicao_pectra_2025,sensitivity,all,c_completa,IF,IF:c_completa,0.05,70,63,0.9,0.07608695652173914,1.5043478260869565
transicao_pectra_2025,sensitivity,all,c_completa,IF,IF:c_completa,0.1,139,125,0.8992805755395683,0.15096618357487923,1.5031453098390852
transicao_pectra_2025,sensitivity,insertion,c_completa,IF,IF:c_completa,0.01,9,9,1.0,0.016544117647058824,1.5
transicao_pectra_2025,sensitivity,insertion,c_completa,IF,IF:c_completa,0.05,41,41,1.0,0.07536764705882353,1.5
transicao_pectra_2025,sensitivity,insertion,c_completa,IF,IF:c_completa,0.1,82,79,0.9634146341463414,0.14522058823529413,1.4451219512195121
transicao_pectra_2025,sensitivity,displacement,c_completa,IF,IF:c_completa,0.01,6,0,0.0,0.0,0.0
transicao_pectra_2025,sensitivity,displacement,c_completa,IF,IF:c_completa,0.05,29,9,0.3103448275862069,0.03169014084507042,0.6206896551724138
transicao_pectra_2025,sensitivity,displacement,c_completa,IF,IF:c_completa,0.1,57,22,0.38596491228070173,0.07746478873239436,0.7719298245614035
transicao_pectra_2025,strict,all,b_sem_taxas_absolutas,AE,AE:b_sem_taxas_absolutas,0.01,9,8,0.8888888888888888,0.014209591474245116,1.3483323465561476
transicao_pectra_2025,strict,all,b_sem_taxas_absolutas,AE,AE:b_sem_taxas_absolutas,0.05,43,36,0.8372093023255814,0.06394316163410302,1.2699409310586973
transicao_pectra_2025,strict,all,b_sem_taxas_absolutas,AE,AE:b_sem_taxas_absolutas,0.1,86,76,0.8837209302325582,0.1349911190053286,1.3404932050064027
transicao_pectra_2025,strict,insertion,b_sem_taxas_absolutas,AE,AE:b_sem_taxas_absolutas,0.01,9,8,0.8888888888888888,0.014705882352941176,1.3333333333333333
transicao_pectra_2025,strict,insertion,b_sem_taxas_absolutas,AE,AE:b_sem_taxas_absolutas,0.05,41,34,0.8292682926829268,0.0625,1.2439024390243902
transicao_pectra_2025,strict,insertion,b_sem_taxas_absolutas,AE,AE:b_sem_taxas_absolutas,0.1,82,74,0.9024390243902439,0.13602941176470587,1.353658536585366
transicao_pectra_2025,strict,displacement,b_sem_taxas_absolutas,AE,AE:b_sem_taxas_absolutas,0.01,1,0,0.0,0.0,0.0
transicao_pectra_2025,strict,displacement,b_sem_taxas_absolutas,AE,AE:b_sem_taxas_absolutas,0.05,2,0,0.0,0.0,0.0
transicao_pectra_2025,strict,displacement,b_sem_taxas_absolutas,AE,AE:b_sem_taxas_absolutas,0.1,4,0,0.0,0.0,0.0
transicao_pectra_2025,sensitivity,all,b_sem_taxas_absolutas,AE,AE:b_sem_taxas_absolutas,0.01,14,12,0.8571428571428571,0.014492753623188406,1.4327122153209109
transicao_pectra_2025,sensitivity,all,b_sem_taxas_absolutas,AE,AE:b_sem_taxas_absolutas,0.05,70,59,0.8428571428571429,0.07125603864734299,1.4088336783988957
transicao_pectra_2025,sensitivity,all,b_sem_taxas_absolutas,AE,AE:b_sem_taxas_absolutas,0.1,139,115,0.8273381294964028,0.1388888888888889,1.3828936850519584
transicao_pectra_2025,sensitivity,insertion,b_sem_taxas_absolutas,AE,AE:b_sem_taxas_absolutas,0.01,9,8,0.8888888888888888,0.014705882352941176,1.3333333333333333
transicao_pectra_2025,sensitivity,insertion,b_sem_taxas_absolutas,AE,AE:b_sem_taxas_absolutas,0.05,41,34,0.8292682926829268,0.0625,1.2439024390243902
transicao_pectra_2025,sensitivity,insertion,b_sem_taxas_absolutas,AE,AE:b_sem_taxas_absolutas,0.1,82,74,0.9024390243902439,0.13602941176470587,1.353658536585366
transicao_pectra_2025,sensitivity,displacement,b_sem_taxas_absolutas,AE,AE:b_sem_taxas_absolutas,0.01,6,4,0.6666666666666666,0.014084507042253521,1.3333333333333333
transicao_pectra_2025,sensitivity,displacement,b_sem_taxas_absolutas,AE,AE:b_sem_taxas_absolutas,0.05,29,13,0.4482758620689655,0.045774647887323945,0.896551724137931
transicao_pectra_2025,sensitivity,displacement,b_sem_taxas_absolutas,AE,AE:b_sem_taxas_absolutas,0.1,57,26,0.45614035087719296,0.09154929577464789,0.9122807017543859
transicao_pectra_2025,strict,all,b_sem_taxas_absolutas,IF,IF:b_sem_taxas_absolutas,0.01,9,7,0.7777777777777778,0.012433392539964476,1.1797908032366293
transicao_pectra_2025,strict,all,b_sem_taxas_absolutas,IF,IF:b_sem_taxas_absolutas,0.05,43,25,0.5813953488372093,0.04440497335701599,0.8819034243463176
transicao_pectra_2025,strict,all,b_sem_taxas_absolutas,IF,IF:b_sem_taxas_absolutas,0.1,86,61,0.7093023255813954,0.108348134991119,1.0759221777025074
transicao_pectra_2025,strict,insertion,b_sem_taxas_absolutas,IF,IF:b_sem_taxas_absolutas,0.01,9,9,1.0,0.016544117647058824,1.5
transicao_pectra_2025,strict,insertion,b_sem_taxas_absolutas,IF,IF:b_sem_taxas_absolutas,0.05,41,37,0.9024390243902439,0.06801470588235294,1.353658536585366
transicao_pectra_2025,strict,insertion,b_sem_taxas_absolutas,IF,IF:b_sem_taxas_absolutas,0.1,82,75,0.9146341463414634,0.13786764705882354,1.3719512195121952
transicao_pectra_2025,strict,displacement,b_sem_taxas_absolutas,IF,IF:b_sem_taxas_absolutas,0.01,1,0,0.0,0.0,0.0
transicao_pectra_2025,strict,displacement,b_sem_taxas_absolutas,IF,IF:b_sem_taxas_absolutas,0.05,2,0,0.0,0.0,0.0
transicao_pectra_2025,strict,displacement,b_sem_taxas_absolutas,IF,IF:b_sem_taxas_absolutas,0.1,4,0,0.0,0.0,0.0
transicao_pectra_2025,sensitivity,all,b_sem_taxas_absolutas,IF,IF:b_sem_taxas_absolutas,0.01,14,7,0.5,0.008454106280193236,0.8357487922705313
transicao_pectra_2025,sensitivity,all,b_sem_taxas_absolutas,IF,IF:b_sem_taxas_absolutas,0.05,70,47,0.6714285714285714,0.05676328502415459,1.1222912353347134
transicao_pectra_2025,sensitivity,all,b_sem_taxas_absolutas,IF,IF:b_sem_taxas_absolutas,0.1,139,96,0.6906474820143885,0.11594202898550725,1.1544155979564175
transicao_pectra_2025,sensitivity,insertion,b_sem_taxas_absolutas,IF,IF:b_sem_taxas_absolutas,0.01,9,9,1.0,0.016544117647058824,1.5
transicao_pectra_2025,sensitivity,insertion,b_sem_taxas_absolutas,IF,IF:b_sem_taxas_absolutas,0.05,41,37,0.9024390243902439,0.06801470588235294,1.353658536585366
transicao_pectra_2025,sensitivity,insertion,b_sem_taxas_absolutas,IF,IF:b_sem_taxas_absolutas,0.1,82,75,0.9146341463414634,0.13786764705882354,1.3719512195121952
transicao_pectra_2025,sensitivity,displacement,b_sem_taxas_absolutas,IF,IF:b_sem_taxas_absolutas,0.01,6,0,0.0,0.0,0.0
transicao_pectra_2025,sensitivity,displacement,b_sem_taxas_absolutas,IF,IF:b_sem_taxas_absolutas,0.05,29,5,0.1724137931034483,0.017605633802816902,0.3448275862068966
transicao_pectra_2025,sensitivity,displacement,b_sem_taxas_absolutas,IF,IF:b_sem_taxas_absolutas,0.1,57,16,0.2807017543859649,0.056338028169014086,0.5614035087719298
transicao_pectra_2025,strict,all,c_sem_taxas_absolutas,AE,AE:c_sem_taxas_absolutas,0.01,9,7,0.7777777777777778,0.012433392539964476,1.1797908032366293
transicao_pectra_2025,strict,all,c_sem_taxas_absolutas,AE,AE:c_sem_taxas_absolutas,0.05,43,32,0.7441860465116279,0.056838365896980464,1.1288363831632864
transicao_pectra_2025,strict,all,c_sem_taxas_absolutas,AE,AE:c_sem_taxas_absolutas,0.1,86,63,0.7325581395348837,0.11190053285968028,1.11119831467636
transicao_pectra_2025,strict,insertion,c_sem_taxas_absolutas,AE,AE:c_sem_taxas_absolutas,0.01,9,7,0.7777777777777778,0.012867647058823529,1.1666666666666667
transicao_pectra_2025,strict,insertion,c_sem_taxas_absolutas,AE,AE:c_sem_taxas_absolutas,0.05,41,34,0.8292682926829268,0.0625,1.2439024390243902
transicao_pectra_2025,strict,insertion,c_sem_taxas_absolutas,AE,AE:c_sem_taxas_absolutas,0.1,82,65,0.7926829268292683,0.11948529411764706,1.1890243902439026
transicao_pectra_2025,strict,displacement,c_sem_taxas_absolutas,AE,AE:c_sem_taxas_absolutas,0.01,1,0,0.0,0.0,0.0
transicao_pectra_2025,strict,displacement,c_sem_taxas_absolutas,AE,AE:c_sem_taxas_absolutas,0.05,2,0,0.0,0.0,0.0
transicao_pectra_2025,strict,displacement,c_sem_taxas_absolutas,AE,AE:c_sem_taxas_absolutas,0.1,4,1,0.25,0.05263157894736842,0.5
transicao_pectra_2025,sensitivity,all,c_sem_taxas_absolutas,AE,AE:c_sem_taxas_absolutas,0.01,14,11,0.7857142857142857,0.013285024154589372,1.313319530710835
transicao_pectra_2025,sensitivity,all,c_sem_taxas_absolutas,AE,AE:c_sem_taxas_absolutas,0.05,70,52,0.7428571428571429,0.06280193236714976,1.2416839199447895
transicao_pectra_2025,sensitivity,all,c_sem_taxas_absolutas,AE,AE:c_sem_taxas_absolutas,0.1,139,98,0.7050359712230215,0.11835748792270531,1.1784659229138428
transicao_pectra_2025,sensitivity,insertion,c_sem_taxas_absolutas,AE,AE:c_sem_taxas_absolutas,0.01,9,7,0.7777777777777778,0.012867647058823529,1.1666666666666667
transicao_pectra_2025,sensitivity,insertion,c_sem_taxas_absolutas,AE,AE:c_sem_taxas_absolutas,0.05,41,34,0.8292682926829268,0.0625,1.2439024390243902
transicao_pectra_2025,sensitivity,insertion,c_sem_taxas_absolutas,AE,AE:c_sem_taxas_absolutas,0.1,82,65,0.7926829268292683,0.11948529411764706,1.1890243902439026
transicao_pectra_2025,sensitivity,displacement,c_sem_taxas_absolutas,AE,AE:c_sem_taxas_absolutas,0.01,6,2,0.3333333333333333,0.007042253521126761,0.6666666666666666
transicao_pectra_2025,sensitivity,displacement,c_sem_taxas_absolutas,AE,AE:c_sem_taxas_absolutas,0.05,29,14,0.4827586206896552,0.04929577464788732,0.9655172413793104
transicao_pectra_2025,sensitivity,displacement,c_sem_taxas_absolutas,AE,AE:c_sem_taxas_absolutas,0.1,57,27,0.47368421052631576,0.09507042253521127,0.9473684210526315
transicao_pectra_2025,strict,all,c_sem_taxas_absolutas,IF,IF:c_sem_taxas_absolutas,0.01,9,9,1.0,0.015985790408525755,1.5168738898756662
transicao_pectra_2025,strict,all,c_sem_taxas_absolutas,IF,IF:c_sem_taxas_absolutas,0.05,43,27,0.627906976744186,0.047957371225577264,0.952455698294023
transicao_pectra_2025,strict,all,c_sem_taxas_absolutas,IF,IF:c_sem_taxas_absolutas,0.1,86,64,0.7441860465116279,0.11367673179396093,1.1288363831632864
transicao_pectra_2025,strict,insertion,c_sem_taxas_absolutas,IF,IF:c_sem_taxas_absolutas,0.01,9,9,1.0,0.016544117647058824,1.5
transicao_pectra_2025,strict,insertion,c_sem_taxas_absolutas,IF,IF:c_sem_taxas_absolutas,0.05,41,37,0.9024390243902439,0.06801470588235294,1.353658536585366
transicao_pectra_2025,strict,insertion,c_sem_taxas_absolutas,IF,IF:c_sem_taxas_absolutas,0.1,82,75,0.9146341463414634,0.13786764705882354,1.3719512195121952
transicao_pectra_2025,strict,displacement,c_sem_taxas_absolutas,IF,IF:c_sem_taxas_absolutas,0.01,1,0,0.0,0.0,0.0
transicao_pectra_2025,strict,displacement,c_sem_taxas_absolutas,IF,IF:c_sem_taxas_absolutas,0.05,2,0,0.0,0.0,0.0
transicao_pectra_2025,strict,displacement,c_sem_taxas_absolutas,IF,IF:c_sem_taxas_absolutas,0.1,4,0,0.0,0.0,0.0
transicao_pectra_2025,sensitivity,all,c_sem_taxas_absolutas,IF,IF:c_sem_taxas_absolutas,0.01,14,10,0.7142857142857143,0.012077294685990338,1.193926846100759
transicao_pectra_2025,sensitivity,all,c_sem_taxas_absolutas,IF,IF:c_sem_taxas_absolutas,0.05,70,49,0.7,0.059178743961352656,1.170048309178744
transicao_pectra_2025,sensitivity,all,c_sem_taxas_absolutas,IF,IF:c_sem_taxas_absolutas,0.1,139,103,0.7410071942446043,0.12439613526570048,1.238591735307406
transicao_pectra_2025,sensitivity,insertion,c_sem_taxas_absolutas,IF,IF:c_sem_taxas_absolutas,0.01,9,9,1.0,0.016544117647058824,1.5
transicao_pectra_2025,sensitivity,insertion,c_sem_taxas_absolutas,IF,IF:c_sem_taxas_absolutas,0.05,41,37,0.9024390243902439,0.06801470588235294,1.353658536585366
transicao_pectra_2025,sensitivity,insertion,c_sem_taxas_absolutas,IF,IF:c_sem_taxas_absolutas,0.1,82,75,0.9146341463414634,0.13786764705882354,1.3719512195121952
transicao_pectra_2025,sensitivity,displacement,c_sem_taxas_absolutas,IF,IF:c_sem_taxas_absolutas,0.01,6,0,0.0,0.0,0.0
transicao_pectra_2025,sensitivity,displacement,c_sem_taxas_absolutas,IF,IF:c_sem_taxas_absolutas,0.05,29,4,0.13793103448275862,0.014084507042253521,0.27586206896551724
transicao_pectra_2025,sensitivity,displacement,c_sem_taxas_absolutas,IF,IF:c_sem_taxas_absolutas,0.1,57,18,0.3157894736842105,0.06338028169014084,0.631578947368421
teste_final_2025,strict,all,a_completa,AE,AE:a_completa,0.01,56,24,0.42857142857142855,0.006518196632265073,0.6482113758050748
teste_final_2025,strict,all,a_completa,AE,AE:a_completa,0.05,279,172,0.6164874551971327,0.046713742531233025,0.9324330901664399
teste_final_2025,strict,all,a_completa,AE,AE:a_completa,0.1,557,341,0.6122082585278277,0.09261271048343292,0.925960834258955
teste_final_2025,strict,insertion,a_completa,AE,AE:a_completa,0.01,54,24,0.4444444444444444,0.006685236768802228,0.6666666666666666
teste_final_2025,strict,insertion,a_completa,AE,AE:a_completa,0.05,270,188,0.6962962962962963,0.05236768802228412,1.0444444444444445
teste_final_2025,strict,insertion,a_completa,AE,AE:a_completa,0.1,539,398,0.738404452690167,0.11086350974930362,1.1076066790352506
teste_final_2025,strict,displacement,a_completa,AE,AE:a_completa,0.01,2,0,0.0,0.0,0.0
teste_final_2025,strict,displacement,a_completa,AE,AE:a_completa,0.05,10,2,0.2,0.021739130434782608,0.4
teste_final_2025,strict,displacement,a_completa,AE,AE:a_completa,0.1,19,2,0.10526315789473684,0.021739130434782608,0.21052631578947367
teste_final_2025,sensitivity,all,a_completa,AE,AE:a_completa,0.01,69,23,0.3333333333333333,0.005315461058470071,0.5283876434789306
teste_final_2025,sensitivity,all,a_completa,AE,AE:a_completa,0.05,343,138,0.40233236151603496,0.03189276635082043,0.6377623451903128
teste_final_2025,sensitivity,all,a_completa,AE,AE:a_completa,0.1,686,350,0.5102040816326531,0.08088745088976196,0.8087565971616286
teste_final_2025,sensitivity,insertion,a_completa,AE,AE:a_completa,0.01,54,24,0.4444444444444444,0.006685236768802228,0.6666666666666666
teste_final_2025,sensitivity,insertion,a_completa,AE,AE:a_completa,0.05,270,188,0.6962962962962963,0.05236768802228412,1.0444444444444445
teste_final_2025,sensitivity,insertion,a_completa,AE,AE:a_completa,0.1,539,398,0.738404452690167,0.11086350974930362,1.1076066790352506
teste_final_2025,sensitivity,displacement,a_completa,AE,AE:a_completa,0.01,15,6,0.4,0.008141112618724558,0.8
teste_final_2025,sensitivity,displacement,a_completa,AE,AE:a_completa,0.05,74,22,0.2972972972972973,0.029850746268656716,0.5945945945945946
teste_final_2025,sensitivity,displacement,a_completa,AE,AE:a_completa,0.1,148,49,0.3310810810810811,0.06648575305291723,0.6621621621621622
teste_final_2025,strict,all,a_completa,IF,IF:a_completa,0.01,56,36,0.6428571428571429,0.00977729494839761,0.9723170637076124
teste_final_2025,strict,all,a_completa,IF,IF:a_completa,0.05,279,234,0.8387096774193549,0.06355241716458447,1.2685426924357381
teste_final_2025,strict,all,a_completa,IF,IF:a_completa,0.1,557,494,0.8868940754039497,0.13416621401412276,1.341421267225583
teste_final_2025,strict,insertion,a_completa,IF,IF:a_completa,0.01,54,52,0.9629629629629629,0.014484679665738161,1.4444444444444444
teste_final_2025,strict,insertion,a_completa,IF,IF:a_completa,0.05,270,259,0.9592592592592593,0.07214484679665738,1.4388888888888889
teste_final_2025,strict,insertion,a_completa,IF,IF:a_completa,0.1,539,519,0.9628942486085343,0.1445682451253482,1.4443413729128016
teste_final_2025,strict,displacement,a_completa,IF,IF:a_completa,0.01,2,0,0.0,0.0,0.0
teste_final_2025,strict,displacement,a_completa,IF,IF:a_completa,0.05,10,0,0.0,0.0,0.0
teste_final_2025,strict,displacement,a_completa,IF,IF:a_completa,0.1,19,0,0.0,0.0,0.0
teste_final_2025,sensitivity,all,a_completa,IF,IF:a_completa,0.01,69,47,0.6811594202898551,0.01086202911948232,1.0797486627612933
teste_final_2025,sensitivity,all,a_completa,IF,IF:a_completa,0.05,343,288,0.8396501457725948,0.06655881673214699,1.330982285614566
teste_final_2025,sensitivity,all,a_completa,IF,IF:a_completa,0.1,686,612,0.892128279883382,0.14143748555581234,1.4141686784654763
teste_final_2025,sensitivity,insertion,a_completa,IF,IF:a_completa,0.01,54,52,0.9629629629629629,0.014484679665738161,1.4444444444444444
teste_final_2025,sensitivity,insertion,a_completa,IF,IF:a_completa,0.05,270,259,0.9592592592592593,0.07214484679665738,1.4388888888888889
teste_final_2025,sensitivity,insertion,a_completa,IF,IF:a_completa,0.1,539,519,0.9628942486085343,0.1445682451253482,1.4443413729128016
teste_final_2025,sensitivity,displacement,a_completa,IF,IF:a_completa,0.01,15,0,0.0,0.0,0.0
teste_final_2025,sensitivity,displacement,a_completa,IF,IF:a_completa,0.05,74,14,0.1891891891891892,0.018995929443690638,0.3783783783783784
teste_final_2025,sensitivity,displacement,a_completa,IF,IF:a_completa,0.1,148,38,0.25675675675675674,0.051560379918588875,0.5135135135135135
teste_final_2025,strict,all,b_completa,AE,AE:b_completa,0.01,56,37,0.6607142857142857,0.010048886474741989,0.9993258710328238
teste_final_2025,strict,all,b_completa,AE,AE:b_completa,0.05,279,196,0.7025089605734767,0.053231939163498096,1.0625400329803616
teste_final_2025,strict,all,b_completa,AE,AE:b_completa,0.1,557,362,0.6499102333931778,0.09831613253666485,0.9829848152543745
teste_final_2025,strict,insertion,b_completa,AE,AE:b_completa,0.01,54,36,0.6666666666666666,0.010027855153203343,1.0
teste_final_2025,strict,insertion,b_completa,AE,AE:b_completa,0.05,270,191,0.7074074074074074,0.0532033426183844,1.0611111111111111
teste_final_2025,strict,insertion,b_completa,AE,AE:b_completa,0.1,539,356,0.660482374768089,0.09916434540389972,0.9907235621521335
teste_final_2025,strict,displacement,b_completa,AE,AE:b_completa,0.01,2,1,0.5,0.010869565217391304,1.0
teste_final_2025,strict,displacement,b_completa,AE,AE:b_completa,0.05,10,3,0.3,0.03260869565217391,0.6
teste_final_2025,strict,displacement,b_completa,AE,AE:b_completa,0.1,19,5,0.2631578947368421,0.05434782608695652,0.5263157894736842
teste_final_2025,sensitivity,all,b_completa,AE,AE:b_completa,0.01,69,44,0.6376811594202898,0.010168708111855789,1.0108285353509978
teste_final_2025,sensitivity,all,b_completa,AE,AE:b_completa,0.05,343,230,0.6705539358600583,0.053154610584700716,1.0629372419838548
teste_final_2025,sensitivity,all,b_completa,AE,AE:b_completa,0.1,686,426,0.6209912536443148,0.09845158308296742,0.9843723154024394
teste_final_2025,sensitivity,insertion,b_completa,AE,AE:b_completa,0.01,54,36,0.6666666666666666,0.010027855153203343,1.0
teste_final_2025,sensitivity,insertion,b_completa,AE,AE:b_completa,0.05,270,191,0.7074074074074074,0.0532033426183844,1.0611111111111111
teste_final_2025,sensitivity,insertion,b_completa,AE,AE:b_completa,0.1,539,356,0.660482374768089,0.09916434540389972,0.9907235621521335
teste_final_2025,sensitivity,displacement,b_completa,AE,AE:b_completa,0.01,15,7,0.4666666666666667,0.009497964721845319,0.9333333333333333
teste_final_2025,sensitivity,displacement,b_completa,AE,AE:b_completa,0.05,74,35,0.47297297297297297,0.04748982360922659,0.9459459459459459
teste_final_2025,sensitivity,displacement,b_completa,AE,AE:b_completa,0.1,148,66,0.44594594594594594,0.08955223880597014,0.8918918918918919
teste_final_2025,strict,all,b_completa,IF,IF:b_completa,0.01,56,38,0.6785714285714286,0.010320478001086366,1.0263346783580354
teste_final_2025,strict,all,b_completa,IF,IF:b_completa,0.05,279,244,0.8745519713261649,0.06626833242802825,1.3227539186082056
teste_final_2025,strict,all,b_completa,IF,IF:b_completa,0.1,557,511,0.9174147217235189,0.13878326996197718,1.3875835375552084
teste_final_2025,strict,insertion,b_completa,IF,IF:b_completa,0.01,54,54,1.0,0.015041782729805013,1.5
teste_final_2025,strict,insertion,b_completa,IF,IF:b_completa,0.05,270,269,0.9962962962962963,0.07493036211699164,1.4944444444444447
teste_final_2025,strict,insertion,b_completa,IF,IF:b_completa,0.1,539,537,0.9962894248608535,0.14958217270194987,1.4944341372912804
teste_final_2025,strict,displacement,b_completa,IF,IF:b_completa,0.01,2,0,0.0,0.0,0.0
teste_final_2025,strict,displacement,b_completa,IF,IF:b_completa,0.05,10,0,0.0,0.0,0.0
teste_final_2025,strict,displacement,b_completa,IF,IF:b_completa,0.1,19,1,0.05263157894736842,0.010869565217391304,0.10526315789473684
teste_final_2025,sensitivity,all,b_completa,IF,IF:b_completa,0.01,69,48,0.6956521739130435,0.011093136122024498,1.102722038564725
teste_final_2025,sensitivity,all,b_completa,IF,IF:b_completa,0.05,343,305,0.8892128279883382,0.07048763577536399,1.4095472121959813
teste_final_2025,sensitivity,all,b_completa,IF,IF:b_completa,0.1,686,636,0.9271137026239067,0.1469840536168246,1.4696262736994166
teste_final_2025,sensitivity,insertion,b_completa,IF,IF:b_completa,0.01,54,54,1.0,0.015041782729805013,1.5
teste_final_2025,sensitivity,insertion,b_completa,IF,IF:b_completa,0.05,270,269,0.9962962962962963,0.07493036211699164,1.4944444444444447
teste_final_2025,sensitivity,insertion,b_completa,IF,IF:b_completa,0.1,539,537,0.9962894248608535,0.14958217270194987,1.4944341372912804
teste_final_2025,sensitivity,displacement,b_completa,IF,IF:b_completa,0.01,15,0,0.0,0.0,0.0
teste_final_2025,sensitivity,displacement,b_completa,IF,IF:b_completa,0.05,74,10,0.13513513513513514,0.013568521031207599,0.2702702702702703
teste_final_2025,sensitivity,displacement,b_completa,IF,IF:b_completa,0.1,148,37,0.25,0.050203527815468114,0.5
teste_final_2025,strict,all,c_completa,AE,AE:c_completa,0.01,56,37,0.6607142857142857,0.010048886474741989,0.9993258710328238
teste_final_2025,strict,all,c_completa,AE,AE:c_completa,0.05,279,202,0.7240143369175627,0.054861488321564365,1.095066768683842
teste_final_2025,strict,all,c_completa,AE,AE:c_completa,0.1,557,392,0.703770197486535,0.10646387832699619,1.064447645247831
teste_final_2025,strict,insertion,c_completa,AE,AE:c_completa,0.01,54,36,0.6666666666666666,0.010027855153203343,1.0
teste_final_2025,strict,insertion,c_completa,AE,AE:c_completa,0.05,270,201,0.7444444444444445,0.05598885793871866,1.1166666666666667
teste_final_2025,strict,insertion,c_completa,AE,AE:c_completa,0.1,539,389,0.7217068645640075,0.10835654596100279,1.0825602968460113
teste_final_2025,strict,displacement,c_completa,AE,AE:c_completa,0.01,2,0,0.0,0.0,0.0
teste_final_2025,strict,displacement,c_completa,AE,AE:c_completa,0.05,10,1,0.1,0.010869565217391304,0.2
teste_final_2025,strict,displacement,c_completa,AE,AE:c_completa,0.1,19,8,0.42105263157894735,0.08695652173913043,0.8421052631578947
teste_final_2025,sensitivity,all,c_completa,AE,AE:c_completa,0.01,69,43,0.6231884057971014,0.009937601109313613,0.9878551595475661
teste_final_2025,sensitivity,all,c_completa,AE,AE:c_completa,0.05,343,228,0.6647230320699709,0.052692396579616364,1.0536943094448648
teste_final_2025,sensitivity,all,c_completa,AE,AE:c_completa,0.1,686,449,0.6545189504373178,0.10376704414143749,1.0375191775016321
teste_final_2025,sensitivity,insertion,c_completa,AE,AE:c_completa,0.01,54,36,0.6666666666666666,0.010027855153203343,1.0
teste_final_2025,sensitivity,insertion,c_completa,AE,AE:c_completa,0.05,270,201,0.7444444444444445,0.05598885793871866,1.1166666666666667
teste_final_2025,sensitivity,insertion,c_completa,AE,AE:c_completa,0.1,539,389,0.7217068645640075,0.10835654596100279,1.0825602968460113
teste_final_2025,sensitivity,displacement,c_completa,AE,AE:c_completa,0.01,15,7,0.4666666666666667,0.009497964721845319,0.9333333333333333
teste_final_2025,sensitivity,displacement,c_completa,AE,AE:c_completa,0.05,74,33,0.44594594594594594,0.04477611940298507,0.8918918918918919
teste_final_2025,sensitivity,displacement,c_completa,AE,AE:c_completa,0.1,148,69,0.46621621621621623,0.09362279511533243,0.9324324324324325
teste_final_2025,strict,all,c_completa,IF,IF:c_completa,0.01,56,40,0.7142857142857143,0.010863661053775122,1.0803522930084581
teste_final_2025,strict,all,c_completa,IF,IF:c_completa,0.05,279,250,0.8960573476702509,0.06789788158609451,1.355280654311686
teste_final_2025,strict,all,c_completa,IF,IF:c_completa,0.1,557,504,0.9048473967684022,0.13688212927756654,1.3685755438900684
teste_final_2025,strict,insertion,c_completa,IF,IF:c_completa,0.01,54,52,0.9629629629629629,0.014484679665738161,1.4444444444444444
teste_final_2025,strict,insertion,c_completa,IF,IF:c_completa,0.05,270,264,0.9777777777777777,0.07353760445682452,1.4666666666666668
teste_final_2025,strict,insertion,c_completa,IF,IF:c_completa,0.1,539,522,0.9684601113172542,0.14540389972144846,1.4526901669758814
teste_final_2025,strict,displacement,c_completa,IF,IF:c_completa,0.01,2,0,0.0,0.0,0.0
teste_final_2025,strict,displacement,c_completa,IF,IF:c_completa,0.05,10,0,0.0,0.0,0.0
teste_final_2025,strict,displacement,c_completa,IF,IF:c_completa,0.1,19,1,0.05263157894736842,0.010869565217391304,0.10526315789473684
teste_final_2025,sensitivity,all,c_completa,IF,IF:c_completa,0.01,69,51,0.7391304347826086,0.011786457129651028,1.1716421659750202
teste_final_2025,sensitivity,all,c_completa,IF,IF:c_completa,0.05,343,306,0.892128279883382,0.07071874277790617,1.4141686784654763
teste_final_2025,sensitivity,all,c_completa,IF,IF:c_completa,0.1,686,621,0.9052478134110787,0.14351744857869195,1.434965276678204
teste_final_2025,sensitivity,insertion,c_completa,IF,IF:c_completa,0.01,54,52,0.9629629629629629,0.014484679665738161,1.4444444444444444
teste_final_2025,sensitivity,insertion,c_completa,IF,IF:c_completa,0.05,270,264,0.9777777777777777,0.07353760445682452,1.4666666666666668
teste_final_2025,sensitivity,insertion,c_completa,IF,IF:c_completa,0.1,539,522,0.9684601113172542,0.14540389972144846,1.4526901669758814
teste_final_2025,sensitivity,displacement,c_completa,IF,IF:c_completa,0.01,15,1,0.06666666666666667,0.0013568521031207597,0.13333333333333333
teste_final_2025,sensitivity,displacement,c_completa,IF,IF:c_completa,0.05,74,17,0.22972972972972974,0.023066485753052916,0.4594594594594595
teste_final_2025,sensitivity,displacement,c_completa,IF,IF:c_completa,0.1,148,46,0.3108108108108108,0.06241519674355495,0.6216216216216216
teste_final_2025,strict,all,b_sem_taxas_absolutas,AE,AE:b_sem_taxas_absolutas,0.01,56,46,0.8214285714285714,0.012493210211841391,1.2424051369597269
teste_final_2025,strict,all,b_sem_taxas_absolutas,AE,AE:b_sem_taxas_absolutas,0.05,279,244,0.8745519713261649,0.06626833242802825,1.3227539186082056
teste_final_2025,strict,all,b_sem_taxas_absolutas,AE,AE:b_sem_taxas_absolutas,0.1,557,498,0.8940754039497307,0.13525258011950028,1.3522829778913772
teste_final_2025,strict,insertion,b_sem_taxas_absolutas,AE,AE:b_sem_taxas_absolutas,0.01,54,44,0.8148148148148148,0.012256267409470752,1.2222222222222223
teste_final_2025,strict,insertion,b_sem_taxas_absolutas,AE,AE:b_sem_taxas_absolutas,0.05,270,238,0.8814814814814815,0.06629526462395544,1.3222222222222224
teste_final_2025,strict,insertion,b_sem_taxas_absolutas,AE,AE:b_sem_taxas_absolutas,0.1,539,490,0.9090909090909091,0.13649025069637882,1.3636363636363638
teste_final_2025,strict,displacement,b_sem_taxas_absolutas,AE,AE:b_sem_taxas_absolutas,0.01,2,0,0.0,0.0,0.0
teste_final_2025,strict,displacement,b_sem_taxas_absolutas,AE,AE:b_sem_taxas_absolutas,0.05,10,2,0.2,0.021739130434782608,0.4
teste_final_2025,strict,displacement,b_sem_taxas_absolutas,AE,AE:b_sem_taxas_absolutas,0.1,19,7,0.3684210526315789,0.07608695652173914,0.7368421052631579
teste_final_2025,sensitivity,all,b_sem_taxas_absolutas,AE,AE:b_sem_taxas_absolutas,0.01,69,55,0.7971014492753623,0.012710885139819737,1.2635356691887474
teste_final_2025,sensitivity,all,b_sem_taxas_absolutas,AE,AE:b_sem_taxas_absolutas,0.05,343,293,0.8542274052478134,0.06771435174485788,1.354089616962041
teste_final_2025,sensitivity,all,b_sem_taxas_absolutas,AE,AE:b_sem_taxas_absolutas,0.1,686,592,0.8629737609329446,0.1368153455049688,1.367954015770526
teste_final_2025,sensitivity,insertion,b_sem_taxas_absolutas,AE,AE:b_sem_taxas_absolutas,0.01,54,44,0.8148148148148148,0.012256267409470752,1.2222222222222223
teste_final_2025,sensitivity,insertion,b_sem_taxas_absolutas,AE,AE:b_sem_taxas_absolutas,0.05,270,238,0.8814814814814815,0.06629526462395544,1.3222222222222224
teste_final_2025,sensitivity,insertion,b_sem_taxas_absolutas,AE,AE:b_sem_taxas_absolutas,0.1,539,490,0.9090909090909091,0.13649025069637882,1.3636363636363638
teste_final_2025,sensitivity,displacement,b_sem_taxas_absolutas,AE,AE:b_sem_taxas_absolutas,0.01,15,8,0.5333333333333333,0.010854816824966078,1.0666666666666667
teste_final_2025,sensitivity,displacement,b_sem_taxas_absolutas,AE,AE:b_sem_taxas_absolutas,0.05,74,36,0.4864864864864865,0.048846675712347354,0.972972972972973
teste_final_2025,sensitivity,displacement,b_sem_taxas_absolutas,AE,AE:b_sem_taxas_absolutas,0.1,148,69,0.46621621621621623,0.09362279511533243,0.9324324324324325
teste_final_2025,strict,all,b_sem_taxas_absolutas,IF,IF:b_sem_taxas_absolutas,0.01,56,43,0.7678571428571429,0.011678435632808256,1.1613787149840926
teste_final_2025,strict,all,b_sem_taxas_absolutas,IF,IF:b_sem_taxas_absolutas,0.05,279,213,0.7634408602150538,0.057848995111352525,1.1546991174735564
teste_final_2025,strict,all,b_sem_taxas_absolutas,IF,IF:b_sem_taxas_absolutas,0.1,557,451,0.8096947935368043,0.1224877783813145,1.2246578775682953
teste_final_2025,strict,insertion,b_sem_taxas_absolutas,IF,IF:b_sem_taxas_absolutas,0.01,54,53,0.9814814814814815,0.014763231197771587,1.4722222222222223
teste_final_2025,strict,insertion,b_sem_taxas_absolutas,IF,IF:b_sem_taxas_absolutas,0.05,270,256,0.9481481481481482,0.0713091922005571,1.4222222222222223
teste_final_2025,strict,insertion,b_sem_taxas_absolutas,IF,IF:b_sem_taxas_absolutas,0.1,539,514,0.9536178107606679,0.14317548746518105,1.4304267161410018
teste_final_2025,strict,displacement,b_sem_taxas_absolutas,IF,IF:b_sem_taxas_absolutas,0.01,2,0,0.0,0.0,0.0
teste_final_2025,strict,displacement,b_sem_taxas_absolutas,IF,IF:b_sem_taxas_absolutas,0.05,10,0,0.0,0.0,0.0
teste_final_2025,strict,displacement,b_sem_taxas_absolutas,IF,IF:b_sem_taxas_absolutas,0.1,19,0,0.0,0.0,0.0
teste_final_2025,sensitivity,all,b_sem_taxas_absolutas,IF,IF:b_sem_taxas_absolutas,0.01,69,52,0.7536231884057971,0.012017564132193206,1.194615541778452
teste_final_2025,sensitivity,all,b_sem_taxas_absolutas,IF,IF:b_sem_taxas_absolutas,0.05,343,259,0.7551020408163265,0.05985671365842385,1.1969597637992102
teste_final_2025,sensitivity,all,b_sem_taxas_absolutas,IF,IF:b_sem_taxas_absolutas,0.1,686,542,0.7900874635568513,0.12525999537785995,1.2524173590331507
teste_final_2025,sensitivity,insertion,b_sem_taxas_absolutas,IF,IF:b_sem_taxas_absolutas,0.01,54,53,0.9814814814814815,0.014763231197771587,1.4722222222222223
teste_final_2025,sensitivity,insertion,b_sem_taxas_absolutas,IF,IF:b_sem_taxas_absolutas,0.05,270,256,0.9481481481481482,0.0713091922005571,1.4222222222222223
teste_final_2025,sensitivity,insertion,b_sem_taxas_absolutas,IF,IF:b_sem_taxas_absolutas,0.1,539,514,0.9536178107606679,0.14317548746518105,1.4304267161410018
teste_final_2025,sensitivity,displacement,b_sem_taxas_absolutas,IF,IF:b_sem_taxas_absolutas,0.01,15,0,0.0,0.0,0.0
teste_final_2025,sensitivity,displacement,b_sem_taxas_absolutas,IF,IF:b_sem_taxas_absolutas,0.05,74,6,0.08108108108108109,0.008141112618724558,0.16216216216216217
teste_final_2025,sensitivity,displacement,b_sem_taxas_absolutas,IF,IF:b_sem_taxas_absolutas,0.1,148,35,0.23648648648648649,0.04748982360922659,0.47297297297297297
teste_final_2025,strict,all,c_sem_taxas_absolutas,AE,AE:c_sem_taxas_absolutas,0.01,56,45,0.8035714285714286,0.012221618685497012,1.2153963296345154
teste_final_2025,strict,all,c_sem_taxas_absolutas,AE,AE:c_sem_taxas_absolutas,0.05,279,212,0.7598566308243727,0.057577403585008145,1.1492779948563097
teste_final_2025,strict,all,c_sem_taxas_absolutas,AE,AE:c_sem_taxas_absolutas,0.1,557,431,0.7737881508078994,0.11705594785442694,1.1703493242393244
teste_final_2025,strict,insertion,c_sem_taxas_absolutas,AE,AE:c_sem_taxas_absolutas,0.01,54,43,0.7962962962962963,0.011977715877437326,1.1944444444444444
teste_final_2025,strict,insertion,c_sem_taxas_absolutas,AE,AE:c_sem_taxas_absolutas,0.05,270,210,0.7777777777777778,0.0584958217270195,1.1666666666666667
teste_final_2025,strict,insertion,c_sem_taxas_absolutas,AE,AE:c_sem_taxas_absolutas,0.1,539,428,0.7940630797773655,0.1192200557103064,1.1910946196660483
teste_final_2025,strict,displacement,c_sem_taxas_absolutas,AE,AE:c_sem_taxas_absolutas,0.01,2,1,0.5,0.010869565217391304,1.0
teste_final_2025,strict,displacement,c_sem_taxas_absolutas,AE,AE:c_sem_taxas_absolutas,0.05,10,3,0.3,0.03260869565217391,0.6
teste_final_2025,strict,displacement,c_sem_taxas_absolutas,AE,AE:c_sem_taxas_absolutas,0.1,19,5,0.2631578947368421,0.05434782608695652,0.5263157894736842
teste_final_2025,sensitivity,all,c_sem_taxas_absolutas,AE,AE:c_sem_taxas_absolutas,0.01,69,54,0.782608695652174,0.01247977813727756,1.2405622933853155
teste_final_2025,sensitivity,all,c_sem_taxas_absolutas,AE,AE:c_sem_taxas_absolutas,0.05,343,258,0.7521865889212828,0.05962560665588167,1.1923382975297152
teste_final_2025,sensitivity,all,c_sem_taxas_absolutas,AE,AE:c_sem_taxas_absolutas,0.1,686,529,0.7711370262390671,0.12225560434481164,1.222377828281433
teste_final_2025,sensitivity,insertion,c_sem_taxas_absolutas,AE,AE:c_sem_taxas_absolutas,0.01,54,43,0.7962962962962963,0.011977715877437326,1.1944444444444444
teste_final_2025,sensitivity,insertion,c_sem_taxas_absolutas,AE,AE:c_sem_taxas_absolutas,0.05,270,210,0.7777777777777778,0.0584958217270195,1.1666666666666667
teste_final_2025,sensitivity,insertion,c_sem_taxas_absolutas,AE,AE:c_sem_taxas_absolutas,0.1,539,428,0.7940630797773655,0.1192200557103064,1.1910946196660483
teste_final_2025,sensitivity,displacement,c_sem_taxas_absolutas,AE,AE:c_sem_taxas_absolutas,0.01,15,5,0.3333333333333333,0.0067842605156037995,0.6666666666666666
teste_final_2025,sensitivity,displacement,c_sem_taxas_absolutas,AE,AE:c_sem_taxas_absolutas,0.05,74,35,0.47297297297297297,0.04748982360922659,0.9459459459459459
teste_final_2025,sensitivity,displacement,c_sem_taxas_absolutas,AE,AE:c_sem_taxas_absolutas,0.1,148,67,0.4527027027027027,0.09090909090909091,0.9054054054054054
teste_final_2025,strict,all,c_sem_taxas_absolutas,IF,IF:c_sem_taxas_absolutas,0.01,56,52,0.9285714285714286,0.014122759369907659,1.4044579809109956
teste_final_2025,strict,all,c_sem_taxas_absolutas,IF,IF:c_sem_taxas_absolutas,0.05,279,233,0.8351254480286738,0.06328082563824008,1.2631215698184912
teste_final_2025,strict,all,c_sem_taxas_absolutas,IF,IF:c_sem_taxas_absolutas,0.1,557,478,0.8581687612208259,0.12982074959261272,1.297974424562406
teste_final_2025,strict,insertion,c_sem_taxas_absolutas,IF,IF:c_sem_taxas_absolutas,0.01,54,52,0.9629629629629629,0.014484679665738161,1.4444444444444444
teste_final_2025,strict,insertion,c_sem_taxas_absolutas,IF,IF:c_sem_taxas_absolutas,0.05,270,253,0.937037037037037,0.07047353760445682,1.4055555555555557
teste_final_2025,strict,insertion,c_sem_taxas_absolutas,IF,IF:c_sem_taxas_absolutas,0.1,539,508,0.9424860853432282,0.1415041782729805,1.4137291280148423
teste_final_2025,strict,displacement,c_sem_taxas_absolutas,IF,IF:c_sem_taxas_absolutas,0.01,2,0,0.0,0.0,0.0
teste_final_2025,strict,displacement,c_sem_taxas_absolutas,IF,IF:c_sem_taxas_absolutas,0.05,10,0,0.0,0.0,0.0
teste_final_2025,strict,displacement,c_sem_taxas_absolutas,IF,IF:c_sem_taxas_absolutas,0.1,19,0,0.0,0.0,0.0
teste_final_2025,sensitivity,all,c_sem_taxas_absolutas,IF,IF:c_sem_taxas_absolutas,0.01,69,60,0.8695652173913043,0.013866420152530621,1.3784025482059061
teste_final_2025,sensitivity,all,c_sem_taxas_absolutas,IF,IF:c_sem_taxas_absolutas,0.05,343,288,0.8396501457725948,0.06655881673214699,1.330982285614566
teste_final_2025,sensitivity,all,c_sem_taxas_absolutas,IF,IF:c_sem_taxas_absolutas,0.1,686,568,0.8279883381924198,0.13126877744395654,1.3124964205365859
teste_final_2025,sensitivity,insertion,c_sem_taxas_absolutas,IF,IF:c_sem_taxas_absolutas,0.01,54,52,0.9629629629629629,0.014484679665738161,1.4444444444444444
teste_final_2025,sensitivity,insertion,c_sem_taxas_absolutas,IF,IF:c_sem_taxas_absolutas,0.05,270,253,0.937037037037037,0.07047353760445682,1.4055555555555557
teste_final_2025,sensitivity,insertion,c_sem_taxas_absolutas,IF,IF:c_sem_taxas_absolutas,0.1,539,508,0.9424860853432282,0.1415041782729805,1.4137291280148423
teste_final_2025,sensitivity,displacement,c_sem_taxas_absolutas,IF,IF:c_sem_taxas_absolutas,0.01,15,4,0.26666666666666666,0.005427408412483039,0.5333333333333333
teste_final_2025,sensitivity,displacement,c_sem_taxas_absolutas,IF,IF:c_sem_taxas_absolutas,0.05,74,11,0.14864864864864866,0.014925373134328358,0.2972972972972973
teste_final_2025,sensitivity,displacement,c_sem_taxas_absolutas,IF,IF:c_sem_taxas_absolutas,0.1,148,41,0.27702702702702703,0.05563093622795115,0.5540540540540541
estresse_fusaka_2025,strict,all,a_completa,AE,AE:a_completa,0.01,12,0,0.0,0.0,0.0
estresse_fusaka_2025,strict,all,a_completa,AE,AE:a_completa,0.05,58,21,0.3620689655172414,0.02741514360313316,0.5483028720626631
estresse_fusaka_2025,strict,all,a_completa,AE,AE:a_completa,0.1,116,47,0.4051724137931034,0.06135770234986945,0.6135770234986945
estresse_fusaka_2025,strict,insertion,a_completa,AE,AE:a_completa,0.01,12,2,0.16666666666666666,0.0026845637583892616,0.2501118568232662
estresse_fusaka_2025,strict,insertion,a_completa,AE,AE:a_completa,0.05,56,21,0.375,0.028187919463087248,0.562751677852349
estresse_fusaka_2025,strict,insertion,a_completa,AE,AE:a_completa,0.1,112,52,0.4642857142857143,0.0697986577181208,0.6967401725790988
estresse_fusaka_2025,strict,displacement,a_completa,AE,AE:a_completa,0.01,1,0,0.0,0.0,0.0
estresse_fusaka_2025,strict,displacement,a_completa,AE,AE:a_completa,0.05,3,0,0.0,0.0,0.0
estresse_fusaka_2025,strict,displacement,a_completa,AE,AE:a_completa,0.1,5,0,0.0,0.0,0.0
estresse_fusaka_2025,sensitivity,all,a_completa,AE,AE:a_completa,0.01,13,0,0.0,0.0,0.0
estresse_fusaka_2025,sensitivity,all,a_completa,AE,AE:a_completa,0.05,64,22,0.34375,0.026862026862026864,0.5313644688644689
estresse_fusaka_2025,sensitivity,all,a_completa,AE,AE:a_completa,0.1,127,52,0.4094488188976378,0.06349206349206349,0.6329208848893888
estresse_fusaka_2025,sensitivity,insertion,a_completa,AE,AE:a_completa,0.01,12,2,0.16666666666666666,0.0026845637583892616,0.2501118568232662
estresse_fusaka_2025,sensitivity,insertion,a_completa,AE,AE:a_completa,0.05,56,21,0.375,0.028187919463087248,0.562751677852349
estresse_fusaka_2025,sensitivity,insertion,a_completa,AE,AE:a_completa,0.1,112,52,0.4642857142857143,0.0697986577181208,0.6967401725790988
estresse_fusaka_2025,sensitivity,displacement,a_completa,AE,AE:a_completa,0.01,2,0,0.0,0.0,0.0
estresse_fusaka_2025,sensitivity,displacement,a_completa,AE,AE:a_completa,0.05,8,0,0.0,0.0,0.0
estresse_fusaka_2025,sensitivity,displacement,a_completa,AE,AE:a_completa,0.1,15,3,0.2,0.04054054054054054,0.4
estresse_fusaka_2025,strict,all,a_completa,IF,IF:a_completa,0.01,12,2,0.16666666666666666,0.0026109660574412533,0.25239338555265445
estresse_fusaka_2025,strict,all,a_completa,IF,IF:a_completa,0.05,58,39,0.6724137931034483,0.050913838120104436,1.0182767624020888
estresse_fusaka_2025,strict,all,a_completa,IF,IF:a_completa,0.1,116,90,0.7758620689655172,0.1174934725848564,1.1749347258485638
estresse_fusaka_2025,strict,insertion,a_completa,IF,IF:a_completa,0.01,12,11,0.9166666666666666,0.01476510067114094,1.3756152125279641
estresse_fusaka_2025,strict,insertion,a_completa,IF,IF:a_completa,0.05,56,53,0.9464285714285714,0.07114093959731543,1.4202780441035474
estresse_fusaka_2025,strict,insertion,a_completa,IF,IF:a_completa,0.1,112,103,0.9196428571428571,0.138255033557047,1.3800814956855225
estresse_fusaka_2025,strict,displacement,a_completa,IF,IF:a_completa,0.01,1,0,0.0,0.0,0.0
estresse_fusaka_2025,strict,displacement,a_completa,IF,IF:a_completa,0.05,3,0,0.0,0.0,0.0
estresse_fusaka_2025,strict,displacement,a_completa,IF,IF:a_completa,0.1,5,0,0.0,0.0,0.0
estresse_fusaka_2025,sensitivity,all,a_completa,IF,IF:a_completa,0.01,13,2,0.15384615384615385,0.002442002442002442,0.2378134685826994
estresse_fusaka_2025,sensitivity,all,a_completa,IF,IF:a_completa,0.05,64,44,0.6875,0.05372405372405373,1.0627289377289377
estresse_fusaka_2025,sensitivity,all,a_completa,IF,IF:a_completa,0.1,127,94,0.7401574803149606,0.11477411477411477,1.1441262149923568
estresse_fusaka_2025,sensitivity,insertion,a_completa,IF,IF:a_completa,0.01,12,11,0.9166666666666666,0.01476510067114094,1.3756152125279641
estresse_fusaka_2025,sensitivity,insertion,a_completa,IF,IF:a_completa,0.05,56,53,0.9464285714285714,0.07114093959731543,1.4202780441035474
estresse_fusaka_2025,sensitivity,insertion,a_completa,IF,IF:a_completa,0.1,112,103,0.9196428571428571,0.138255033557047,1.3800814956855225
estresse_fusaka_2025,sensitivity,displacement,a_completa,IF,IF:a_completa,0.01,2,0,0.0,0.0,0.0
estresse_fusaka_2025,sensitivity,displacement,a_completa,IF,IF:a_completa,0.05,8,0,0.0,0.0,0.0
estresse_fusaka_2025,sensitivity,displacement,a_completa,IF,IF:a_completa,0.1,15,1,0.06666666666666667,0.013513513513513514,0.13333333333333333
estresse_fusaka_2025,strict,all,b_completa,AE,AE:b_completa,0.01,12,2,0.16666666666666666,0.0026109660574412533,0.25239338555265445
estresse_fusaka_2025,strict,all,b_completa,AE,AE:b_completa,0.05,58,13,0.22413793103448276,0.016971279373368148,0.3394255874673629
estresse_fusaka_2025,strict,all,b_completa,AE,AE:b_completa,0.1,116,44,0.3793103448275862,0.057441253263707574,0.5744125326370757
estresse_fusaka_2025,strict,insertion,b_completa,AE,AE:b_completa,0.01,12,2,0.16666666666666666,0.0026845637583892616,0.2501118568232662
estresse_fusaka_2025,strict,insertion,b_completa,AE,AE:b_completa,0.05,56,11,0.19642857142857142,0.01476510067114094,0.29477468839884946
estresse_fusaka_2025,strict,insertion,b_completa,AE,AE:b_completa,0.1,112,42,0.375,0.056375838926174496,0.562751677852349
estresse_fusaka_2025,strict,displacement,b_completa,AE,AE:b_completa,0.01,1,1,1.0,0.047619047619047616,2.0
estresse_fusaka_2025,strict,displacement,b_completa,AE,AE:b_completa,0.05,3,1,0.3333333333333333,0.047619047619047616,0.6666666666666666
estresse_fusaka_2025,strict,displacement,b_completa,AE,AE:b_completa,0.1,5,2,0.4,0.09523809523809523,0.8
estresse_fusaka_2025,sensitivity,all,b_completa,AE,AE:b_completa,0.01,13,2,0.15384615384615385,0.002442002442002442,0.2378134685826994
estresse_fusaka_2025,sensitivity,all,b_completa,AE,AE:b_completa,0.05,64,15,0.234375,0.018315018315018316,0.3622939560439561
estresse_fusaka_2025,sensitivity,all,b_completa,AE,AE:b_completa,0.1,127,49,0.3858267716535433,0.05982905982905983,0.5964062184534625
estresse_fusaka_2025,sensitivity,insertion,b_completa,AE,AE:b_completa,0.01,12,2,0.16666666666666666,0.0026845637583892616,0.2501118568232662
estresse_fusaka_2025,sensitivity,insertion,b_completa,AE,AE:b_completa,0.05,56,11,0.19642857142857142,0.01476510067114094,0.29477468839884946
estresse_fusaka_2025,sensitivity,insertion,b_completa,AE,AE:b_completa,0.1,112,42,0.375,0.056375838926174496,0.562751677852349
estresse_fusaka_2025,sensitivity,displacement,b_completa,AE,AE:b_completa,0.01,2,0,0.0,0.0,0.0
estresse_fusaka_2025,sensitivity,displacement,b_completa,AE,AE:b_completa,0.05,8,4,0.5,0.05405405405405406,1.0
estresse_fusaka_2025,sensitivity,displacement,b_completa,AE,AE:b_completa,0.1,15,7,0.4666666666666667,0.0945945945945946,0.9333333333333333
estresse_fusaka_2025,strict,all,b_completa,IF,IF:b_completa,0.01,12,3,0.25,0.0039164490861618795,0.37859007832898167
estresse_fusaka_2025,strict,all,b_completa,IF,IF:b_completa,0.05,58,42,0.7241379310344828,0.05483028720626632,1.0966057441253263
estresse_fusaka_2025,strict,all,b_completa,IF,IF:b_completa,0.1,116,98,0.8448275862068966,0.1279373368146214,1.279373368146214
estresse_fusaka_2025,strict,insertion,b_completa,IF,IF:b_completa,0.01,12,12,1.0,0.016107382550335572,1.5006711409395974
estresse_fusaka_2025,strict,insertion,b_completa,IF,IF:b_completa,0.05,56,55,0.9821428571428571,0.0738255033557047,1.4738734419942474
estresse_fusaka_2025,strict,insertion,b_completa,IF,IF:b_completa,0.1,112,110,0.9821428571428571,0.1476510067114094,1.4738734419942474
estresse_fusaka_2025,strict,displacement,b_completa,IF,IF:b_completa,0.01,1,0,0.0,0.0,0.0
estresse_fusaka_2025,strict,displacement,b_completa,IF,IF:b_completa,0.05,3,0,0.0,0.0,0.0
estresse_fusaka_2025,strict,displacement,b_completa,IF,IF:b_completa,0.1,5,0,0.0,0.0,0.0
estresse_fusaka_2025,sensitivity,all,b_completa,IF,IF:b_completa,0.01,13,4,0.3076923076923077,0.004884004884004884,0.4756269371653988
estresse_fusaka_2025,sensitivity,all,b_completa,IF,IF:b_completa,0.05,64,47,0.734375,0.057387057387057384,1.135187728937729
estresse_fusaka_2025,sensitivity,all,b_completa,IF,IF:b_completa,0.1,127,109,0.8582677165354331,0.1330891330891331,1.3266995471719882
estresse_fusaka_2025,sensitivity,insertion,b_completa,IF,IF:b_completa,0.01,12,12,1.0,0.016107382550335572,1.5006711409395974
estresse_fusaka_2025,sensitivity,insertion,b_completa,IF,IF:b_completa,0.05,56,55,0.9821428571428571,0.0738255033557047,1.4738734419942474
estresse_fusaka_2025,sensitivity,insertion,b_completa,IF,IF:b_completa,0.1,112,110,0.9821428571428571,0.1476510067114094,1.4738734419942474
estresse_fusaka_2025,sensitivity,displacement,b_completa,IF,IF:b_completa,0.01,2,0,0.0,0.0,0.0
estresse_fusaka_2025,sensitivity,displacement,b_completa,IF,IF:b_completa,0.05,8,0,0.0,0.0,0.0
estresse_fusaka_2025,sensitivity,displacement,b_completa,IF,IF:b_completa,0.1,15,0,0.0,0.0,0.0
estresse_fusaka_2025,strict,all,c_completa,AE,AE:c_completa,0.01,12,7,0.5833333333333334,0.009138381201044387,0.8833768494342907
estresse_fusaka_2025,strict,all,c_completa,AE,AE:c_completa,0.05,58,34,0.5862068965517241,0.044386422976501305,0.887728459530026
estresse_fusaka_2025,strict,all,c_completa,AE,AE:c_completa,0.1,116,68,0.5862068965517241,0.08877284595300261,0.887728459530026
estresse_fusaka_2025,strict,insertion,c_completa,AE,AE:c_completa,0.01,12,7,0.5833333333333334,0.009395973154362415,0.8753914988814319
estresse_fusaka_2025,strict,insertion,c_completa,AE,AE:c_completa,0.05,56,34,0.6071428571428571,0.04563758389261745,0.9111217641418983
estresse_fusaka_2025,strict,insertion,c_completa,AE,AE:c_completa,0.1,112,66,0.5892857142857143,0.08859060402684564,0.8843240651965485
estresse_fusaka_2025,strict,displacement,c_completa,AE,AE:c_completa,0.01,1,0,0.0,0.0,0.0
estresse_fusaka_2025,strict,displacement,c_completa,AE,AE:c_completa,0.05,3,0,0.0,0.0,0.0
estresse_fusaka_2025,strict,displacement,c_completa,AE,AE:c_completa,0.1,5,2,0.4,0.09523809523809523,0.8
estresse_fusaka_2025,sensitivity,all,c_completa,AE,AE:c_completa,0.01,13,8,0.6153846153846154,0.009768009768009768,0.9512538743307976
estresse_fusaka_2025,sensitivity,all,c_completa,AE,AE:c_completa,0.05,64,37,0.578125,0.045177045177045176,0.893658424908425
estresse_fusaka_2025,sensitivity,all,c_completa,AE,AE:c_completa,0.1,127,72,0.5669291338582677,0.08791208791208792,0.8763519944622307
estresse_fusaka_2025,sensitivity,insertion,c_completa,AE,AE:c_completa,0.01,12,7,0.5833333333333334,0.009395973154362415,0.8753914988814319
estresse_fusaka_2025,sensitivity,insertion,c_completa,AE,AE:c_completa,0.05,56,34,0.6071428571428571,0.04563758389261745,0.9111217641418983
estresse_fusaka_2025,sensitivity,insertion,c_completa,AE,AE:c_completa,0.1,112,66,0.5892857142857143,0.08859060402684564,0.8843240651965485
estresse_fusaka_2025,sensitivity,displacement,c_completa,AE,AE:c_completa,0.01,2,1,0.5,0.013513513513513514,1.0
estresse_fusaka_2025,sensitivity,displacement,c_completa,AE,AE:c_completa,0.05,8,3,0.375,0.04054054054054054,0.75
estresse_fusaka_2025,sensitivity,displacement,c_completa,AE,AE:c_completa,0.1,15,6,0.4,0.08108108108108109,0.8
estresse_fusaka_2025,strict,all,c_completa,IF,IF:c_completa,0.01,12,8,0.6666666666666666,0.010443864229765013,1.0095735422106178
estresse_fusaka_2025,strict,all,c_completa,IF,IF:c_completa,0.05,58,46,0.7931034482758621,0.06005221932114883,1.2010443864229765
estresse_fusaka_2025,strict,all,c_completa,IF,IF:c_completa,0.1,116,100,0.8620689655172413,0.13054830287206268,1.3054830287206265
estresse_fusaka_2025,strict,insertion,c_completa,IF,IF:c_completa,0.01,12,12,1.0,0.016107382550335572,1.5006711409395974
estresse_fusaka_2025,strict,insertion,c_completa,IF,IF:c_completa,0.05,56,55,0.9821428571428571,0.0738255033557047,1.4738734419942474
estresse_fusaka_2025,strict,insertion,c_completa,IF,IF:c_completa,0.1,112,110,0.9821428571428571,0.1476510067114094,1.4738734419942474
estresse_fusaka_2025,strict,displacement,c_completa,IF,IF:c_completa,0.01,1,0,0.0,0.0,0.0
estresse_fusaka_2025,strict,displacement,c_completa,IF,IF:c_completa,0.05,3,0,0.0,0.0,0.0
estresse_fusaka_2025,strict,displacement,c_completa,IF,IF:c_completa,0.1,5,0,0.0,0.0,0.0
estresse_fusaka_2025,sensitivity,all,c_completa,IF,IF:c_completa,0.01,13,8,0.6153846153846154,0.009768009768009768,0.9512538743307976
estresse_fusaka_2025,sensitivity,all,c_completa,IF,IF:c_completa,0.05,64,52,0.8125,0.06349206349206349,1.255952380952381
estresse_fusaka_2025,sensitivity,all,c_completa,IF,IF:c_completa,0.1,127,107,0.84251968503937,0.13064713064713065,1.302356436214704
estresse_fusaka_2025,sensitivity,insertion,c_completa,IF,IF:c_completa,0.01,12,12,1.0,0.016107382550335572,1.5006711409395974
estresse_fusaka_2025,sensitivity,insertion,c_completa,IF,IF:c_completa,0.05,56,55,0.9821428571428571,0.0738255033557047,1.4738734419942474
estresse_fusaka_2025,sensitivity,insertion,c_completa,IF,IF:c_completa,0.1,112,110,0.9821428571428571,0.1476510067114094,1.4738734419942474
estresse_fusaka_2025,sensitivity,displacement,c_completa,IF,IF:c_completa,0.01,2,0,0.0,0.0,0.0
estresse_fusaka_2025,sensitivity,displacement,c_completa,IF,IF:c_completa,0.05,8,0,0.0,0.0,0.0
estresse_fusaka_2025,sensitivity,displacement,c_completa,IF,IF:c_completa,0.1,15,1,0.06666666666666667,0.013513513513513514,0.13333333333333333
estresse_fusaka_2025,strict,all,b_sem_taxas_absolutas,AE,AE:b_sem_taxas_absolutas,0.01,12,10,0.8333333333333334,0.013054830287206266,1.2619669277632724
estresse_fusaka_2025,strict,all,b_sem_taxas_absolutas,AE,AE:b_sem_taxas_absolutas,0.05,58,55,0.9482758620689655,0.07180156657963446,1.4360313315926891
estresse_fusaka_2025,strict,all,b_sem_taxas_absolutas,AE,AE:b_sem_taxas_absolutas,0.1,116,104,0.896551724137931,0.13577023498694518,1.3577023498694516
estresse_fusaka_2025,strict,insertion,b_sem_taxas_absolutas,AE,AE:b_sem_taxas_absolutas,0.01,12,10,0.8333333333333334,0.013422818791946308,1.250559284116331
estresse_fusaka_2025,strict,insertion,b_sem_taxas_absolutas,AE,AE:b_sem_taxas_absolutas,0.05,56,53,0.9464285714285714,0.07114093959731543,1.4202780441035474
estresse_fusaka_2025,strict,insertion,b_sem_taxas_absolutas,AE,AE:b_sem_taxas_absolutas,0.1,112,102,0.9107142857142857,0.13691275167785236,1.3666826462128476
estresse_fusaka_2025,strict,displacement,b_sem_taxas_absolutas,AE,AE:b_sem_taxas_absolutas,0.01,1,0,0.0,0.0,0.0
estresse_fusaka_2025,strict,displacement,b_sem_taxas_absolutas,AE,AE:b_sem_taxas_absolutas,0.05,3,0,0.0,0.0,0.0
estresse_fusaka_2025,strict,displacement,b_sem_taxas_absolutas,AE,AE:b_sem_taxas_absolutas,0.1,5,0,0.0,0.0,0.0
estresse_fusaka_2025,sensitivity,all,b_sem_taxas_absolutas,AE,AE:b_sem_taxas_absolutas,0.01,13,11,0.8461538461538461,0.013431013431013432,1.3079740772048465
estresse_fusaka_2025,sensitivity,all,b_sem_taxas_absolutas,AE,AE:b_sem_taxas_absolutas,0.05,64,59,0.921875,0.07203907203907203,1.425022893772894
estresse_fusaka_2025,sensitivity,all,b_sem_taxas_absolutas,AE,AE:b_sem_taxas_absolutas,0.1,127,113,0.889763779527559,0.13797313797313798,1.3753857690865565
estresse_fusaka_2025,sensitivity,insertion,b_sem_taxas_absolutas,AE,AE:b_sem_taxas_absolutas,0.01,12,10,0.8333333333333334,0.013422818791946308,1.250559284116331
estresse_fusaka_2025,sensitivity,insertion,b_sem_taxas_absolutas,AE,AE:b_sem_taxas_absolutas,0.05,56,53,0.9464285714285714,0.07114093959731543,1.4202780441035474
estresse_fusaka_2025,sensitivity,insertion,b_sem_taxas_absolutas,AE,AE:b_sem_taxas_absolutas,0.1,112,102,0.9107142857142857,0.13691275167785236,1.3666826462128476
estresse_fusaka_2025,sensitivity,displacement,b_sem_taxas_absolutas,AE,AE:b_sem_taxas_absolutas,0.01,2,0,0.0,0.0,0.0
estresse_fusaka_2025,sensitivity,displacement,b_sem_taxas_absolutas,AE,AE:b_sem_taxas_absolutas,0.05,8,2,0.25,0.02702702702702703,0.5
estresse_fusaka_2025,sensitivity,displacement,b_sem_taxas_absolutas,AE,AE:b_sem_taxas_absolutas,0.1,15,4,0.26666666666666666,0.05405405405405406,0.5333333333333333
estresse_fusaka_2025,strict,all,b_sem_taxas_absolutas,IF,IF:b_sem_taxas_absolutas,0.01,12,10,0.8333333333333334,0.013054830287206266,1.2619669277632724
estresse_fusaka_2025,strict,all,b_sem_taxas_absolutas,IF,IF:b_sem_taxas_absolutas,0.05,58,34,0.5862068965517241,0.044386422976501305,0.887728459530026
estresse_fusaka_2025,strict,all,b_sem_taxas_absolutas,IF,IF:b_sem_taxas_absolutas,0.1,116,78,0.6724137931034483,0.10182767624020887,1.0182767624020888
estresse_fusaka_2025,strict,insertion,b_sem_taxas_absolutas,IF,IF:b_sem_taxas_absolutas,0.01,12,12,1.0,0.016107382550335572,1.5006711409395974
estresse_fusaka_2025,strict,insertion,b_sem_taxas_absolutas,IF,IF:b_sem_taxas_absolutas,0.05,56,48,0.8571428571428571,0.06442953020134229,1.2862895493767976
estresse_fusaka_2025,strict,insertion,b_sem_taxas_absolutas,IF,IF:b_sem_taxas_absolutas,0.1,112,92,0.8214285714285714,0.12348993288590604,1.2326941514860978
estresse_fusaka_2025,strict,displacement,b_sem_taxas_absolutas,IF,IF:b_sem_taxas_absolutas,0.01,1,0,0.0,0.0,0.0
estresse_fusaka_2025,strict,displacement,b_sem_taxas_absolutas,IF,IF:b_sem_taxas_absolutas,0.05,3,0,0.0,0.0,0.0
estresse_fusaka_2025,strict,displacement,b_sem_taxas_absolutas,IF,IF:b_sem_taxas_absolutas,0.1,5,0,0.0,0.0,0.0
estresse_fusaka_2025,sensitivity,all,b_sem_taxas_absolutas,IF,IF:b_sem_taxas_absolutas,0.01,13,11,0.8461538461538461,0.013431013431013432,1.3079740772048465
estresse_fusaka_2025,sensitivity,all,b_sem_taxas_absolutas,IF,IF:b_sem_taxas_absolutas,0.05,64,36,0.5625,0.04395604395604396,0.8695054945054945
estresse_fusaka_2025,sensitivity,all,b_sem_taxas_absolutas,IF,IF:b_sem_taxas_absolutas,0.1,127,81,0.6377952755905512,0.0989010989010989,0.9858959937700096
estresse_fusaka_2025,sensitivity,insertion,b_sem_taxas_absolutas,IF,IF:b_sem_taxas_absolutas,0.01,12,12,1.0,0.016107382550335572,1.5006711409395974
estresse_fusaka_2025,sensitivity,insertion,b_sem_taxas_absolutas,IF,IF:b_sem_taxas_absolutas,0.05,56,48,0.8571428571428571,0.06442953020134229,1.2862895493767976
estresse_fusaka_2025,sensitivity,insertion,b_sem_taxas_absolutas,IF,IF:b_sem_taxas_absolutas,0.1,112,92,0.8214285714285714,0.12348993288590604,1.2326941514860978
estresse_fusaka_2025,sensitivity,displacement,b_sem_taxas_absolutas,IF,IF:b_sem_taxas_absolutas,0.01,2,1,0.5,0.013513513513513514,1.0
estresse_fusaka_2025,sensitivity,displacement,b_sem_taxas_absolutas,IF,IF:b_sem_taxas_absolutas,0.05,8,3,0.375,0.04054054054054054,0.75
estresse_fusaka_2025,sensitivity,displacement,b_sem_taxas_absolutas,IF,IF:b_sem_taxas_absolutas,0.1,15,5,0.3333333333333333,0.06756756756756757,0.6666666666666666
estresse_fusaka_2025,strict,all,c_sem_taxas_absolutas,AE,AE:c_sem_taxas_absolutas,0.01,12,9,0.75,0.01174934725848564,1.1357702349869452
estresse_fusaka_2025,strict,all,c_sem_taxas_absolutas,AE,AE:c_sem_taxas_absolutas,0.05,58,44,0.7586206896551724,0.057441253263707574,1.1488250652741514
estresse_fusaka_2025,strict,all,c_sem_taxas_absolutas,AE,AE:c_sem_taxas_absolutas,0.1,116,90,0.7758620689655172,0.1174934725848564,1.1749347258485638
estresse_fusaka_2025,strict,insertion,c_sem_taxas_absolutas,AE,AE:c_sem_taxas_absolutas,0.01,12,9,0.75,0.012080536912751677,1.125503355704698
estresse_fusaka_2025,strict,insertion,c_sem_taxas_absolutas,AE,AE:c_sem_taxas_absolutas,0.05,56,44,0.7857142857142857,0.05906040268456376,1.1790987535953978
estresse_fusaka_2025,strict,insertion,c_sem_taxas_absolutas,AE,AE:c_sem_taxas_absolutas,0.1,112,88,0.7857142857142857,0.11812080536912752,1.1790987535953978
estresse_fusaka_2025,strict,displacement,c_sem_taxas_absolutas,AE,AE:c_sem_taxas_absolutas,0.01,1,0,0.0,0.0,0.0
estresse_fusaka_2025,strict,displacement,c_sem_taxas_absolutas,AE,AE:c_sem_taxas_absolutas,0.05,3,0,0.0,0.0,0.0
estresse_fusaka_2025,strict,displacement,c_sem_taxas_absolutas,AE,AE:c_sem_taxas_absolutas,0.1,5,0,0.0,0.0,0.0
estresse_fusaka_2025,sensitivity,all,c_sem_taxas_absolutas,AE,AE:c_sem_taxas_absolutas,0.01,13,10,0.7692307692307693,0.01221001221001221,1.1890673429134968
estresse_fusaka_2025,sensitivity,all,c_sem_taxas_absolutas,AE,AE:c_sem_taxas_absolutas,0.05,64,47,0.734375,0.057387057387057384,1.135187728937729
estresse_fusaka_2025,sensitivity,all,c_sem_taxas_absolutas,AE,AE:c_sem_taxas_absolutas,0.1,127,95,0.7480314960629921,0.115995115995116,1.156297770470999
estresse_fusaka_2025,sensitivity,insertion,c_sem_taxas_absolutas,AE,AE:c_sem_taxas_absolutas,0.01,12,9,0.75,0.012080536912751677,1.125503355704698
estresse_fusaka_2025,sensitivity,insertion,c_sem_taxas_absolutas,AE,AE:c_sem_taxas_absolutas,0.05,56,44,0.7857142857142857,0.05906040268456376,1.1790987535953978
estresse_fusaka_2025,sensitivity,insertion,c_sem_taxas_absolutas,AE,AE:c_sem_taxas_absolutas,0.1,112,88,0.7857142857142857,0.11812080536912752,1.1790987535953978
estresse_fusaka_2025,sensitivity,displacement,c_sem_taxas_absolutas,AE,AE:c_sem_taxas_absolutas,0.01,2,1,0.5,0.013513513513513514,1.0
estresse_fusaka_2025,sensitivity,displacement,c_sem_taxas_absolutas,AE,AE:c_sem_taxas_absolutas,0.05,8,4,0.5,0.05405405405405406,1.0
estresse_fusaka_2025,sensitivity,displacement,c_sem_taxas_absolutas,AE,AE:c_sem_taxas_absolutas,0.1,15,7,0.4666666666666667,0.0945945945945946,0.9333333333333333
estresse_fusaka_2025,strict,all,c_sem_taxas_absolutas,IF,IF:c_sem_taxas_absolutas,0.01,12,11,0.9166666666666666,0.014360313315926894,1.3881636205395995
estresse_fusaka_2025,strict,all,c_sem_taxas_absolutas,IF,IF:c_sem_taxas_absolutas,0.05,58,46,0.7931034482758621,0.06005221932114883,1.2010443864229765
estresse_fusaka_2025,strict,all,c_sem_taxas_absolutas,IF,IF:c_sem_taxas_absolutas,0.1,116,93,0.8017241379310345,0.12140992167101827,1.2140992167101827
estresse_fusaka_2025,strict,insertion,c_sem_taxas_absolutas,IF,IF:c_sem_taxas_absolutas,0.01,12,12,1.0,0.016107382550335572,1.5006711409395974
estresse_fusaka_2025,strict,insertion,c_sem_taxas_absolutas,IF,IF:c_sem_taxas_absolutas,0.05,56,51,0.9107142857142857,0.06845637583892618,1.3666826462128476
estresse_fusaka_2025,strict,insertion,c_sem_taxas_absolutas,IF,IF:c_sem_taxas_absolutas,0.1,112,101,0.9017857142857143,0.13557046979865772,1.3532837967401727
estresse_fusaka_2025,strict,displacement,c_sem_taxas_absolutas,IF,IF:c_sem_taxas_absolutas,0.01,1,0,0.0,0.0,0.0
estresse_fusaka_2025,strict,displacement,c_sem_taxas_absolutas,IF,IF:c_sem_taxas_absolutas,0.05,3,0,0.0,0.0,0.0
estresse_fusaka_2025,strict,displacement,c_sem_taxas_absolutas,IF,IF:c_sem_taxas_absolutas,0.1,5,0,0.0,0.0,0.0
estresse_fusaka_2025,sensitivity,all,c_sem_taxas_absolutas,IF,IF:c_sem_taxas_absolutas,0.01,13,10,0.7692307692307693,0.01221001221001221,1.1890673429134968
estresse_fusaka_2025,sensitivity,all,c_sem_taxas_absolutas,IF,IF:c_sem_taxas_absolutas,0.05,64,46,0.71875,0.05616605616605617,1.1110347985347986
estresse_fusaka_2025,sensitivity,all,c_sem_taxas_absolutas,IF,IF:c_sem_taxas_absolutas,0.1,127,94,0.7401574803149606,0.11477411477411477,1.1441262149923568
estresse_fusaka_2025,sensitivity,insertion,c_sem_taxas_absolutas,IF,IF:c_sem_taxas_absolutas,0.01,12,12,1.0,0.016107382550335572,1.5006711409395974
estresse_fusaka_2025,sensitivity,insertion,c_sem_taxas_absolutas,IF,IF:c_sem_taxas_absolutas,0.05,56,51,0.9107142857142857,0.06845637583892618,1.3666826462128476
estresse_fusaka_2025,sensitivity,insertion,c_sem_taxas_absolutas,IF,IF:c_sem_taxas_absolutas,0.1,112,101,0.9017857142857143,0.13557046979865772,1.3532837967401727
estresse_fusaka_2025,sensitivity,displacement,c_sem_taxas_absolutas,IF,IF:c_sem_taxas_absolutas,0.01,2,1,0.5,0.013513513513513514,1.0
estresse_fusaka_2025,sensitivity,displacement,c_sem_taxas_absolutas,IF,IF:c_sem_taxas_absolutas,0.05,8,4,0.5,0.05405405405405406,1.0
estresse_fusaka_2025,sensitivity,displacement,c_sem_taxas_absolutas,IF,IF:c_sem_taxas_absolutas,0.1,15,6,0.4,0.08108108108108109,0.8
